id,firstname,lastname,email,phone,birthday,gender,website,image,street,streetName,buildingNumber,city,zipcode,country,country_code,latitude,longitude
1,Marcelle,Casper,dbergnaum@breitenberg.com,13523725894,1951-12-05,female,http://dickens.org,http://placeimg.com/640/480/people,89487 Isac Viaduct,Daugherty Garden,3841,Cummeratafort,46809,Tajikistan,TJ,82.791356,-139.77256
2,Graham,Mayert,xziemann@yahoo.com,15403479220,1989-07-15,male,http://gorczany.com,http://placeimg.com/640/480/people,99859 Darwin Extension Suite 527,Lera Mission,3034,Schowalterview,09496,Bangladesh,BD,-1.456781,-149.85494
3,Marge,Price,hillary.koss@miller.com,15084584407,1987-02-04,female,http://mann.com,http://placeimg.com/640/480/people,87798 Fisher Gardens Suite 609,Isabelle Mall,21017,Maxieberg,25765-9011,Sri Lanka,LK,-43.807039,162.561286
4,Cletus,Kuhlman,kayleigh.johnston@jacobs.org,16295958279,1985-09-18,male,http://schmitt.net,http://placeimg.com/640/480/people,5902 Mayert Route,Stamm Via,611,Port Verdie,18572-4646,North Korea,KP,-69.726259,-39.730208
5,Estell,Waelchi,stone.kautzer@abbott.org,15677144712,2007-12-30,female,http://ziemann.biz,http://placeimg.com/640/480/people,355 Tyra Fall Suite 916,Vladimir Pines,6982,West Marlene,52021-9744,Namibia,NA,25.936428,-143.423456
6,Vicente,Jacobs,bruen.hayley@schimmel.org,15742510869,2018-07-14,male,http://wuckert.com,http://placeimg.com/640/480/people,38126 Ebert Plains Suite 878,Vella Land,39718,Lake Kelvin,59207-3307,Gabon,GA,18.46148,-71.20527
7,Megane,Thompson,ortiz.al@yahoo.com,13139091163,1963-08-01,female,http://johns.biz,http://placeimg.com/640/480/people,3670 Meaghan Causeway,Cormier Valleys,3404,North Virginie,78086,Mayotte,YT,-82.832107,-78.830042
8,Dimitri,Reynolds,dietrich.keon@dach.com,14258860144,1994-03-19,male,http://bahringer.com,http://placeimg.com/640/480/people,4545 Rau Haven Apt. 781,Considine Squares,77010,Lake Levishire,94568,Gibraltar,GI,73.766686,-17.160773
9,Alek,Glover,ywest@hotmail.com,19012429429,1981-10-28,male,http://jacobs.net,http://placeimg.com/640/480/people,387 Luisa Vista,Waters Cliff,63075,Lilyland,23047,Eritrea,ER,1.598426,-163.151054
10,Orlo,Hauck,nokeefe@ortiz.com,19014493372,2021-01-06,male,http://douglas.com,http://placeimg.com/640/480/people,777 Trevor Spring Apt. 297,Nikolas Plaza,7016,Port Jamir,41402,Vanuatu,VU,-56.340412,51.68695
11,Zoey,Roberts,miracle28@hotmail.com,15077138663,1980-12-16,female,http://dubuque.net,http://placeimg.com/640/480/people,73511 Jeanette Road Suite 714,Thiel Mountain,9150,West Emileberg,50069-1545,Ethiopia,ET,-56.016262,-158.058249
12,Bernadine,Kshlerin,immanuel.hauck@yahoo.com,19294664074,1960-06-02,female,http://effertz.com,http://placeimg.com/640/480/people,54588 Beatty Ports,Tromp Skyway,89211,East Micheal,45194,Sweden,SE,61.906012,4.219051
13,Gussie,Nitzsche,jan.feest@yahoo.com,12396797840,1963-10-30,male,http://huels.info,http://placeimg.com/640/480/people,38346 Gerhold Curve Suite 733,Kohler Motorway,1058,South Mohamedmouth,38776,Mali,ML,73.744957,-25.911032
14,Devon,Abbott,moises.ryan@hotmail.com,17722874823,1943-07-17,male,http://hermann.com,http://placeimg.com/640/480/people,59080 Macejkovic Point,Jairo Summit,462,Creminbury,73957-9688,China,CN,10.308659,-96.475701
15,Shyanne,O'Keefe,smith.fernando@baumbach.com,15808711072,1948-10-14,female,http://kertzmann.com,http://placeimg.com/640/480/people,56489 Carmela View,Bashirian Highway,81060,North Savanahland,31915,Nigeria,NG,15.809649,82.240837
16,Birdie,Block,agnes65@gmail.com,16517367777,1974-01-02,female,http://bailey.biz,http://placeimg.com/640/480/people,5254 Nadia Forge,Homenick Park,2394,Port Dionstad,73062,Chile,CL,67.034652,-72.018258
17,Priscilla,Thiel,fredy81@yahoo.com,12313485440,1950-10-08,female,http://fritsch.com,http://placeimg.com/640/480/people,7095 Kuhic Brooks,Fredrick Valleys,48936,New Kayleighmouth,56758-2874,Sudan,SD,-19.557406,134.762703
18,Verona,Pouros,roberbrunner@yahoo.com,16782353540,2003-01-14,female,http://altenwerth.com,http://placeimg.com/640/480/people,782 Thiel Vista Suite 170,Fisher Harbors,54004,East Kane,95687-9407,Denmark,DK,20.296706,133.225551
19,Rusty,Hettinger,schaefer.monique@schmitt.com,13869633808,1975-11-11,male,http://grady.com,http://placeimg.com/640/480/people,9407 Gayle Groves Suite 712,Kris Forks,5348,East Albin,40684,Guadeloupe,GP,-36.656691,146.247164
20,Devante,Bartoletti,jakubowski.elza@yahoo.com,14343272435,2016-09-27,male,http://legros.biz,http://placeimg.com/640/480/people,20325 Lucio Place Apt. 297,Ratke Drive,5232,Lorenzomouth,89514-1140,Laos,LA,49.25379,105.783576
21,Delphia,Towne,eledner@hotmail.com,18788836900,1943-07-02,female,http://fadel.org,http://placeimg.com/640/480/people,4155 Gislason Ridges Suite 704,Cormier Skyway,4583,Augustusstad,49624,Guadeloupe,GP,23.805405,178.568406
22,Noel,Welch,jacques.dach@pfeffer.com,17048047644,1957-12-24,male,http://macejkovic.org,http://placeimg.com/640/480/people,29652 Jeramie Ports Suite 358,Eldon Well,209,South Ruthe,86584-3121,Türkiye,TR,7.573568,-118.752275
23,Louie,Howell,kilback.phoebe@gmail.com,17603814851,1958-08-04,male,http://waters.com,http://placeimg.com/640/480/people,362 Schimmel Track,Halle Orchard,4648,West Zitaberg,37091,Monaco,MC,11.222116,52.2887
24,Carmella,Stamm,yleannon@okuneva.com,15102641131,2005-05-09,female,http://von.com,http://placeimg.com/640/480/people,561 Marianne Radial Apt. 310,Carroll Wells,34223,North Brookschester,49303-2920,Iraq,IQ,51.254231,84.546192
25,Moses,Crooks,kaley13@yahoo.com,17014781219,1941-11-08,male,http://bahringer.biz,http://placeimg.com/640/480/people,6452 Humberto Unions,Mazie Circles,83869,Riceberg,46643,Aruba,AW,36.575806,129.037996
26,Coty,Bruen,augustine65@boyle.org,12312177151,1988-07-19,male,http://mante.com,http://placeimg.com/640/480/people,31320 Leonora Squares,Batz Manor,1950,McGlynnland,83753,Gabon,GA,48.161787,41.812511
27,Heidi,Klein,gaylord.dock@spencer.com,12817893676,2008-12-17,female,http://kerluke.com,http://placeimg.com/640/480/people,204 Schuster Pass Suite 540,Jeremie Courts,25804,Gerholdfort,54047,Austria,AT,-31.42371,-165.413789
28,Freida,Prohaska,charley08@mante.com,14706921726,1971-12-10,female,http://zulauf.com,http://placeimg.com/640/480/people,143 Jevon Center,Payton Motorway,97366,North Enriqueport,15756-3193,Egypt,EG,-5.416636,-155.695978
29,Deon,Nikolaus,luettgen.louie@hotmail.com,15809815796,1943-10-06,male,http://welch.net,http://placeimg.com/640/480/people,381 Dusty Fords,Kory Drive,12323,Todmouth,41626-9797,Northern Mariana Islands,MP,-76.531648,-21.261975
30,Phoebe,Dooley,edwardo.nienow@leuschke.com,15126726005,2004-11-26,female,http://altenwerth.biz,http://placeimg.com/640/480/people,2557 Patricia Motorway,Rhianna Walks,40784,New Winonamouth,24988,Portugal,PT,57.366439,84.524869
31,Edd,Stehr,frieda30@yahoo.com,16826770148,1974-09-13,male,http://emmerich.net,http://placeimg.com/640/480/people,2572 Hoppe Keys Suite 462,Berge Pines,8585,Padbergville,27868-5969,Martinique,MQ,-85.839845,23.519432
32,Rhea,Marquardt,wbechtelar@hotmail.com,18583525789,1970-01-11,female,http://altenwerth.com,http://placeimg.com/640/480/people,7481 Magnolia Path,Rhoda Path,8933,East Eddieburgh,16437-6621,Comoros,KM,3.725733,108.081798
33,Victoria,Watsica,hellen61@hotmail.com,12517470860,1945-02-09,female,http://krajcik.com,http://placeimg.com/640/480/people,974 Krajcik Light,Goldner Fords,9782,Smithfort,79603-7178,Congo - Brazzaville,CG,5.056519,-162.449159
34,Maud,Grimes,heather.parisian@bartell.net,12248514521,2016-12-29,female,http://ohara.info,http://placeimg.com/640/480/people,430 Olson Rest Apt. 724,Spencer Oval,996,West Shyannstad,45712,Israel,IL,-78.295923,84.10917
35,Darrel,Smitham,huel.orpha@gmail.com,13808044802,1964-12-09,male,http://pagac.com,http://placeimg.com/640/480/people,457 Raynor Key Suite 789,Durgan Stream,4772,Port Ubaldoberg,86541,Suriname,SR,-4.758199,87.981213
36,Clotilde,Klocko,kozey.brad@gmail.com,18437186169,1947-07-30,female,http://abshire.com,http://placeimg.com/640/480/people,528 Danny Rapids Suite 754,Layne Radial,583,Towneland,74810,Guinea,GN,65.821237,111.792401
37,Jacey,Schoen,wschiller@lesch.biz,17156320509,1941-10-16,male,http://corkery.com,http://placeimg.com/640/480/people,154 Schultz Well,Hintz Station,38949,Fritzland,46274-7074,Syria,SY,49.755381,-1.862608
38,Meaghan,Larson,kbogan@hotmail.com,18057366278,2025-03-21,female,http://shanahan.org,http://placeimg.com/640/480/people,8328 Waelchi Plain Suite 148,Erdman Highway,5729,Port Pasqualebury,74118,Ukraine,UA,80.033602,-61.228516
39,Ricardo,Smitham,lpowlowski@turcotte.info,17046290639,1957-04-16,male,http://armstrong.biz,http://placeimg.com/640/480/people,29800 Shea Village,Lyda Ramp,99426,North Winstonborough,01598,Afghanistan,AF,-89.802069,35.151447
40,Christine,Heathcote,seth63@kreiger.com,15515763943,2001-12-02,female,http://brekke.info,http://placeimg.com/640/480/people,8304 Heller Rue,Philip Mount,71438,Schimmelstad,65727,Sri Lanka,LK,6.00277,-161.652323
41,Fleta,Kris,jaydon.barrows@armstrong.info,13219516282,1970-07-08,female,http://rodriguez.com,http://placeimg.com/640/480/people,368 Ortiz Motorway,Daniela Squares,4530,Lebsackbury,35242,Macao SAR China,MO,47.511815,69.119625
42,Darrin,Moore,alayna17@yahoo.com,17602934238,1961-10-27,male,http://stokes.biz,http://placeimg.com/640/480/people,6826 Marvin Tunnel Suite 244,Fritsch Via,852,East Muriel,95908,Slovenia,SI,59.832133,-143.011821
43,Bennie,Ebert,kacie01@johnson.net,19175099516,1972-04-04,male,http://farrell.com,http://placeimg.com/640/480/people,8631 Zemlak Crossroad,Charles Circles,3896,Francescaside,31281,St. Barthélemy,BL,85.54973,-46.618813
44,Moses,Harber,nbraun@yahoo.com,12406911123,1942-02-16,male,http://romaguera.com,http://placeimg.com/640/480/people,7840 Jones Divide,Amanda Square,411,North Virginia,91313,St. Pierre & Miquelon,PM,-70.370858,-79.481254
45,Dusty,Wilkinson,zrunte@yahoo.com,16189120506,2001-04-21,male,http://reichert.com,http://placeimg.com/640/480/people,567 Tianna Trafficway Apt. 666,Rice Freeway,995,Hillside,49166,Faroe Islands,FO,75.674518,-139.42812
46,Kaley,Wintheiser,wiza.marian@stehr.com,17375082269,1977-04-06,male,http://hickle.com,http://placeimg.com/640/480/people,95494 Harris Rue,Maxie Vista,219,Bergeport,84840-1929,Botswana,BW,46.786416,95.463909
47,August,Cronin,rowe.cassidy@hotmail.com,15414146561,1967-06-30,male,http://jerde.com,http://placeimg.com/640/480/people,57735 Kuhn Square,Ratke Plains,23824,West Skye,83567,South Africa,ZA,-76.102053,81.009422
48,Theodore,Braun,gutmann.thelma@quigley.com,19803671433,1997-08-11,male,http://prosacco.com,http://placeimg.com/640/480/people,558 Rex Brook Apt. 736,Haylee Forks,33513,East Grover,50040,Hong Kong SAR China,HK,14.159081,150.699104
49,Alfredo,Satterfield,dejuan48@yahoo.com,19869714285,1976-09-14,male,http://grant.com,http://placeimg.com/640/480/people,4890 Romaguera Forge,Berneice Falls,192,Purdyfort,15733,Austria,AT,-39.71979,157.575563
50,Ansley,Balistreri,koch.marilou@auer.org,17324727107,1939-03-30,male,http://rolfson.net,http://placeimg.com/640/480/people,798 Roslyn Glens Apt. 184,Schumm Place,32510,Kiehnchester,62926,Venezuela,VE,38.388846,-163.649314
51,Wilma,Hills,lbashirian@yahoo.com,17086801106,1992-01-26,female,http://ernser.com,http://placeimg.com/640/480/people,626 Orrin Crest,Mathilde Ridges,237,Clarissashire,67725,Italy,IT,-55.513052,70.367393
52,Madison,Wyman,wrau@hotmail.com,12488772226,1975-10-22,male,http://von.com,http://placeimg.com/640/480/people,129 Sabina Villages Suite 302,Luettgen Camp,54647,Beckerhaven,78774-2442,Azerbaijan,AZ,87.346458,157.105728
53,Joanie,Gibson,uswift@yahoo.com,13619412623,1991-05-13,female,http://wisozk.net,http://placeimg.com/640/480/people,2955 Bruen Pine,Senger Walks,1571,Kubfort,20566-4380,Uzbekistan,UZ,27.617703,-20.037591
54,Raymundo,Harber,mabelle33@gmail.com,19496902371,1981-08-02,male,http://bartoletti.com,http://placeimg.com/640/480/people,9511 Smitham Overpass Apt. 102,Huel Walks,83624,Dareland,37300-3191,Qatar,QA,-76.662198,-148.75872
55,Adriana,Ritchie,hollie.oconner@gmail.com,12318222726,1996-07-31,female,http://schneider.com,http://placeimg.com/640/480/people,6402 Juvenal Creek Apt. 545,Marquardt Brooks,15981,Goyetteview,47147,Kenya,KE,-16.378552,94.973663
56,Jessika,Schiller,feil.brielle@hotmail.com,16062562272,1984-05-12,female,http://labadie.com,http://placeimg.com/640/480/people,9008 Kris Rue,Schneider Plain,80246,Jayceebury,82355,Estonia,EE,-52.694717,-9.758153
57,Donnell,Gusikowski,stacey20@yahoo.com,17572106456,1982-04-02,male,http://kreiger.com,http://placeimg.com/640/480/people,596 Nannie Path Suite 937,Calista Mountains,4017,Port Carahaven,00028-3753,Sweden,SE,-79.284268,57.149374
58,Malinda,White,rafael.schultz@erdman.com,19477693475,1986-06-02,female,http://herzog.com,http://placeimg.com/640/480/people,21182 Runolfsdottir Brooks Suite 179,Wade Vista,7524,Wilmahaven,20497-7474,Jersey,JE,29.225801,172.77737
59,Monserrat,Ferry,eichmann.romaine@hotmail.com,12236157250,2022-11-06,male,http://grimes.net,http://placeimg.com/640/480/people,1979 Diego Hollow Apt. 223,Grimes Islands,58030,Lake Eriberto,15821-7512,South Georgia & South Sandwich Islands,GS,46.52126,-5.105648
60,Reyna,Dietrich,twalter@kshlerin.net,15056772691,1982-12-20,female,http://toy.com,http://placeimg.com/640/480/people,136 Axel Burgs,Lueilwitz Corners,41171,East Joemouth,69095,Romania,RO,-18.182219,-17.665626
61,Lori,Hudson,nick.grant@green.com,17439777767,1940-10-23,female,http://koss.biz,http://placeimg.com/640/480/people,763 Hodkiewicz Unions,Braun Radial,86238,Sawaynborough,44372,Kiribati,KI,37.71101,-136.313853
62,Arturo,Kuhn,joannie55@zboncak.com,14586011718,1977-08-22,male,http://sporer.com,http://placeimg.com/640/480/people,956 Grady Plain,Swift Overpass,352,East Russelland,18855-0783,Northern Mariana Islands,MP,5.41903,90.106309
63,Trinity,Reichert,rboyer@lowe.info,17408517728,1963-01-06,female,http://daugherty.biz,http://placeimg.com/640/480/people,655 Keith Crossing Apt. 027,Kozey Glen,4614,Sipesshire,61353,Dominica,DM,-43.522934,-129.76142
64,Sherwood,Waters,elias.upton@hotmail.com,14349704757,2010-03-23,male,http://goodwin.biz,http://placeimg.com/640/480/people,98272 Lisette Fork Apt. 081,Mann Harbors,292,Windlermouth,85436,Denmark,DK,-30.053384,139.194112
65,Asia,Morissette,malinda22@leannon.com,13862595519,1947-03-10,female,http://predovic.com,http://placeimg.com/640/480/people,98545 Kerluke Drive,Metz Way,41150,Lake Tonystad,68127-2478,Greenland,GL,84.500084,-162.207998
66,Reba,Wolff,carolyn60@yahoo.com,14805831755,1983-04-19,female,http://koch.org,http://placeimg.com/640/480/people,457 Cormier Avenue,Friesen Locks,1571,Tillmanbury,63513-5868,Cook Islands,CK,-20.453742,-150.405889
67,Marisol,Zboncak,weimann.tomas@bode.com,18315513430,1997-04-07,female,http://mckenzie.com,http://placeimg.com/640/480/people,6385 Wehner Spring Suite 011,Stehr Glens,62979,North Lela,84238-4444,Bermuda,BM,-50.185394,52.881749
68,Tyler,Mann,horace15@hotmail.com,15392212812,1939-11-20,male,http://wolf.com,http://placeimg.com/640/480/people,873 Macie Street,Marilie Common,1136,Emardhaven,12709-7230,Switzerland,CH,-72.33339,33.170031
69,Timmothy,Maggio,cframi@gmail.com,18587001278,1972-12-05,male,http://gleichner.com,http://placeimg.com/640/480/people,1101 Baylee Plains,Queen Streets,458,Jazlynchester,43533,Afghanistan,AF,-40.358967,-125.671978
70,Lane,Walsh,rebekah.corwin@hotmail.com,13044793945,1940-10-24,male,http://krajcik.com,http://placeimg.com/640/480/people,16721 Princess Turnpike Suite 537,Tyler Field,30268,Port Fermin,86384,Kuwait,KW,-63.37601,177.715805
71,Angie,Ratke,wswaniawski@yahoo.com,19842032558,1951-03-14,female,http://osinski.com,http://placeimg.com/640/480/people,3399 Jessica Radial,Gislason Fords,3779,West Reecehaven,46331-3238,Serbia,RS,-3.458223,-38.718152
72,Clint,Davis,tracy.veum@hotmail.com,12026305302,2017-06-01,male,http://daniel.com,http://placeimg.com/640/480/people,41096 Predovic Port,Ankunding Locks,56119,Macejkovicville,35146,Côte d’Ivoire,CI,-63.253511,40.656207
73,Daisy,Russel,brenda.ledner@herman.com,15396841838,1968-11-28,female,http://murphy.org,http://placeimg.com/640/480/people,81272 Jessika Viaduct Apt. 488,Tanner Club,8696,Leeland,03405-5549,Bermuda,BM,33.789416,-2.525901
74,Elfrieda,Gleichner,abdiel.hauck@smith.com,15392460453,2007-09-22,female,http://johnson.com,http://placeimg.com/640/480/people,87046 Liana Ranch Apt. 104,Russel Route,52874,Lake Mireyachester,67360-9931,Cambodia,KH,-66.225314,-6.571693
75,Dorcas,Hermann,charles71@boyle.info,19366057798,1964-12-22,male,http://labadie.com,http://placeimg.com/640/480/people,65384 Isabelle Park,Stefanie Trafficway,2548,Port Ashlynnside,78888-2195,Grenada,GD,-12.806811,70.176107
76,Fae,Wisoky,jharris@dooley.org,16288363797,1957-05-10,female,http://connelly.com,http://placeimg.com/640/480/people,666 Stokes Lock,Schumm Run,1777,Mayerbury,72512,Guinea-Bissau,GW,70.396503,-148.940316
77,Yadira,Schamberger,elta64@hotmail.com,17254676817,2000-01-30,female,http://veum.com,http://placeimg.com/640/480/people,244 Pascale Flat,Erdman Forest,30594,South Dortha,34488-9278,Bangladesh,BD,-83.807494,45.68006
78,Pearl,Beer,vince51@ebert.net,18592189040,1989-01-30,female,http://reichel.com,http://placeimg.com/640/480/people,4324 Alberta Dam Apt. 488,Yessenia Knolls,2855,South Laurettashire,22059-4947,Bangladesh,BD,-8.826943,-1.325771
79,Major,Hoeger,reynold21@weber.com,14052535638,1970-05-16,male,http://kemmer.com,http://placeimg.com/640/480/people,1000 Orval Drives Suite 150,Turcotte Landing,2178,Nicholasview,47109,Tonga,TO,-50.384789,134.210236
80,Dusty,Frami,pearline54@gmail.com,19046633497,1959-04-18,male,http://hilpert.net,http://placeimg.com/640/480/people,4530 Sallie View Suite 186,Hane Ferry,325,Port Deondre,87440,Bulgaria,BG,13.48487,60.592494
81,Marjorie,Abshire,ewell.schmeler@littel.com,14132882371,1942-02-01,female,http://cronin.com,http://placeimg.com/640/480/people,168 Ezekiel Turnpike,Dickens Green,84146,South Lue,91500,Fiji,FJ,-69.317975,3.371381
82,Tamia,Bartell,brad31@pfeffer.com,17023079127,1943-07-12,female,http://moen.net,http://placeimg.com/640/480/people,42403 Zakary Forges Apt. 536,Hugh Corners,30932,Nolafort,50726,Bermuda,BM,81.901966,-21.923448
83,Paula,Bergstrom,chris.stanton@pollich.com,13803645677,1980-04-25,female,http://simonis.org,http://placeimg.com/640/480/people,810 Frami Knoll,Howe Way,60633,Lake Kathleenfurt,17051-2831,Suriname,SR,71.787762,161.620238
84,Jennyfer,Johnston,fbeier@crona.com,12703137742,2011-04-08,female,http://white.com,http://placeimg.com/640/480/people,811 Arianna Prairie Suite 320,Luettgen Gardens,2838,Port Hectorport,97361-8518,Honduras,HN,18.103448,120.450851
85,Kiana,Ledner,labadie.remington@yahoo.com,19527708803,1981-10-25,female,http://gottlieb.org,http://placeimg.com/640/480/people,36950 Dusty Neck,Adams Terrace,17421,Nanniemouth,54631-7370,Iceland,IS,-59.14866,113.17449
86,Taya,Bartoletti,laurianne.skiles@yahoo.com,12675649259,1993-06-25,female,http://littel.com,http://placeimg.com/640/480/people,478 Johns Square,Brown Junctions,8845,North Zachery,94552-2087,Cameroon,CM,48.895483,71.471968
87,Kathryn,Crooks,brian.emmerich@yahoo.com,13517213226,1982-10-07,female,http://crooks.org,http://placeimg.com/640/480/people,42845 Kutch Valley Apt. 714,Greenholt Avenue,22146,East Karlee,77587-4401,United Kingdom,GB,-58.665402,-58.640095
88,Lauretta,Hammes,myriam64@yahoo.com,17405594810,1946-09-28,female,http://rice.com,http://placeimg.com/640/480/people,63247 Reichel Underpass Apt. 229,Quitzon Crossroad,642,Lake Dexter,01001-0704,Palestinian Territories,PS,4.262616,-148.659575
89,Micheal,Robel,srunolfsson@gmail.com,12765819441,1990-06-14,male,http://russel.com,http://placeimg.com/640/480/people,40186 Shyanne Orchard,Ratke Square,8436,West Antonio,68655,Niue,NU,62.33448,-1.434501
90,Autumn,Dickens,jana.sawayn@ledner.com,16203703501,2021-12-31,female,http://lind.com,http://placeimg.com/640/480/people,42663 Beryl Village Suite 303,Mohr Port,4319,East Sigmundhaven,07099-9666,Mauritania,MR,-35.992687,-159.726043
91,Elyse,Kuphal,meggie92@becker.com,14246648626,1963-12-30,female,http://schaefer.com,http://placeimg.com/640/480/people,80201 Graham Avenue,Rohan Mill,9366,Nadertown,76961,U.S. Outlying Islands,UM,71.542132,-74.059916
92,Nia,Feest,hkonopelski@schoen.biz,13468488417,1960-06-08,female,http://williamson.com,http://placeimg.com/640/480/people,9062 Miller Harbors,Jamey Summit,758,Oberbrunnermouth,52168-8835,Gibraltar,GI,-29.118551,28.898632
93,Frederique,Nikolaus,dejon97@jones.net,16126488679,1976-11-28,female,http://prosacco.com,http://placeimg.com/640/480/people,7511 Brekke Terrace,Drew Branch,60906,Orieville,45400,Jersey,JE,6.019858,-17.951951
94,Wendy,Dietrich,thompson.dayton@hotmail.com,15513439631,1938-03-18,female,http://oreilly.com,http://placeimg.com/640/480/people,9987 Tracy Spring Apt. 565,Nelle Mission,23927,Revastad,94843-8156,Mauritania,MR,15.428319,37.29967
95,Lou,Parker,huels.eldred@hotmail.com,17759301979,1982-02-03,female,http://gleason.com,http://placeimg.com/640/480/people,360 Murray Bypass,D'Amore Common,86145,Lake Kaitlyn,38255-6806,Sint Maarten,SX,-27.971572,154.240574
96,Reginald,Quitzon,sarah65@gutmann.com,12347827012,1991-05-17,male,http://herzog.info,http://placeimg.com/640/480/people,2829 Johanna Rapids,Lakin Stravenue,246,South Bernadette,95757-7114,Eritrea,ER,-39.765229,-50.727717
97,Litzy,Beier,considine.benjamin@gmail.com,13478860482,1953-04-30,female,http://okon.biz,http://placeimg.com/640/480/people,46422 Emmerich Key,Hobart Corner,4727,East Carolineberg,83055-9363,Palau,PW,60.50866,-75.309361
98,Vita,Abshire,bcartwright@nikolaus.com,16184127046,1985-03-22,female,http://marvin.net,http://placeimg.com/640/480/people,622 Weimann Streets,Stamm Brooks,2515,Osinskiborough,63904-4069,Albania,AL,-12.588595,-169.97221
99,Erna,Feil,arthur.conn@yahoo.com,19596504806,1958-04-24,female,http://bruen.com,http://placeimg.com/640/480/people,21621 Luettgen Coves,Fay Lodge,615,Lake Mekhi,55458,Thailand,TH,1.386262,170.647451
100,Ora,Kuvalis,jamie.kling@stokes.com,14845239501,1946-11-07,female,http://trantow.com,http://placeimg.com/640/480/people,501 Pollich Meadows Apt. 264,Stephany Springs,11994,Port Arlene,67150,Lebanon,LB,5.986335,-153.471065
101,Leann,Bogan,edna.torphy@wunsch.com,15157445847,1999-07-20,female,http://raynor.info,http://placeimg.com/640/480/people,9886 Okuneva Port,Rey Pass,60338,Ernestineland,86254,Zambia,ZM,-47.441415,178.631201
102,Mathilde,McKenzie,ugusikowski@gmail.com,17317477089,1999-07-16,female,http://doyle.com,http://placeimg.com/640/480/people,82522 Koch Valley Suite 030,Calista Pike,300,Beierport,08191-8299,Rwanda,RW,14.929649,135.250318
103,Elias,Carter,trace52@price.biz,17324893004,1989-06-02,male,http://heller.com,http://placeimg.com/640/480/people,572 Damon Knoll Apt. 570,Carlee Radial,37251,North Devon,72909-2403,Monaco,MC,25.296975,139.875276
104,Kelsi,Weissnat,samara43@yahoo.com,14057404211,1971-10-21,female,http://larson.info,http://placeimg.com/640/480/people,822 Jacobi Ford,Howe Run,743,Camrynmouth,97213-4961,Singapore,SG,-27.329249,-152.244248
105,Madie,Barrows,rachel.ondricka@yahoo.com,12132211573,1998-11-25,female,http://bogan.net,http://placeimg.com/640/480/people,352 Price Pines,Murphy Cliffs,80646,Caspermouth,27918-4493,Botswana,BW,-23.167479,-34.758277
106,Evie,Morar,bonnie.hickle@hotmail.com,15203221695,1949-01-15,female,http://jast.info,http://placeimg.com/640/480/people,517 Katheryn Brook,Tyson Circle,51429,East Averyfort,88072,St. Pierre & Miquelon,PM,-28.009551,34.492658
107,Nathanial,Jaskolski,fisher.jacques@yahoo.com,14159279408,2015-02-13,male,http://botsford.com,http://placeimg.com/640/480/people,26359 Mozelle Hollow Suite 448,Reilly Hill,5842,Port Creola,19837-0017,Nicaragua,NI,44.242742,8.915413
108,Cole,Emard,nicklaus.russel@gmail.com,19318501870,2008-08-27,male,http://conn.com,http://placeimg.com/640/480/people,9010 Friesen Gardens,Erdman Pines,3263,Port Bernadine,74446,Montserrat,MS,-52.881027,-72.444079
109,Glen,Conroy,hailey.lehner@hotmail.com,17475396625,1984-10-01,male,http://okuneva.com,http://placeimg.com/640/480/people,91523 Genevieve Shoal,Kuphal Fords,95630,Nikolausborough,78564-6891,Lebanon,LB,-83.152053,-50.173522
110,Hollie,Connelly,iheidenreich@hotmail.com,17576194249,1975-06-03,female,http://corwin.com,http://placeimg.com/640/480/people,88933 Larson Skyway Apt. 465,Sanford Trail,60102,Lake Sedrick,24533,Syria,SY,44.474044,-153.722453
111,Fletcher,Feeney,ysauer@hotmail.com,16019864170,2003-11-11,male,http://lemke.info,http://placeimg.com/640/480/people,11714 McGlynn Inlet Suite 197,Hagenes Station,861,Emmaberg,89261-8664,Isle of Man,IM,-1.341656,167.707192
112,Danny,Kunze,swift.myron@gmail.com,19065377426,2001-07-29,male,http://wyman.com,http://placeimg.com/640/480/people,720 Jonatan Port Apt. 644,Tyree Villages,7756,New Trisha,37206-0932,Bolivia,BO,63.460639,-25.490741
113,Haskell,Mertz,mackenzie.kohler@gutmann.com,17324913348,1981-06-09,male,http://wisozk.org,http://placeimg.com/640/480/people,73993 Kuvalis Prairie,Vernie Viaduct,105,East Rahul,66102,Denmark,DK,-26.902971,79.261448
114,Lucie,Wiegand,nadia.goyette@yahoo.com,15409407268,1972-01-01,female,http://wolff.com,http://placeimg.com/640/480/people,54479 Kunde Drive Suite 369,Darion Harbor,1885,East Demarcus,83694-2696,Bolivia,BO,-28.107283,3.13882
115,Geovanni,Considine,kreiger.naomi@nitzsche.net,19473142452,2018-10-19,male,http://mertz.com,http://placeimg.com/640/480/people,58689 Juliet Lake Suite 473,Jewel Pass,96271,Ryanburgh,58355-0699,North Macedonia,MK,-29.231869,-135.200992
116,Hertha,Haag,amara.goyette@hotmail.com,14459526778,1955-05-06,female,http://considine.org,http://placeimg.com/640/480/people,404 Stamm Turnpike,Wehner Turnpike,8613,West Jillian,78215,Cocos (Keeling) Islands,CC,72.292386,-51.47243
117,Judd,Jaskolski,javier34@rippin.biz,19097897745,1990-06-11,male,http://reynolds.com,http://placeimg.com/640/480/people,8404 Kautzer Row Apt. 022,Rosenbaum Cliffs,5194,Joanfort,55227-0258,Namibia,NA,-6.964965,115.544419
118,Ernestine,Dibbert,turner.elda@gmail.com,16146092186,2012-05-23,female,http://wilkinson.info,http://placeimg.com/640/480/people,7694 Collier Mall Suite 621,Esperanza Tunnel,2877,Willtown,58119-0175,Poland,PL,-70.38906,143.683628
119,Mauricio,Homenick,ziemann.pearl@abshire.com,19162863961,1956-11-26,male,http://kerluke.com,http://placeimg.com/640/480/people,71507 Jeramie Dale Apt. 266,William Springs,1296,West Caesar,17984-2898,Benin,BJ,-39.132067,-111.397397
120,Heber,Little,dschmeler@hotmail.com,14634521098,1953-11-22,male,http://hauck.com,http://placeimg.com/640/480/people,646 Padberg Flats,Simonis Meadows,86759,Christiansenmouth,00602-3037,Comoros,KM,1.975451,147.373911
121,Enrico,O'Hara,yschoen@hartmann.com,15189515848,1957-08-28,male,http://mcclure.com,http://placeimg.com/640/480/people,49172 Cayla View,Chandler Knoll,685,Monserrateton,12167-0356,Kiribati,KI,-67.269336,114.507747
122,Ashton,Kshlerin,ashly25@kohler.com,15319326096,1954-09-08,male,http://pfeffer.com,http://placeimg.com/640/480/people,335 Kaya Shoal Suite 405,Lon Bypass,8564,Lake Cary,71952-3123,Bahamas,BS,-15.892125,-130.474572
123,Raul,Murray,morgan52@yahoo.com,15204562424,1979-08-27,male,http://grant.com,http://placeimg.com/640/480/people,159 Howe Gardens Suite 048,Schaefer Mountain,2592,Prohaskafort,34992,United Arab Emirates,AE,52.946809,-63.311773
124,Rhea,Champlin,blick.elinor@yahoo.com,14153461330,1953-02-19,female,http://walsh.biz,http://placeimg.com/640/480/people,980 DuBuque Green,Runolfsdottir Mews,696,Port Selina,00029,Ireland,IE,36.117954,-79.236167
125,Mitchel,Carroll,meggie65@gmail.com,19594051614,1966-02-04,male,http://rutherford.com,http://placeimg.com/640/480/people,5991 Darby Mount Suite 433,Stehr Mission,676,East Mekhiberg,87679-1653,Jordan,JO,-83.694983,179.003589
126,Alicia,Wyman,bcole@kovacek.net,12487942300,1939-03-19,female,http://tromp.com,http://placeimg.com/640/480/people,9345 Mann Turnpike Apt. 204,Annamarie Village,407,Rohantown,58858-5588,El Salvador,SV,60.121022,114.940863
127,Tiffany,Ernser,hellen94@powlowski.net,12314922471,1950-01-24,female,http://lakin.com,http://placeimg.com/640/480/people,63900 Rowe Hill,Abbigail Fields,56950,West Marquise,47134-6543,Northern Mariana Islands,MP,-27.671998,-112.539454
128,Rhea,Greenholt,lelia10@morissette.org,14026090261,1946-03-10,female,http://renner.com,http://placeimg.com/640/480/people,97182 Conrad Cove,Rolfson Pike,28125,East Buck,60676,Belgium,BE,71.236214,155.498066
129,Bulah,Mante,zelma60@hotmail.com,16829443190,2007-09-10,female,http://harvey.com,http://placeimg.com/640/480/people,13388 Ramona Mountains Apt. 840,Sporer Glen,60619,New Myrnahaven,73487,St. Kitts & Nevis,KN,-43.754333,179.415219
130,Lisette,Watsica,alec83@fadel.com,14806752871,1952-08-24,female,http://price.com,http://placeimg.com/640/480/people,6572 Lockman Station,Armstrong Parkways,349,New Tobin,64121-5095,Kyrgyzstan,KG,71.550379,123.670133
131,Ambrose,Mann,ruth.schulist@gmail.com,15732401633,1975-08-04,male,http://wiegand.com,http://placeimg.com/640/480/people,601 Cartwright Centers Apt. 578,Reid Park,29568,New Raphaelle,84752-2769,Martinique,MQ,-3.700043,11.639199
132,Minerva,Willms,constantin.kuhlman@ferry.biz,16262467005,1975-04-26,female,http://king.info,http://placeimg.com/640/480/people,3893 Bartoletti Stream,Watsica Shoals,5754,Hermanfort,73457-1825,Djibouti,DJ,31.483688,161.117463
133,Bo,Schoen,johns.makayla@thompson.com,16504071063,1953-05-08,male,http://beier.org,http://placeimg.com/640/480/people,67529 McLaughlin Ranch,Abshire Freeway,95696,Lake Rudolphborough,43694,Kyrgyzstan,KG,-8.079616,159.026012
134,Glen,Russel,rachael20@hirthe.net,18587350208,1964-07-23,male,http://gleason.com,http://placeimg.com/640/480/people,27436 Diego Centers,Johathan Springs,91068,South Brockmouth,37602,Cocos (Keeling) Islands,CC,-32.341544,56.781707
135,Rogers,Botsford,chasity.king@gmail.com,13475041223,1998-01-06,male,http://fisher.org,http://placeimg.com/640/480/people,9099 Catalina Pass Apt. 785,Marquis Crossroad,4128,Lake Jamaal,09362-8299,Mexico,MX,9.040453,30.216442
136,Cruz,Heathcote,kira45@yahoo.com,14843150468,1989-07-04,male,http://weimann.net,http://placeimg.com/640/480/people,735 Dorcas Falls,Jerry Tunnel,43484,East Angeline,49624,Lithuania,LT,-38.453882,-135.223596
137,Cyrus,Shanahan,casper.braden@cartwright.com,19194201401,1980-10-03,male,http://brakus.com,http://placeimg.com/640/480/people,74875 Ankunding Canyon Apt. 545,Zulauf Views,1143,Lavonnehaven,78308,Eswatini,SZ,-40.030286,-170.174272
138,Rowan,Auer,cloyd09@emard.com,19524945950,1970-06-20,male,http://streich.com,http://placeimg.com/640/480/people,416 Wolff Vista Apt. 495,Johnston Point,30332,East Daphnehaven,86192-9364,Israel,IL,-41.484875,-139.812045
139,Dayana,Kshlerin,sherwood.bruen@gmail.com,17407481469,1940-11-02,female,http://welch.com,http://placeimg.com/640/480/people,25836 Domenico Common,Denesik Shoal,85331,Lake Koryton,66316,Spain,ES,39.323414,-4.456529
140,Ted,Kub,hdooley@hackett.com,13522977814,1997-04-24,male,http://goodwin.com,http://placeimg.com/640/480/people,88261 Hannah Centers Apt. 919,Hegmann Junction,589,Marquardtville,66156,Tunisia,TN,24.047112,146.08571
141,Bernard,Murray,clementine.wilkinson@hotmail.com,19409138278,1986-09-09,male,http://pfeffer.net,http://placeimg.com/640/480/people,1586 Jerde Junctions Apt. 731,Hickle Meadow,1901,Hahnshire,71047,Latvia,LV,5.396524,-14.293874
142,Santiago,Bergstrom,padams@harber.net,18587632706,1979-04-08,male,http://dickinson.com,http://placeimg.com/640/480/people,57234 Legros Bypass Apt. 626,Nia Street,7326,Parkerborough,16237,Lesotho,LS,-60.299864,-105.56283
143,Virgil,Ondricka,onicolas@metz.info,14589577154,1964-06-10,male,http://torp.info,http://placeimg.com/640/480/people,5741 Jacobson Village,Brant Falls,5247,South Karli,65782,Falkland Islands,FK,3.854018,-177.426986
144,Jefferey,Turcotte,holly.cronin@baumbach.info,16156198780,2013-01-24,male,http://west.org,http://placeimg.com/640/480/people,414 Jake Circles Suite 076,Fisher Fall,800,North Herminia,92857,Moldova,MD,49.114459,-102.185093
145,Enola,Huel,chad.nolan@hill.com,15517472833,1981-08-19,female,http://hyatt.com,http://placeimg.com/640/480/people,299 Schimmel Causeway,Terrill Cape,139,New Tina,34916,Honduras,HN,34.571535,-147.505876
146,Freddie,Hettinger,jamie.nitzsche@wilkinson.info,12342846785,1943-01-03,male,http://konopelski.com,http://placeimg.com/640/480/people,644 Isaias Plaza Suite 259,Kohler Trail,5485,West Raven,01004,Netherlands,NL,10.350765,-167.478806
147,Ava,O'Kon,tcasper@hotmail.com,17245468514,1947-10-22,female,http://west.com,http://placeimg.com/640/480/people,30265 Irma Radial,Ebert Pass,31402,Walkerview,60788,Philippines,PH,45.697223,-27.514567
148,Candice,Jacobi,nsmith@herzog.net,13373729933,2002-08-16,female,http://baumbach.net,http://placeimg.com/640/480/people,9429 Hills Village,Iva Keys,537,New Issacview,82214-6423,Nauru,NR,52.909276,-75.37295
149,Erwin,Grady,schumm.julien@hotmail.com,19709139550,1965-10-12,male,http://pagac.org,http://placeimg.com/640/480/people,68095 Ron Stravenue,Merlin Extension,9070,Torphyshire,60532,Hungary,HU,-63.376311,-174.466583
150,Valerie,Moen,abbigail88@greenfelder.com,12835733335,2005-08-25,female,http://upton.info,http://placeimg.com/640/480/people,565 Lynch Bridge,Brown Parkway,7917,Port Eusebio,70831-2023,Tajikistan,TJ,-18.414462,78.874236
151,Armand,Shields,jamaal.labadie@gmail.com,14303558506,2001-01-21,male,http://glover.com,http://placeimg.com/640/480/people,574 Edyth Trail Apt. 816,Welch Tunnel,8336,Kilbackville,32394,Tajikistan,TJ,-6.95363,-146.998645
152,Gregoria,Cummings,zbeatty@weimann.org,12234190550,1945-07-30,female,http://skiles.com,http://placeimg.com/640/480/people,3418 Gisselle Loaf,Anderson Falls,526,Lake Emily,20817-7870,Yemen,YE,-31.09593,127.61792
153,Jalon,Ebert,verna08@yahoo.com,15808631971,1940-04-22,male,http://hartmann.biz,http://placeimg.com/640/480/people,738 Tavares Camp Suite 681,Hills Square,3653,Rueckerport,91189,Gabon,GA,54.85159,151.519348
154,Breanna,Herzog,porter88@hotmail.com,15713158359,1993-10-17,female,http://pfeffer.com,http://placeimg.com/640/480/people,95324 Kuphal Way,Kara Manors,150,Port Maiaside,57777,Bermuda,BM,17.168451,102.984562
155,Chet,Hodkiewicz,virgil69@gmail.com,15023682869,2013-05-06,male,http://kris.net,http://placeimg.com/640/480/people,141 Swaniawski Rapid,Trantow Extensions,997,Port Rowena,54311-6852,Canada,CA,54.400952,91.303726
156,Mallory,Stehr,samson83@yahoo.com,13258695717,1985-07-27,male,http://moore.com,http://placeimg.com/640/480/people,6285 Ambrose Highway,Kuphal Mill,388,Port Autumnville,68739,U.S. Virgin Islands,VI,-35.518031,151.649505
157,Edwin,Blick,hleffler@jakubowski.info,15406979239,1997-08-11,male,http://murray.org,http://placeimg.com/640/480/people,730 Fay Mission Apt. 446,Kilback Motorway,49446,Eldridgebury,50732,Bosnia & Herzegovina,BA,24.353906,-73.32376
158,Angie,Ryan,kwhite@jast.biz,13093824505,1997-05-23,female,http://grimes.com,http://placeimg.com/640/480/people,165 Edward Brook,Reva Shores,18152,South Patiencefurt,13185,Argentina,AR,80.442759,126.731827
159,Marlene,Boyer,kiehn.martin@roob.com,18432826351,2008-01-18,female,http://sporer.com,http://placeimg.com/640/480/people,8958 Kiley Centers,Jakob Fall,7300,Port Carrollburgh,14148-3602,Wallis & Futuna,WF,17.489199,117.850287
160,Alessia,Haley,deckow.montana@parisian.org,14783841843,1971-12-12,female,http://hauck.com,http://placeimg.com/640/480/people,506 Lane Landing Suite 300,Wunsch Roads,404,New Cynthiaton,90661,Estonia,EE,69.501729,-173.268135
161,Roxane,Monahan,ldietrich@hotmail.com,12817617966,1975-12-13,female,http://morissette.biz,http://placeimg.com/640/480/people,7640 Aufderhar Lodge,Koepp Crescent,6117,West Marcelo,95819-6194,Jersey,JE,28.209155,-1.321677
162,Dereck,Towne,glenda65@kuhlman.com,18157074143,2009-12-04,male,http://bins.com,http://placeimg.com/640/480/people,10447 Guiseppe Junction,Asa Shore,69606,South Ellsworthchester,48343-3861,Tuvalu,TV,35.509464,-160.950224
163,Ardella,Rodriguez,zschaden@west.com,13859458411,1957-05-22,female,http://crona.com,http://placeimg.com/640/480/people,23229 Hirthe Inlet Apt. 994,Runolfsson Green,6884,Prosaccoview,96511-7754,Côte d’Ivoire,CI,-63.745724,65.291548
164,Zula,Weimann,fbarton@yahoo.com,14844464937,2014-05-06,female,http://schaefer.com,http://placeimg.com/640/480/people,79041 Mozell Road Apt. 196,Lowe Trafficway,6342,Rodriguezburgh,44243,Suriname,SR,-70.133209,-37.571428
165,Mavis,Blanda,eloisa51@mccullough.com,13095222269,2007-01-07,male,http://dickinson.info,http://placeimg.com/640/480/people,4660 Hartmann Row,O'Reilly Unions,225,South Bradenside,21760,Suriname,SR,-42.328193,-76.454359
166,Greg,VonRueden,natasha16@runte.com,19896065366,1977-06-07,male,http://walsh.org,http://placeimg.com/640/480/people,151 Joana Village,Lottie Port,7979,Lefflerburgh,13521,Japan,JP,2.48934,-29.563236
167,Stephany,Corwin,ubotsford@yahoo.com,17249818096,1983-10-05,female,http://erdman.com,http://placeimg.com/640/480/people,9667 Walker Key Suite 721,Dillon Lane,978,Port Nadiafurt,99168-0268,Germany,DE,-83.647628,17.442758
168,Maryjane,Hoeger,narciso.quitzon@jenkins.com,16319068051,2003-04-15,female,http://goodwin.com,http://placeimg.com/640/480/people,35476 McClure Port Suite 230,Langosh Isle,375,East Einarstad,21522-8100,Brazil,BR,-67.922928,10.009325
169,Rodrick,Hill,heaney.chance@ferry.com,13234307924,2005-05-19,male,http://schamberger.biz,http://placeimg.com/640/480/people,418 Manley Land,Fredy Court,58028,Metabury,34956-6971,North Korea,KP,19.799053,-154.669865
170,Patience,Ratke,ijakubowski@zieme.com,19194572380,1954-07-31,female,http://lynch.com,http://placeimg.com/640/480/people,4701 Catalina Terrace Apt. 690,Abbigail Tunnel,793,Daijaton,01800-1672,Kazakhstan,KZ,-34.970436,161.829541
171,Liliana,Hahn,pearlie52@hotmail.com,15103428309,2007-02-26,female,http://white.com,http://placeimg.com/640/480/people,710 Bins Court,Cormier Corners,6617,West Augustusburgh,96331,Guatemala,GT,41.691577,128.318626
172,Ervin,Corkery,maegan.konopelski@hartmann.biz,17322201928,2011-10-18,male,http://ratke.net,http://placeimg.com/640/480/people,373 Cole Course Apt. 568,Juana Well,178,New Kaleyshire,08833,Niue,NU,6.202934,-53.131259
173,Rick,Sporer,nikolaus.regan@hotmail.com,15619249152,1989-03-12,male,http://hermann.org,http://placeimg.com/640/480/people,97351 Renee Lake Apt. 204,Labadie Common,258,Huelsmouth,77445,Timor-Leste,TL,-29.723933,147.937983
174,Patricia,Jenkins,kwintheiser@wiza.net,12125529329,1999-08-01,female,http://wilderman.com,http://placeimg.com/640/480/people,554 Gwendolyn Mountains Suite 965,Quitzon Harbors,284,Schuppemouth,99658,Montenegro,ME,6.865696,-156.17528
175,Claudia,Bednar,olubowitz@gmail.com,14253059887,1946-12-08,female,http://jerde.info,http://placeimg.com/640/480/people,2755 Carli Fords Apt. 031,Lesch Junctions,432,Emersonbury,31578,Monaco,MC,-62.375305,79.742283
176,Sven,Stehr,rae.bechtelar@hotmail.com,15512909346,1968-01-10,male,http://prosacco.com,http://placeimg.com/640/480/people,64570 Finn Plains,Lowe Burg,3946,Altafurt,69358,Kazakhstan,KZ,-12.52875,-101.248808
177,Larue,Nikolaus,aufderhar.electa@hotmail.com,16782474343,1968-08-04,male,http://wehner.org,http://placeimg.com/640/480/people,59122 Thompson Cape,Mario Fields,7850,D'Amoremouth,65407-7375,São Tomé & Príncipe,ST,12.397571,-68.27002
178,Cleo,Braun,lang.wilfrid@gmail.com,17373058427,1985-10-24,male,http://bayer.info,http://placeimg.com/640/480/people,72637 Malachi Orchard,Jairo Lock,496,Beierland,89801-3116,Uruguay,UY,-28.253928,172.777984
179,Allene,Graham,lois.cruickshank@will.info,14359513500,1973-10-11,female,http://blick.com,http://placeimg.com/640/480/people,340 Karianne Point Suite 001,Muriel Mall,62080,Jamaalbury,59168-7451,Burkina Faso,BF,-14.530146,75.977825
180,Landen,Green,mariane54@blick.com,17574612135,1947-08-12,male,http://jacobson.com,http://placeimg.com/640/480/people,8808 Rogahn Oval Apt. 525,Jeanie Haven,2338,Port Jensenmouth,09046-7106,Singapore,SG,72.061657,135.67416
181,Velma,Walsh,bennie.schowalter@ernser.com,14052717480,1995-01-26,female,http://welch.com,http://placeimg.com/640/480/people,40140 Wolff Station,Dallas Terrace,938,Paucekshire,22454-3586,Nicaragua,NI,42.593619,-85.213216
182,Greg,Haley,amelia.renner@nolan.org,14695163348,1967-09-27,male,http://vonrueden.com,http://placeimg.com/640/480/people,7291 Addison Viaduct Suite 965,Mustafa Garden,42282,Port Kamryn,63856,Fiji,FJ,-33.951263,114.141013
183,Bernice,Bayer,judah.williamson@yahoo.com,16464650981,2018-05-06,female,http://kemmer.org,http://placeimg.com/640/480/people,90477 Considine Keys Suite 999,Darrin Fort,54367,South Janis,39263-3193,Puerto Rico,PR,-39.632192,116.142218
184,Delta,Beer,shaylee.fay@gmail.com,18645930464,1937-07-29,female,http://bechtelar.com,http://placeimg.com/640/480/people,9708 Mueller Common,Bartoletti Mountain,2201,Larkinburgh,35483,Oman,OM,-70.103483,64.042249
185,Everardo,Tremblay,eriberto.oberbrunner@brown.info,18487156725,1979-12-11,male,http://white.biz,http://placeimg.com/640/480/people,67801 Erdman Fork,Block Route,3279,Tillmanchester,50053,Greenland,GL,-13.6206,179.344659
186,Darrell,Auer,melvina79@crona.com,14402091125,1951-12-06,male,http://haag.info,http://placeimg.com/640/480/people,315 Jenkins Plains,Cremin Ranch,95344,Bennettview,10117-4299,India,IN,-38.467275,-167.260692
187,Sebastian,Ritchie,fern.koepp@towne.com,13616124229,1954-08-14,male,http://beier.com,http://placeimg.com/640/480/people,4457 Bulah Plains,Salvador Rapids,1524,Romaineborough,35955-7294,South Korea,KR,-70.210552,-79.328251
188,Ashlee,Hayes,mabelle86@grady.net,14588786952,2008-06-24,female,http://reynolds.com,http://placeimg.com/640/480/people,9897 Ima Plains Apt. 718,Serena Village,72082,West Cordeliashire,04080,Madagascar,MG,49.895205,53.360048
189,Adele,Littel,merritt25@botsford.info,16518686712,1968-09-03,female,http://osinski.com,http://placeimg.com/640/480/people,96737 Sporer Stravenue Apt. 993,Gussie Squares,4933,Juanitastad,31125-2731,Andorra,AD,-83.418091,52.758873
190,Constance,Friesen,dietrich.xander@conroy.com,16697582884,1988-02-28,female,http://dibbert.com,http://placeimg.com/640/480/people,306 Estrella Keys,Dennis Street,497,Sydneetown,26382-3260,Montenegro,ME,-46.805114,-48.841115
191,Rolando,D'Amore,lyda.cronin@yahoo.com,15406816922,2016-05-10,male,http://mcglynn.biz,http://placeimg.com/640/480/people,859 Alvina Haven,Rickie Square,69723,Kiehnburgh,63111,Costa Rica,CR,80.173316,-167.6372
192,Naomi,Metz,roberts.angelita@gmail.com,12832327056,2022-12-14,female,http://considine.biz,http://placeimg.com/640/480/people,864 Art Trail,Ledner Valley,8476,Celestinobury,34695,Senegal,SN,18.759649,-65.562746
193,Leonie,Crona,frieda.feest@gmail.com,13806797572,1955-05-27,female,http://treutel.org,http://placeimg.com/640/480/people,29838 Hessel Burg,Keeling Gardens,4778,McDermottfort,93412-8564,Pitcairn Islands,PN,8.805628,30.862069
194,Taylor,Kuhn,karson.waelchi@hotmail.com,14405205448,2022-09-18,male,http://zieme.net,http://placeimg.com/640/480/people,51853 Zieme Roads Suite 903,Abbey Land,57793,West Rooseveltport,34515-9201,São Tomé & Príncipe,ST,-28.543043,-92.807938
195,Evert,Parisian,wrussel@gmail.com,16505282769,1955-01-08,male,http://fisher.net,http://placeimg.com/640/480/people,65455 Dejon Via Suite 238,Satterfield Canyon,96858,West Giafurt,61191-6382,Uganda,UG,-50.199865,16.257092
196,Talia,Strosin,antwan.howe@abbott.com,17572794782,1948-06-02,female,http://roob.com,http://placeimg.com/640/480/people,869 Vandervort Forges,D'Amore Brooks,5885,South Cletustown,19998-6851,Malaysia,MY,12.293539,26.479374
197,Nikko,Zemlak,carter.kayden@yahoo.com,17203512937,1964-08-18,male,http://hayes.net,http://placeimg.com/640/480/people,898 Leffler Center,Alexandrea Haven,17781,North Ruthiemouth,25921,Benin,BJ,-59.67482,-77.196934
198,Domenick,Macejkovic,rhiannon71@yahoo.com,15719382433,1988-02-20,male,http://tremblay.com,http://placeimg.com/640/480/people,2768 Rohan Cape,Frami Spurs,26197,East Earlineport,03028,Lebanon,LB,88.492899,-118.128215
199,Amaya,Franecki,kristina.beahan@larson.net,13073868982,1941-09-24,female,http://champlin.com,http://placeimg.com/640/480/people,11959 Landen Plaza,Runolfsdottir Summit,79743,Imeldatown,22276-5771,Aruba,AW,8.993076,-163.572637
200,Telly,Champlin,zelma71@gmail.com,14406162844,1997-01-14,female,http://tillman.com,http://placeimg.com/640/480/people,2462 Mills Park Suite 465,Thomas Expressway,221,Romatown,41665-4278,Kuwait,KW,10.274879,98.708147
201,Macey,Armstrong,xstrosin@hotmail.com,18489667977,1987-05-24,male,http://murphy.com,http://placeimg.com/640/480/people,6523 Eliseo Crossing,Dawn Trace,9959,East Beaulah,56304,Portugal,PT,-61.331991,116.93288
202,Meredith,Adams,gerlach.salvatore@hotmail.com,12549131427,1961-10-07,female,http://runolfsson.info,http://placeimg.com/640/480/people,2035 Marcelino Burg Apt. 129,Jerry Inlet,60890,Lake Tressaside,87538,Croatia,HR,-25.957023,41.045387
203,Stacey,Batz,mitchel.gleason@weimann.biz,17693410701,2023-10-31,female,http://blanda.net,http://placeimg.com/640/480/people,56340 Blanda Islands Suite 152,Hackett Track,80412,Millsbury,21386,Guernsey,GG,17.469962,-111.610602
204,Emil,Volkman,gsipes@satterfield.com,13418801455,1959-06-02,male,http://stamm.com,http://placeimg.com/640/480/people,48775 Hagenes Land,Anna Mill,32176,West Khalidville,24392,Cook Islands,CK,82.533413,117.653544
205,Brittany,Tremblay,ekihn@yahoo.com,16307831179,1944-09-07,female,http://littel.org,http://placeimg.com/640/480/people,9176 Block Summit,Rosina Common,9720,Rogahnhaven,30592,Pakistan,PK,39.42702,1.764561
206,Kristina,DuBuque,bechtelar.kenny@jacobi.org,16573369503,1966-10-03,female,http://reichel.com,http://placeimg.com/640/480/people,7866 Leslie Divide,Kshlerin Greens,5252,Lake Orlandfurt,21462,Italy,IT,0.896934,-12.240542
207,Rory,Wisozk,roderick63@gmail.com,12346934336,1996-12-07,male,http://haley.com,http://placeimg.com/640/480/people,5913 Merritt Vista,Langosh Well,31093,Port Brettmouth,28900-9645,Germany,DE,-88.397109,-51.001843
208,Alejandrin,Jacobson,solon.homenick@funk.com,12393355252,1967-03-11,male,http://brown.com,http://placeimg.com/640/480/people,6616 McClure Road,Weber Fort,664,South Lazaroville,44614-1187,Bulgaria,BG,52.86786,109.665243
209,Raven,Kris,fahey.lonie@lesch.com,14633018013,1987-02-09,male,http://kemmer.com,http://placeimg.com/640/480/people,5203 Senger Greens Suite 064,Beer Loop,43835,Maiaberg,49236,Spain,ES,-13.534475,97.175472
210,Nash,Zemlak,estella33@kilback.com,17817039796,1993-04-13,male,http://wilkinson.com,http://placeimg.com/640/480/people,886 Vito Circles,Little Grove,116,New Gretatown,84378-7084,Madagascar,MG,-17.505812,-172.077658
211,Paolo,Jacobs,dahlia21@hotmail.com,17576217339,1963-09-09,male,http://bernier.com,http://placeimg.com/640/480/people,2289 Hartmann Island Apt. 519,Batz Alley,53135,Schmittshire,13553,Solomon Islands,SB,40.040672,-149.701656
212,Louisa,DuBuque,rubye.kiehn@gmail.com,16788581716,2012-02-28,male,http://okuneva.com,http://placeimg.com/640/480/people,4712 Ruthie Roads,Felix Extensions,323,Lake Mallie,75997,Peru,PE,-44.214366,-91.332609
213,Demario,Windler,leffler.stella@gmail.com,13807912723,1998-12-31,male,http://gusikowski.com,http://placeimg.com/640/480/people,9816 Andreanne Groves,Fleta Rapid,5305,Lake Angelineburgh,12327-2036,Sint Maarten,SX,61.900876,-86.876009
214,Edward,Hyatt,jacobi.tatum@king.com,13619535147,1976-01-25,male,http://klein.biz,http://placeimg.com/640/480/people,91402 Sanford Wall,Gibson Street,7215,West Cordell,92788-8250,Spain,ES,-31.119805,-148.272108
215,Lela,Doyle,jeremy.parisian@leffler.net,13092593544,1984-02-11,female,http://metz.biz,http://placeimg.com/640/480/people,586 Lubowitz Inlet Suite 849,Murazik Mountains,77353,South Genevieveview,47353,Turks & Caicos Islands,TC,-3.844891,133.869245
216,Lydia,Lesch,llittle@effertz.org,12184121466,1979-12-28,female,http://streich.biz,http://placeimg.com/640/480/people,903 Judy Land Suite 481,Gladys Crossing,5341,West Tristinview,42883-6385,Cocos (Keeling) Islands,CC,7.026994,142.148636
217,Cassandre,Schimmel,laron.veum@halvorson.net,16507770978,1947-04-12,female,http://schmeler.com,http://placeimg.com/640/480/people,76510 Lavon Prairie Suite 406,Diamond Estate,1559,Jaydabury,08790,Palestinian Territories,PS,42.758026,20.761664
218,Garnett,Okuneva,chad.bechtelar@gmail.com,12833544618,1993-09-13,male,http://medhurst.com,http://placeimg.com/640/480/people,4014 Graham Way Suite 595,Tito Summit,2896,North Mattietown,54130-8868,Bahrain,BH,-40.364167,15.772024
219,Dee,Upton,zander.gerlach@cronin.com,18542075258,1988-10-30,male,http://borer.info,http://placeimg.com/640/480/people,76026 Kunze Path,Bruen Way,6695,Richardhaven,46390-3612,Cyprus,CY,37.485165,-59.992214
220,Bridie,Towne,kunze.kiarra@schaden.net,15074087415,1980-07-27,female,http://corkery.com,http://placeimg.com/640/480/people,839 Leuschke Flat Suite 895,Lockman Expressway,52390,O'Haraborough,89439-1777,Congo - Kinshasa,CD,35.287347,69.223013
221,Rogelio,Becker,carter.vance@tromp.com,12605491673,1969-04-15,male,http://white.com,http://placeimg.com/640/480/people,40041 Hermiston Inlet,Maximilian Points,29215,Troyburgh,67048-2387,Guinea-Bissau,GW,-31.167331,-118.689244
222,Irwin,Cassin,kuphal.ashton@gmail.com,15407464990,1950-03-18,male,http://emard.net,http://placeimg.com/640/480/people,461 Zakary Ferry,Daniela Oval,787,Port Nova,13952-5672,Gabon,GA,76.305172,40.108444
223,Anissa,Leuschke,zion.harris@hartmann.com,15089540049,2000-05-16,female,http://doyle.com,http://placeimg.com/640/480/people,5074 Mayert Fork Suite 818,Kertzmann Inlet,9471,Dietrichfurt,21439,Ireland,IE,-41.534198,-147.571157
224,Fredrick,Douglas,claudie.gottlieb@yahoo.com,13809150952,2012-03-07,male,http://ortiz.com,http://placeimg.com/640/480/people,436 Laurence Causeway Suite 178,Geovanni Light,73399,East Damianland,30734-7955,Slovakia,SK,-1.964615,0.375689
225,Brandt,Crist,rita06@hotmail.com,13416503807,1941-03-22,male,http://nolan.net,http://placeimg.com/640/480/people,8079 Phoebe Cove Apt. 384,Leslie Highway,834,Weberside,87060,Egypt,EG,29.825759,-31.14323
226,Roderick,Glover,ueffertz@hotmail.com,12284491936,1990-08-10,male,http://harber.org,http://placeimg.com/640/480/people,4468 Kiley Vista Apt. 932,Bernice Cape,64533,Treutelbury,18187-0796,Palestinian Territories,PS,35.212485,158.415735
227,Katlynn,Raynor,jtremblay@gerlach.com,17695106084,1970-07-31,female,http://schinner.net,http://placeimg.com/640/480/people,44606 Stanton Expressway Suite 821,Pearline Way,2647,Lake Bradside,55298,St. Vincent & Grenadines,VC,-48.312248,-165.204908
228,Kody,Zieme,golden.kub@kutch.org,12342802478,1945-04-05,male,http://bruen.info,http://placeimg.com/640/480/people,63576 Wunsch Ford Apt. 831,Abshire Tunnel,32050,Port Adeliaport,78702,Morocco,MA,84.594934,169.39276
229,Ivah,Gorczany,dibbert.erna@feil.com,13412406985,1949-05-08,female,http://dubuque.com,http://placeimg.com/640/480/people,4507 Schinner Circles Apt. 716,Hammes Well,8485,Yundtbury,41617,Pitcairn Islands,PN,19.190562,2.617608
230,Lupe,Davis,ymckenzie@emmerich.info,15807717834,2023-06-07,female,http://conn.com,http://placeimg.com/640/480/people,498 Nedra Camp Suite 439,Yasmine Cape,8223,Dillanbury,81525-8236,Uzbekistan,UZ,37.307761,119.960485
231,Jedidiah,Schiller,melany71@hotmail.com,14304552188,2022-11-02,male,http://klein.com,http://placeimg.com/640/480/people,199 Jayda Ports,Cruickshank Forge,676,Port Judah,93498,Yemen,YE,-24.8994,65.502233
232,Titus,Kohler,zwisozk@hotmail.com,18068977908,1948-02-05,male,http://wisoky.com,http://placeimg.com/640/480/people,31917 Nader Turnpike,Muhammad Island,358,North Collin,22922,St. Helena,SH,26.853366,49.528895
233,Raina,Corwin,mcglynn.jeffrey@murphy.com,18572624798,1980-10-02,female,http://yost.net,http://placeimg.com/640/480/people,65229 Homenick Extensions Suite 763,Caleb Points,20761,Aldaville,49773,Sweden,SE,-39.802232,164.640959
234,Elisa,Bayer,troy33@cummerata.com,14176516773,1962-07-23,female,http://reynolds.info,http://placeimg.com/640/480/people,93800 Heaney Canyon,Jakob Path,434,Aufderharland,86682-1987,Mexico,MX,80.939115,-171.895588
235,Ewald,Bechtelar,weber.edwin@yahoo.com,15393682902,2014-02-28,male,http://braun.com,http://placeimg.com/640/480/people,7149 Janiya Causeway Suite 312,Weber Plains,592,Shanyhaven,19066,St. Pierre & Miquelon,PM,1.808386,-169.59245
236,Meda,Bergnaum,renner.remington@hotmail.com,12096289653,2000-11-03,female,http://bins.com,http://placeimg.com/640/480/people,4462 Wuckert Extension,Jaylon Centers,447,Raubury,68327,Venezuela,VE,43.26221,-98.60662
237,Alisa,Heller,idoyle@runolfsdottir.com,17795240218,1949-08-08,female,http://metz.com,http://placeimg.com/640/480/people,998 Lavern Ridges,Kassulke Trail,8891,South Kristofferview,01585-9089,Tunisia,TN,49.333904,-136.075272
238,Lemuel,Bergstrom,dbergnaum@hotmail.com,18156799715,1989-09-17,male,http://beier.com,http://placeimg.com/640/480/people,5606 Jonas Haven,Jacobson Motorway,3178,Port Melba,07540,Botswana,BW,65.674835,-42.420151
239,Maureen,Jast,dejah.baumbach@yahoo.com,17724048157,1958-02-03,female,http://aufderhar.com,http://placeimg.com/640/480/people,965 Angelo Divide,Heller Vista,55231,Theronbury,05696,Colombia,CO,-11.558061,27.337769
240,Bradford,Funk,rullrich@hotmail.com,13646065094,2004-03-08,male,http://mckenzie.biz,http://placeimg.com/640/480/people,261 Daryl Parkway Suite 723,Gorczany Ferry,350,North Clementinatown,70437,Jordan,JO,-40.564338,-69.550134
241,Bella,Fisher,modesta18@gmail.com,16053435966,1955-03-31,female,http://reichel.com,http://placeimg.com/640/480/people,714 Lubowitz Junction Suite 215,Breanna Mills,985,Corbinfort,63475-9220,Brunei,BN,-77.511417,118.712615
242,Elouise,Orn,omonahan@luettgen.info,18728848888,1959-03-05,female,http://gottlieb.com,http://placeimg.com/640/480/people,57283 Rutherford Oval Apt. 683,Jarrod Trafficway,3712,South Retta,63877,Cambodia,KH,42.47234,161.191651
243,Ervin,Kutch,trantow.krystina@dare.com,17572643008,2002-01-31,male,http://glover.com,http://placeimg.com/640/480/people,269 Dangelo Locks Suite 359,Kassulke Field,9873,Rodriguezland,02480,Iraq,IQ,8.659007,114.651442
244,Helmer,Strosin,sydney.ferry@abshire.net,14354919647,1992-05-18,male,http://konopelski.info,http://placeimg.com/640/480/people,3169 Eichmann Square Suite 457,Schiller Glens,10994,Sharonhaven,22816,Canada,CA,5.283003,-58.753104
245,Foster,Sawayn,rwillms@mccullough.net,13142204527,1992-06-20,male,http://schamberger.com,http://placeimg.com/640/480/people,89242 Haleigh Ferry,Raphaelle Street,615,Clintstad,07858-6065,Myanmar (Burma),MM,28.219107,-52.354734
246,Martine,Johns,ijaskolski@yahoo.com,12348519298,2003-07-30,female,http://legros.com,http://placeimg.com/640/480/people,205 Jast Plains Suite 746,Christopher Vista,360,Precioushaven,83116,Belize,BZ,25.667618,89.520874
247,Oscar,Eichmann,diamond.lakin@hotmail.com,19098648346,1980-05-13,male,http://stanton.info,http://placeimg.com/640/480/people,523 Dina Locks Apt. 510,Jonathon Lodge,2892,Jaunitahaven,83257,Madagascar,MG,63.76141,-133.629718
248,Isabel,Wintheiser,jensen01@gmail.com,17753742239,1970-07-15,female,http://gleichner.com,http://placeimg.com/640/480/people,410 Mueller Pine Suite 776,Mann Port,546,South Leonardomouth,35407,Lithuania,LT,67.784513,81.685736
249,Camylle,Fritsch,vern91@swaniawski.com,13186267515,2026-03-31,female,http://greenholt.com,http://placeimg.com/640/480/people,50665 Juliet Bridge,Aufderhar Crest,9153,South Dion,73615,Latvia,LV,-38.381026,162.672397
250,Anna,Sipes,taya.daugherty@hotmail.com,19349021809,2000-10-19,female,http://heidenreich.org,http://placeimg.com/640/480/people,642 Cummings Trafficway Apt. 555,Lauretta Squares,266,Port Cortez,02807-0334,Afghanistan,AF,72.164937,63.103825
251,Raphaelle,Emard,daugherty.cynthia@gmail.com,12672696283,2013-02-03,female,http://will.com,http://placeimg.com/640/480/people,691 Phoebe Lights Suite 153,Jolie Rest,14155,East Bennett,87651-6858,Portugal,PT,-86.586646,86.658612
252,Pearl,Pollich,lenora22@yahoo.com,13202523678,2004-11-04,female,http://johnston.com,http://placeimg.com/640/480/people,23258 Nakia Pass,Pagac Stravenue,647,Rutherfordstad,22258-8245,Afghanistan,AF,15.24808,-111.619545
253,Bobbie,O'Kon,arlie53@gmail.com,17247728206,1992-01-25,male,http://haag.com,http://placeimg.com/640/480/people,130 Jon Summit Suite 362,Guido Shoal,245,Odieside,10941-4831,Palestinian Territories,PS,-41.133059,-14.157448
254,Muhammad,Murphy,mattie84@hotmail.com,19854690728,1977-03-06,male,http://cormier.com,http://placeimg.com/640/480/people,32268 Alexanne Bypass,Doyle Meadows,504,Staceyland,18895-1611,Wallis & Futuna,WF,-87.898215,134.144929
255,Wade,Kuhic,walker78@hotmail.com,13516415120,2017-05-20,male,http://hirthe.info,http://placeimg.com/640/480/people,124 Ronny Glen Suite 126,Marquardt Dam,81534,Port Caylaland,71690-9265,Norfolk Island,NF,-71.163001,-73.329571
256,Murl,Kerluke,lwillms@hotmail.com,17548195279,1938-12-05,male,http://hansen.com,http://placeimg.com/640/480/people,606 Kelsi Mall Apt. 270,O'Conner Rest,52542,Port Ramonastad,52499,Ecuador,EC,-79.126506,-175.335078
257,Libbie,Feeney,marion16@waters.org,14844451470,2003-07-29,female,http://blanda.biz,http://placeimg.com/640/480/people,3760 Nikolaus Green Suite 320,Thaddeus Forges,18960,Wernerberg,19279,Uganda,UG,-18.691827,-102.92736
258,Rubye,Simonis,ecrona@hotmail.com,13647715501,2018-05-16,female,http://kling.com,http://placeimg.com/640/480/people,56605 Mertz Forges,Lenora Burg,402,East Kamillechester,32523,St. Kitts & Nevis,KN,65.778841,132.001957
259,Lucinda,Bergnaum,mcglynn.viva@gmail.com,16173142470,2018-08-07,female,http://bauch.com,http://placeimg.com/640/480/people,1291 Schaden Burgs Suite 753,Genevieve Keys,2411,Melyssaside,98402,Timor-Leste,TL,-21.786426,-4.881128
260,Rosanna,Morar,mcglynn.laurel@corkery.com,12095433623,1954-07-10,female,http://konopelski.com,http://placeimg.com/640/480/people,3661 Carolanne Road,Shanna Trace,2819,North Cleo,20301-6357,Taiwan,TW,29.757404,169.346589
261,Alene,Sanford,santos.murazik@kovacek.net,13864733772,1943-04-14,female,http://fritsch.org,http://placeimg.com/640/480/people,68780 Armand Oval Apt. 018,Ebert Place,945,Idellaside,29388,St. Helena,SH,38.179921,-51.627488
262,Kaden,Lind,yabbott@hotmail.com,13607754149,2006-03-23,male,http://lang.com,http://placeimg.com/640/480/people,810 Monty Corners Suite 931,Koss Port,4801,Keshawntown,53732-8175,Nigeria,NG,88.136206,-84.365109
263,Claudie,Marks,dariana.fay@waelchi.net,13608728491,2016-02-05,female,http://hackett.com,http://placeimg.com/640/480/people,26369 Hill Circles Apt. 443,Caesar Mount,27834,New Kaceyburgh,85601,St. Martin,MF,13.489018,84.150951
264,Adalberto,Flatley,garret.bechtelar@eichmann.com,17545855412,2007-08-13,male,http://heathcote.com,http://placeimg.com/640/480/people,82452 Greta Views Suite 527,Jackie Highway,67839,Port Hectorland,47141,Mexico,MX,-24.994063,-1.874144
265,Florencio,Vandervort,morar.larry@wolf.com,12086880436,1985-11-28,male,http://nolan.org,http://placeimg.com/640/480/people,374 Otis Groves Apt. 408,Ethyl Parkway,220,Creminmouth,03888-9964,Central African Republic,CF,-9.98804,13.735333
266,Adam,Stracke,blanche.wuckert@ohara.com,19712354851,1980-08-10,male,http://anderson.com,http://placeimg.com/640/480/people,4662 Wilderman Wells,McKenzie Camp,24120,North Karley,84423,Laos,LA,85.220259,-159.771196
267,Jacinthe,Hamill,stanton.breana@padberg.info,12486662989,1970-10-18,female,http://hayes.info,http://placeimg.com/640/480/people,99040 Mariane Greens Suite 427,Roberts Causeway,2266,New Elyse,38626-5150,Pitcairn Islands,PN,89.201905,-83.828195
268,Alene,Ebert,afriesen@goodwin.com,15717661328,1969-05-03,female,http://sauer.com,http://placeimg.com/640/480/people,943 Paucek Rapids,Edyth Circle,12750,Hansenchester,20096,Guatemala,GT,-32.510991,-82.123236
269,Izabella,Hintz,hoyt.dare@feest.net,19802702277,1966-05-11,female,http://monahan.com,http://placeimg.com/640/480/people,639 Carroll Gardens Apt. 627,Wiegand Gardens,28251,Kreigerville,54424-2282,Kazakhstan,KZ,53.059262,153.621779
270,Celestino,Krajcik,schuster.cassie@lebsack.com,14402363822,1955-12-09,male,http://pfannerstill.info,http://placeimg.com/640/480/people,134 Turcotte Estates Apt. 008,Tyra Field,490,Stantonshire,08759-7480,San Marino,SM,69.119372,70.001813
271,Ariane,Dare,yprosacco@schaden.com,12099561385,1952-05-14,female,http://hansen.net,http://placeimg.com/640/480/people,80840 Lora Island,Thea Drives,714,Bechtelarland,74005,Zambia,ZM,71.229351,177.936815
272,Precious,Cormier,allie.morissette@gmail.com,19074203028,1962-05-23,female,http://botsford.net,http://placeimg.com/640/480/people,5285 Will Mission Suite 127,Macejkovic Drives,56151,New Alford,40297,United Kingdom,GB,-27.023229,43.339945
273,Meagan,Lind,fconsidine@gmail.com,14239519349,1988-08-25,female,http://gleichner.com,http://placeimg.com/640/480/people,7841 Cruickshank Lodge,Lubowitz Plaza,47823,Howeborough,71542-9605,Czechia,CZ,-41.160796,-82.532851
274,Richie,Cole,bechtelar.chester@mayer.com,17856835434,1972-11-11,male,http://schmeler.com,http://placeimg.com/640/480/people,2542 Lottie Plaza,Brekke Forges,2414,Port Sean,51639-4292,Paraguay,PY,15.967206,163.167912
275,Raul,Thiel,rjones@yahoo.com,15635416950,1937-01-12,male,http://beahan.com,http://placeimg.com/640/480/people,1442 Cyril Lane Suite 421,Schmidt Trace,2563,Brisafurt,01778-9425,Gibraltar,GI,-88.656922,-119.450866
276,Brandt,Torphy,andrew05@hotmail.com,17756369944,1951-10-18,male,http://braun.com,http://placeimg.com/640/480/people,8857 George Centers,Rafaela Plaza,633,Kingville,38577,Afghanistan,AF,14.403215,-166.881079
277,Toby,Lynch,yolanda94@gorczany.com,15209330071,1985-01-26,male,http://stanton.org,http://placeimg.com/640/480/people,322 Rodriguez Drive Suite 567,Enrique Ramp,807,Port Zacharyfurt,13201-1080,Canada,CA,-1.441586,37.137584
278,Nikolas,Mills,kharvey@hotmail.com,16089480421,2020-10-01,male,http://anderson.com,http://placeimg.com/640/480/people,31639 Katrine Gardens,Felton Crossing,43964,North Carolanne,15227,United Kingdom,GB,9.203426,129.717053
279,Donald,Wolf,rmills@corwin.com,17579939363,2025-08-30,male,http://hansen.com,http://placeimg.com/640/480/people,428 Ara Crest,Waelchi Dale,9901,Karianneville,08915,Cocos (Keeling) Islands,CC,21.265743,60.167609
280,Tavares,Hauck,lucile.beer@kuvalis.biz,17408313286,2010-07-24,male,http://schmeler.com,http://placeimg.com/640/480/people,7919 Jairo Trail,Huels Divide,7762,Boscofort,66589-2587,Timor-Leste,TL,-1.853924,64.889597
281,Camila,Becker,emmanuelle.connelly@pfeffer.biz,14799580519,1955-08-21,female,http://labadie.info,http://placeimg.com/640/480/people,6281 Swift Lane,Chelsea Burgs,21615,New Vallieburgh,39138-6900,Latvia,LV,61.897932,5.388789
282,Jamil,Wuckert,wintheiser.lia@olson.com,15128714383,1978-02-06,male,http://kozey.com,http://placeimg.com/640/480/people,58083 Altenwerth Inlet,Kuhic River,680,New Madge,44567,Antigua & Barbuda,AG,38.008555,-48.730542
283,Murphy,Kutch,mhuel@rowe.com,18634431667,1999-04-25,male,http://baumbach.com,http://placeimg.com/640/480/people,7617 Lockman Ford,Larson Pines,665,Kayliechester,56023-8461,Netherlands,NL,-75.538407,-16.982388
284,Allan,Hill,wparisian@hotmail.com,14797278842,1985-12-01,male,http://strosin.com,http://placeimg.com/640/480/people,8584 Elisabeth Forge,Greenholt Square,43010,Lonport,80072-5618,Yemen,YE,45.551061,-56.654474
285,Emelie,Kris,mattie.fahey@gmail.com,14154276820,2024-06-14,female,http://effertz.com,http://placeimg.com/640/480/people,6648 Larson View Apt. 539,Cassin Square,5284,Naomimouth,92360-1802,Ireland,IE,60.406768,152.393036
286,Brandt,Wuckert,bria50@quitzon.com,12524641527,2022-07-03,male,http://collins.com,http://placeimg.com/640/480/people,926 Gleason Mission Suite 063,Destinee Knolls,7125,Kileyland,66044,North Macedonia,MK,-51.743404,57.425779
287,Anika,Marks,kevin.graham@yahoo.com,12399205541,2010-01-11,female,http://oconnell.com,http://placeimg.com/640/480/people,690 Keyon Flats Apt. 149,Legros Shores,88396,Macland,61633-8161,South Korea,KR,-86.202996,-72.124935
288,Adaline,Sanford,kemmer.tatum@yahoo.com,12514276834,1996-04-18,female,http://braun.com,http://placeimg.com/640/480/people,18245 Davion Avenue Apt. 823,Eldon Cove,4315,Lake Nestor,11249-8794,Bosnia & Herzegovina,BA,-71.23945,90.742336
289,Wilson,Spencer,beer.anya@gmail.com,17195255394,1936-12-11,male,http://osinski.org,http://placeimg.com/640/480/people,467 Forest Plain,Hodkiewicz Manor,96177,Lindsayview,85148,New Caledonia,NC,34.702795,-177.162344
290,Jody,Lubowitz,ddoyle@mccullough.biz,13517678543,1997-10-07,female,http://zemlak.com,http://placeimg.com/640/480/people,2194 Morar Circles,Carlee Garden,65991,South Betteview,29459-7678,Singapore,SG,-34.979216,-6.818227
291,Ken,Kassulke,flockman@gmail.com,13133906258,1981-12-15,male,http://ryan.info,http://placeimg.com/640/480/people,57161 Jerde Falls Apt. 579,Brandi Spurs,7981,Allanport,66593,Christmas Island,CX,30.433985,-141.816984
292,Dan,Sporer,urban41@gmail.com,18702134477,1950-12-29,male,http://dicki.info,http://placeimg.com/640/480/people,316 Feil View Suite 127,Schaefer Views,74526,Naderview,96642-0689,Guernsey,GG,-55.766693,-58.979177
293,Trey,Hackett,kihn.destiney@yahoo.com,13805177302,1976-08-03,male,http://predovic.info,http://placeimg.com/640/480/people,597 Terry Hill,Smitham Rapid,6430,Taliabury,88594-9499,Estonia,EE,-57.216815,3.506882
294,Dina,Pfeffer,ygerhold@senger.com,12289539836,1943-03-25,female,http://gorczany.info,http://placeimg.com/640/480/people,567 Kris Well Apt. 739,Nicolas Prairie,714,South Justyn,06409,São Tomé & Príncipe,ST,4.679433,-179.645996
295,Albert,Flatley,mwindler@gmail.com,16826457483,2001-04-27,male,http://sauer.com,http://placeimg.com/640/480/people,5264 Jerad Turnpike,Syble Drive,1369,West Consuelo,07062,North Macedonia,MK,49.117651,102.744004
296,Dan,Conroy,gerardo.murphy@yahoo.com,17276421519,1997-03-31,male,http://jast.com,http://placeimg.com/640/480/people,2865 Leannon Shore,Arden Well,88671,Volkmanfort,58784-2524,Tokelau,TK,27.576954,78.056728
297,Iliana,White,kelsie.cruickshank@monahan.com,14242848677,2022-05-10,female,http://yost.info,http://placeimg.com/640/480/people,396 Aubree Isle,Barton Well,3375,Gislasonchester,05804,Romania,RO,-80.433665,160.63073
298,Vivienne,Jacobs,rippin.jesus@reilly.net,17326867012,1948-03-31,female,http://hickle.com,http://placeimg.com/640/480/people,195 Lakin Light Apt. 390,Satterfield Port,2264,Donnellyview,32077-2984,Japan,JP,-33.478996,-99.740213
299,Giovanni,Gorczany,fahey.shannon@schmitt.com,17138945781,2009-03-29,male,http://wilkinson.com,http://placeimg.com/640/480/people,30101 Tracey Canyon Apt. 860,Vicky Mill,3850,Ismaelside,14599-0332,Suriname,SR,-52.830958,-77.219491
300,Mollie,Kling,xosinski@rosenbaum.com,13869338538,1996-10-04,female,http://kertzmann.biz,http://placeimg.com/640/480/people,747 Izaiah Way,Sienna Underpass,835,Hegmannmouth,96529-7247,Panama,PA,-42.990136,53.58808
301,Jorge,Langosh,langosh.kassandra@hotmail.com,13342761790,1976-08-04,male,http://frami.com,http://placeimg.com/640/480/people,9400 Antonietta Haven,Garrett Mountains,1107,Gutmannborough,92786,Central African Republic,CF,42.435458,13.285926
302,Karson,Kris,wbode@hotmail.com,14803513618,1979-02-07,male,http://abernathy.com,http://placeimg.com/640/480/people,905 Julien Pines,Hills Freeway,7575,Port Okey,58637-1461,Greenland,GL,-81.078391,-60.360681
303,Aliyah,Stark,heidenreich.ewald@yahoo.com,13803109753,1971-12-18,female,http://dicki.com,http://placeimg.com/640/480/people,8164 Janessa Summit,Block Alley,53469,Uniqueland,94892-7937,New Caledonia,NC,27.338352,-133.328473
304,Schuyler,Schuster,pagac.nick@ziemann.com,18287308611,1970-06-14,male,http://kessler.com,http://placeimg.com/640/480/people,427 Roxane Prairie,Alessandra Parks,828,East Sibylbury,80715,Pakistan,PK,77.12942,-128.255112
305,Raphaelle,Kautzer,earl.considine@hackett.com,15413885306,2013-09-08,female,http://berge.com,http://placeimg.com/640/480/people,6705 Maribel Brook,Annamarie Locks,299,South Chelsea,59790-9455,Chad,TD,-41.064047,-157.451106
306,Issac,Pfannerstill,gaetano.mante@schumm.com,17739427108,1966-07-13,male,http://cartwright.biz,http://placeimg.com/640/480/people,6348 Simonis Creek,Ernest Fork,5850,Lake Robbview,71090-5530,China,CN,29.44614,-104.479017
307,Carol,Romaguera,szemlak@yahoo.com,16803452864,1943-02-23,male,http://conroy.org,http://placeimg.com/640/480/people,232 Hackett Grove Apt. 906,Littel Junctions,103,Lake Emmiehaven,27368,Iceland,IS,-28.027268,123.464958
308,Filiberto,Brakus,kendall03@beatty.com,17436721400,1980-01-13,male,http://mccullough.net,http://placeimg.com/640/480/people,1224 Howell Overpass Apt. 243,Stark Shoals,39148,Wisozkport,05952-3350,Bahamas,BS,27.871363,-153.834591
309,Zora,Howell,blick.leonard@hotmail.com,16786877817,2001-11-23,female,http://orn.com,http://placeimg.com/640/480/people,561 Trisha Village Suite 895,Jevon Locks,94243,Cordellside,52101,Marshall Islands,MH,-57.814297,-163.237742
310,Mckenna,Dooley,ryan.marcelo@hirthe.com,15203273015,1972-04-15,male,http://thompson.com,http://placeimg.com/640/480/people,609 Audie Streets,Hattie Estate,26711,Felipaport,54733-6327,Greenland,GL,-29.027,-104.20211
311,Jeromy,Torp,liana.wolf@yahoo.com,15208968589,1984-02-27,male,http://baumbach.com,http://placeimg.com/640/480/people,939 Peyton Spurs Suite 379,Reinger Knolls,626,Lake Cullenberg,69083,Brunei,BN,-42.19863,135.224378
312,Giovani,Schinner,tierra.flatley@gmail.com,16166298223,2007-07-09,male,http://gerlach.com,http://placeimg.com/640/480/people,15398 Cassandra Road,Gerlach Station,5990,South Desmond,19928,Mexico,MX,79.812565,17.047541
313,Jerad,Keeling,aliyah.mcglynn@gmail.com,18127158003,1986-08-04,male,http://flatley.com,http://placeimg.com/640/480/people,18382 Krajcik Lodge Apt. 550,Courtney Mews,23593,South Karlieshire,73165-3123,Finland,FI,80.521118,30.687874
314,Micaela,Stiedemann,stehr.samantha@braun.net,16289930383,1953-05-17,female,http://ruecker.com,http://placeimg.com/640/480/people,4754 Jessie Summit,Alexandra Hills,4664,West Adelia,33870,Andorra,AD,50.142995,83.765331
315,Eliza,Witting,mconroy@hotmail.com,15639846655,1977-05-04,female,http://stehr.com,http://placeimg.com/640/480/people,982 Verlie Causeway Suite 318,Shannon Haven,467,West Tillman,06463-9077,China,CN,89.590222,87.433795
316,Cyrus,Hahn,barrows.werner@weber.com,14122033177,1939-01-21,male,http://hagenes.com,http://placeimg.com/640/480/people,3349 Donnell Terrace Apt. 381,Keebler Street,152,Port Freddy,63632-1305,United Kingdom,GB,57.133293,-136.214638
317,Adelia,Pacocha,qullrich@kessler.com,17655598875,2021-03-21,female,http://kohler.com,http://placeimg.com/640/480/people,59757 Altenwerth Junction Suite 948,Oran Ville,5875,Fayeland,33479-6430,Barbados,BB,-41.359252,-73.623526
318,Leatha,Kirlin,stehr.joseph@gmail.com,13479628422,2012-04-17,female,http://pfeffer.biz,http://placeimg.com/640/480/people,27815 Zboncak Plain Suite 703,Kertzmann Fort,46810,Port Violetteshire,79200-7065,Moldova,MD,88.829267,-29.626184
319,Davonte,Williamson,haag.filiberto@hotmail.com,14844898474,2017-08-01,male,http://wolff.com,http://placeimg.com/640/480/people,686 Else Trafficway,Hirthe Ways,47864,Hayesview,25009-2025,Marshall Islands,MH,56.032653,91.95841
320,Van,Murray,zjenkins@gmail.com,16818023003,1939-07-18,male,http://wiegand.net,http://placeimg.com/640/480/people,9366 White Crossroad,D'Amore Trafficway,79490,North Bridgetport,17357-3940,Burundi,BI,-14.373689,54.343617
321,Selina,Pacocha,kelli.balistreri@hilpert.com,18318157986,1984-01-23,female,http://zulauf.org,http://placeimg.com/640/480/people,571 Kuvalis Pass,Frankie Burgs,604,South Kyraland,17531,North Macedonia,MK,-2.334561,91.806436
322,Gennaro,Lang,aurelia.tromp@yahoo.com,18507656001,1985-12-03,male,http://stoltenberg.com,http://placeimg.com/640/480/people,25742 Dina Inlet,Gorczany Spring,83537,South Israelville,07817-7153,Greece,GR,-67.559987,-125.939184
323,Chet,Walter,etowne@hotmail.com,17816893982,1959-04-08,male,http://marks.biz,http://placeimg.com/640/480/people,73972 Greenholt Ridges,Hickle Rapid,494,East Maximeton,28706-3131,Ghana,GH,-18.114521,-70.663879
324,Cassandra,Hermiston,kirlin.elinore@gmail.com,12672688191,2011-02-02,female,http://schroeder.com,http://placeimg.com/640/480/people,705 Jacobson Vista,Jamal Ports,14296,Trevafurt,14966-6402,Syria,SY,-57.841407,-123.552262
325,Chase,Stehr,kolby.green@yahoo.com,19858572550,2022-03-02,male,http://bartell.info,http://placeimg.com/640/480/people,8481 Assunta Knoll Apt. 572,Gavin Radial,9488,Port Elouiseville,10386,U.S. Outlying Islands,UM,-31.94767,-55.4122
326,London,Padberg,zwaters@hotmail.com,12795244553,1990-06-12,male,http://schowalter.com,http://placeimg.com/640/480/people,215 Theresa Parks,Marquis Gateway,42823,Kirlintown,64344-5528,Cape Verde,CV,27.743097,94.614735
327,Kali,Oberbrunner,roselyn.cummerata@gmail.com,19807610470,1990-09-24,female,http://cummings.com,http://placeimg.com/640/480/people,853 Nikolaus Roads Suite 550,White Fork,26816,Emardside,22321-7398,Central African Republic,CF,-86.485914,-41.292261
328,Ally,Schmeler,kiehn.elisha@grant.com,15714859285,1991-05-03,female,http://bauch.com,http://placeimg.com/640/480/people,781 King Creek Apt. 070,Jerrell Mills,8080,Shieldsview,51966-5087,Albania,AL,-5.32103,89.769839
329,Rene,Cartwright,predovic.domenico@rempel.com,12319317528,2015-04-22,male,http://mcglynn.com,http://placeimg.com/640/480/people,70839 Collier Burg,Julianne Shoal,590,Port Berneicefurt,52098,Kyrgyzstan,KG,-40.736118,-144.227653
330,Juana,Zieme,carter.gunnar@yahoo.com,16294952709,2011-02-03,female,http://murazik.org,http://placeimg.com/640/480/people,6647 Darren Parks Apt. 152,Kadin Mountains,549,Abagailberg,02450-8629,Lithuania,LT,39.254937,109.885002
331,Vivien,Auer,lizzie.bartoletti@stracke.com,12812807324,1996-08-22,female,http://adams.com,http://placeimg.com/640/480/people,1540 Cummerata Lodge Suite 043,Mante Gateway,344,Ratkebury,66101-8914,Liechtenstein,LI,-86.781021,-37.467334
332,Cheyanne,Donnelly,marilou31@streich.com,19252547706,2003-05-19,female,http://flatley.com,http://placeimg.com/640/480/people,3182 Andrew Bypass,Violette Meadows,392,New Dale,56664-3393,Rwanda,RW,-49.003296,-7.764478
333,Jackson,Paucek,jolie10@pouros.com,15732247569,2014-02-28,male,http://weimann.com,http://placeimg.com/640/480/people,148 Bechtelar Avenue Apt. 449,Nayeli Crossing,92609,Hansenport,84229-8508,Seychelles,SC,-32.296205,-92.708473
334,Callie,Boyle,tre.renner@yahoo.com,18037570281,1968-02-15,female,http://gulgowski.biz,http://placeimg.com/640/480/people,848 Beatty Walks,Shanahan Forest,8946,South Clarkchester,99849,Indonesia,ID,13.201243,65.758458
335,Merlin,Bauch,dustin15@yahoo.com,14697694890,1980-02-01,male,http://littel.com,http://placeimg.com/640/480/people,5976 Abigale Prairie Suite 345,Jast Fords,91530,Torphymouth,03954-8436,Palau,PW,-37.03478,118.300544
336,Cassidy,Romaguera,schroeder.gladyce@hotmail.com,13305584852,2010-06-19,female,http://zulauf.com,http://placeimg.com/640/480/people,9461 Bailey Port Apt. 142,Courtney Forest,7079,Amberport,22162-9833,Slovenia,SI,-43.144704,177.864338
337,Leon,Cormier,cali.mosciski@gmail.com,17747133620,1946-06-11,male,http://hegmann.com,http://placeimg.com/640/480/people,6323 Skylar Mountains,Triston Lake,75921,New Vesta,29408-7459,Guatemala,GT,70.002376,-120.282793
338,Ursula,Cremin,abbott.noel@hotmail.com,19386403818,1989-11-21,female,http://kub.com,http://placeimg.com/640/480/people,158 Boyle Fields Apt. 443,Bashirian Mills,72204,New Alfonzo,57933,North Macedonia,MK,-65.292936,-81.725147
339,Brenna,White,zkshlerin@franecki.com,12726235904,1981-06-12,female,http://abernathy.net,http://placeimg.com/640/480/people,539 Fisher Branch Apt. 384,Gorczany Bridge,180,McCulloughmouth,56552-5314,Eswatini,SZ,84.895792,56.273397
340,Karson,Predovic,florine38@hotmail.com,15519398241,2023-01-30,male,http://stark.biz,http://placeimg.com/640/480/people,965 Omer Streets Suite 194,Metz Union,63542,West Krystelborough,03298-6474,North Macedonia,MK,-15.659802,-125.096334
341,Alisa,Goldner,merlin.larson@kovacek.biz,13326011483,1945-01-12,female,http://krajcik.com,http://placeimg.com/640/480/people,4230 Carole Viaduct,Cartwright Courts,8019,Feilstad,38370,Guinea,GN,-46.675234,105.449527
342,Cathy,Denesik,francisca68@sipes.com,14635787081,1963-04-10,female,http://baumbach.com,http://placeimg.com/640/480/people,875 Misty Unions Apt. 416,Terry Falls,49875,Arvidburgh,84119,Gibraltar,GI,-55.878378,-108.388547
343,Jennie,Graham,lauryn09@crona.biz,13513068734,1976-10-28,female,http://hegmann.biz,http://placeimg.com/640/480/people,4241 Joelle Spurs Suite 867,Richie Throughway,98743,West Della,34275-1019,Netherlands,NL,-8.89914,-54.413233
344,Ulises,Moen,coconner@zieme.net,16513524434,1990-01-14,male,http://schiller.com,http://placeimg.com/640/480/people,288 Luciano Stravenue Suite 171,Glover Burg,6001,Hilpertfort,52159-1573,Nicaragua,NI,-18.903323,122.263005
345,Gail,Tillman,keebler.ambrose@hammes.com,13216237842,1965-05-12,female,http://zieme.biz,http://placeimg.com/640/480/people,9374 Rozella Fall Suite 101,Parker Spur,44052,South Brianastad,00165-0352,Nauru,NR,26.850464,88.227204
346,Kitty,Dibbert,mcorwin@yahoo.com,19014816389,1955-10-09,female,http://borer.com,http://placeimg.com/640/480/people,2041 Baumbach Track,Schultz Meadow,683,West Thora,73085,Åland Islands,AX,-48.904645,-83.201799
347,Kaycee,Zulauf,moore.mandy@abshire.com,12313793183,1974-03-24,female,http://parker.biz,http://placeimg.com/640/480/people,9773 Everett Prairie,Clovis Tunnel,8868,Herbertton,29824,Türkiye,TR,16.20159,3.96897
348,Molly,Rempel,brown.aniyah@hotmail.com,13863177999,1981-08-19,female,http://krajcik.com,http://placeimg.com/640/480/people,607 Nickolas Land,Hoeger Place,563,Schuppefort,56483-1453,Bahrain,BH,62.750969,-126.328369
349,Dylan,Cruickshank,wnitzsche@yahoo.com,16102548292,1939-01-05,male,http://schinner.com,http://placeimg.com/640/480/people,454 Collier Stream Apt. 474,Misael Pass,74107,Russelland,11449-9110,Bermuda,BM,-77.608798,176.291403
350,Enrique,Cartwright,terry.nathanael@connelly.com,18325122647,1943-11-23,male,http://gibson.com,http://placeimg.com/640/480/people,22391 Okuneva Squares Apt. 093,Tressa Branch,535,Ashtynmouth,23596,Panama,PA,48.958469,87.428479
351,Carissa,Farrell,gutmann.harry@gmail.com,15393308888,1964-03-16,female,http://deckow.com,http://placeimg.com/640/480/people,26476 Schmeler Station,Ullrich Inlet,40007,Mannberg,62216,Australia,AU,52.850609,8.317011
352,Ressie,Senger,lblanda@hotmail.com,16025249535,1970-11-20,female,http://larkin.org,http://placeimg.com/640/480/people,4490 Helmer Plaza Suite 322,Arlene Run,492,Rutherfordshire,10812-9695,Sri Lanka,LK,36.690497,-59.540742
353,Shyann,Batz,xthompson@yahoo.com,15513559662,1954-10-23,female,http://mohr.com,http://placeimg.com/640/480/people,738 Mueller Alley,Earl Parkways,55470,Cristtown,13390-9351,Estonia,EE,-24.387334,-170.279953
354,Matt,Hyatt,rodolfo.davis@hotmail.com,18649967640,1978-01-26,male,http://cummerata.biz,http://placeimg.com/640/480/people,214 Dibbert Crossroad Suite 061,Bechtelar Common,2124,North Emerson,68254-1601,Norway,NO,-3.404556,111.366343
355,Jan,Gibson,morar.devon@yahoo.com,17544823761,2013-09-27,male,http://carter.com,http://placeimg.com/640/480/people,472 Emie Spur Apt. 928,Howell Parkway,552,Ewaldshire,30884-4634,Angola,AO,-62.785929,162.138489
356,Alisa,Bartoletti,reyna41@kiehn.com,15052459838,1974-05-13,female,http://buckridge.com,http://placeimg.com/640/480/people,33661 Kaleb Underpass,Hudson Plains,28070,Kattieland,86892,Malta,MT,55.089109,-71.023673
357,Alvina,Reinger,sean45@bins.com,17572267866,1998-11-15,female,http://ohara.net,http://placeimg.com/640/480/people,10748 Baumbach Mill Apt. 886,Schinner Neck,9478,South Belle,14361,Peru,PE,39.759493,154.414563
358,Zetta,Veum,goyette.lempi@gmail.com,17745128787,1967-06-09,female,http://langosh.com,http://placeimg.com/640/480/people,70640 Hammes Mission,Blanca Causeway,970,Ziemeshire,52568,Rwanda,RW,-16.508948,-167.038302
359,Dedric,Okuneva,maureen43@cassin.net,17477897307,1981-02-25,male,http://mraz.com,http://placeimg.com/640/480/people,29434 Koepp Plains,Claudia Circles,842,New Chaddborough,84176-7620,Japan,JP,-56.389539,-168.57784
360,Eulah,Feeney,vkunde@steuber.net,17818338004,2009-03-25,female,http://kemmer.com,http://placeimg.com/640/480/people,9497 Johnson Fords,Sipes Cove,473,Noeliastad,13851,Estonia,EE,1.500314,64.517984
361,Mikayla,Paucek,rkertzmann@hotmail.com,17088454703,2024-02-12,female,http://emard.info,http://placeimg.com/640/480/people,679 Parker Square Apt. 830,Zboncak Vista,6825,Murrayshire,95605-1857,São Tomé & Príncipe,ST,-56.433142,-2.161788
362,Ashtyn,Anderson,fweissnat@yahoo.com,19318088644,1950-09-27,female,http://connelly.com,http://placeimg.com/640/480/people,1764 Wuckert Park,Osinski Path,633,Sawaynbury,03758-0593,French Guiana,GF,56.490208,-177.585115
363,Rasheed,Abernathy,cvolkman@lebsack.com,19405949454,1984-04-16,male,http://feest.info,http://placeimg.com/640/480/people,44872 Rosenbaum Bridge,Ettie Hills,90998,South Terry,46129,Egypt,EG,58.741024,-105.186393
364,Dayton,Hermann,vsipes@wolff.com,13474995869,2001-04-01,male,http://hudson.info,http://placeimg.com/640/480/people,29010 Giovanny Terrace Apt. 525,Ursula Isle,329,West Scarlettbury,14579,Fiji,FJ,71.300742,111.518264
365,Hobart,Heathcote,rhill@schiller.org,12088561047,1980-12-04,male,http://johnson.org,http://placeimg.com/640/480/people,1385 Jerrold Fall Apt. 263,Wintheiser Ridge,593,North Arvidchester,45609,Austria,AT,58.489311,-159.904059
366,Viva,Leuschke,greyson21@yahoo.com,15677006368,1938-07-03,female,http://streich.info,http://placeimg.com/640/480/people,6169 Trevor Mount,Waters Port,31219,Port Mariano,53674,Angola,AO,-89.484788,-69.189328
367,Rosanna,Tillman,brisa.murazik@steuber.com,13415386435,1975-05-29,female,http://reichel.org,http://placeimg.com/640/480/people,637 Maya Prairie Suite 395,Morissette Vista,6992,Port Mackenziefort,28446,Iraq,IQ,-48.723372,25.000778
368,Adrain,Stamm,orion51@padberg.com,18088730135,1977-07-06,male,http://lind.com,http://placeimg.com/640/480/people,33773 Lebsack Road,Cortez Stravenue,12928,Everettmouth,32076-6809,Vatican City,VA,-45.030815,23.969787
369,Pauline,Mohr,ward97@considine.biz,14173255110,1995-04-08,female,http://swaniawski.com,http://placeimg.com/640/480/people,695 Frankie Station,Friesen Lodge,311,New Sammie,07968-2029,Palestinian Territories,PS,-74.120204,139.111733
370,Iliana,Runolfsdottir,langosh.noemy@hotmail.com,14072686860,1959-01-30,female,http://kohler.com,http://placeimg.com/640/480/people,7374 Sebastian Ports Suite 226,Stephania Crescent,44370,North Webster,38315,Venezuela,VE,-24.718394,75.545876
371,Alena,Runolfsson,ypredovic@yahoo.com,18106850577,1995-09-15,female,http://watsica.org,http://placeimg.com/640/480/people,298 Cleve Trail Suite 319,Bergnaum Center,8274,North Neomatown,62003-8423,Antarctica,AQ,15.570385,-17.730856
372,Terence,Mitchell,hallie.goyette@gmail.com,12022399422,1976-06-27,male,http://beatty.info,http://placeimg.com/640/480/people,3595 Wintheiser Trail,Sophie Walks,1190,Port Alexandreside,32478-3339,Åland Islands,AX,-18.414108,19.506791
373,Conrad,Wintheiser,skub@schinner.net,19717475465,2014-03-11,male,http://king.com,http://placeimg.com/640/480/people,7962 Felicita River,Pacocha Junction,503,Jastburgh,80022,Niger,NE,28.43762,137.659155
374,Stanley,Robel,tremblay.ona@gmail.com,13142030559,1944-09-10,male,http://schamberger.biz,http://placeimg.com/640/480/people,7198 Daron Overpass,Erna Roads,7200,Shanieview,34104,British Virgin Islands,VG,-63.980861,5.23031
375,Wilhelm,Stokes,schroeder.lionel@davis.com,19046853158,1967-12-19,male,http://marks.com,http://placeimg.com/640/480/people,9326 Clifford Neck,Koss Isle,9693,West Magdalen,29956-6175,South Africa,ZA,-11.716038,109.810645
376,Aidan,Krajcik,jesse45@gmail.com,12095133335,1941-09-02,male,http://cummerata.com,http://placeimg.com/640/480/people,9971 Wisozk Mountains Suite 456,Conn Turnpike,53183,West Piperberg,64401,Guinea-Bissau,GW,-33.635863,-170.293786
377,Burdette,Schaden,mante.theresia@lynch.com,16514947303,2012-08-11,female,http://ledner.org,http://placeimg.com/640/480/people,61153 Dickens Vista Suite 119,Hallie Oval,303,East Elizachester,77492,Kyrgyzstan,KG,23.036481,-127.650972
378,Maddison,Kirlin,marvin.trudie@abshire.com,17573582103,2019-12-25,female,http://heidenreich.info,http://placeimg.com/640/480/people,92885 Hailey Ports,Aglae Park,8230,West Anissabury,54799-0503,South Sudan,SS,-31.238484,125.568775
379,Hillary,Homenick,yundt.josiane@beier.com,12817223526,2015-11-25,female,http://ondricka.info,http://placeimg.com/640/480/people,9838 Orrin Path,Josianne Square,4500,West Narciso,42695-2774,American Samoa,AS,1.021341,49.196332
380,Joanie,Fay,usauer@gmail.com,13609762449,1975-07-25,female,http://kerluke.info,http://placeimg.com/640/480/people,8947 Klocko Lakes Apt. 766,Dare Ports,24977,Gibsonville,84715-8603,British Virgin Islands,VG,-88.204032,109.522199
381,Elda,Barton,hoppe.riley@gmail.com,12699321058,2006-12-23,female,http://erdman.com,http://placeimg.com/640/480/people,56221 Hyatt Summit,Runolfsdottir Gardens,8419,New Antonietta,17097-5936,Costa Rica,CR,-12.570466,18.658469
382,Ramona,Bahringer,osvaldo27@gmail.com,15642225402,2002-02-28,female,http://wyman.com,http://placeimg.com/640/480/people,53096 Bonnie Spur Suite 950,Crona Village,691,Destiniton,61916-0941,Switzerland,CH,-45.019173,-177.464657
383,Elsie,Wisozk,reinhold90@johnston.net,16808647462,2023-03-24,female,http://streich.org,http://placeimg.com/640/480/people,4471 Adaline Walks,Mills Shoals,2817,Millieberg,89825,Algeria,DZ,-46.079846,-25.246256
384,Ezra,Kuphal,gwillms@hotmail.com,18209833082,1969-02-11,male,http://wilkinson.net,http://placeimg.com/640/480/people,36936 Jessica Ranch Apt. 585,Auer Flat,657,North Gia,45810-1732,Kiribati,KI,-45.73006,75.960881
385,Eda,Von,guadalupe.howell@corkery.net,12484531099,1951-05-17,female,http://wiza.com,http://placeimg.com/640/480/people,364 Gottlieb Lane Apt. 727,Dagmar Junction,31945,South Carolanne,18532,Kenya,KE,-78.436859,174.300609
386,Lucas,Hauck,knolan@smitham.biz,13137610911,1948-05-06,male,http://dickinson.com,http://placeimg.com/640/480/people,41765 Orpha Springs Apt. 318,Ariane Valley,51338,West Verlie,54573,Eritrea,ER,-40.45007,108.751552
387,Emely,Harvey,alessia.zieme@hotmail.com,17124278763,1937-02-02,female,http://doyle.net,http://placeimg.com/640/480/people,9382 Steve Fords,Oswaldo Estate,192,Port Julianneborough,37938-5558,Pakistan,PK,1.925592,1.830294
388,Garett,Moen,queen81@yahoo.com,14694897309,1984-03-16,male,http://ferry.com,http://placeimg.com/640/480/people,958 Wilburn Flat,Heaney Points,12977,Julesbury,27440,Morocco,MA,-27.103549,162.909209
389,Archibald,Predovic,crawford85@weber.com,12838797180,1943-08-25,male,http://cassin.info,http://placeimg.com/640/480/people,419 Jensen Plain,Kovacek Crest,2151,Deckowview,17494-7629,Marshall Islands,MH,-75.527854,-95.626282
390,Stefanie,Prosacco,alisa94@yahoo.com,13614138821,1976-05-16,female,http://konopelski.com,http://placeimg.com/640/480/people,63190 Ephraim Pine Suite 267,Jerde Wells,855,Langworthton,14942,Burundi,BI,-53.771046,55.975801
391,Serenity,Dooley,sadye31@hotmail.com,14142858666,2002-01-23,female,http://kovacek.com,http://placeimg.com/640/480/people,63729 Bayer Course Apt. 203,Murray Heights,492,West Kaileestad,06982,Tuvalu,TV,-55.856546,-15.75766
392,Abel,McClure,morar.janie@gmail.com,13807640222,1954-02-03,male,http://steuber.com,http://placeimg.com/640/480/people,9000 Ashley Row Apt. 914,Willie Pike,735,South Darrel,94374,Kenya,KE,23.273738,13.827498
393,Myrl,Luettgen,ross.stokes@hotmail.com,16238918926,1994-09-04,male,http://champlin.com,http://placeimg.com/640/480/people,5446 Douglas Parks,Dibbert Village,137,Lavadaberg,14052,Turks & Caicos Islands,TC,48.12915,-53.620261
394,Katelin,Mohr,hailee.hintz@gmail.com,17815865847,1971-04-12,female,http://rolfson.com,http://placeimg.com/640/480/people,361 Heathcote Route,Emard Street,18151,New Mayraborough,56660,Guam,GU,2.587014,115.482402
395,Bernhard,Swaniawski,sister93@gmail.com,14243588490,2025-03-22,male,http://beer.info,http://placeimg.com/640/480/people,80789 Aliya Shoals,Ayden Stream,670,New Rocio,51151-8572,Guadeloupe,GP,-88.221121,50.551445
396,Max,Lebsack,isawayn@yahoo.com,13417085026,1940-06-03,male,http://von.biz,http://placeimg.com/640/480/people,521 Leannon River,Mylene Green,31349,Alberthafort,25652-9022,Portugal,PT,-79.299717,62.158341
397,Rusty,Wolff,jschumm@yahoo.com,19892046616,1950-07-22,male,http://orn.com,http://placeimg.com/640/480/people,2785 Coleman Bypass Suite 898,Medhurst Fords,98713,East Carlee,30657-3587,Germany,DE,-13.353934,-172.385586
398,Zachariah,Hansen,citlalli57@bartell.biz,13645271131,2014-05-30,male,http://stanton.com,http://placeimg.com/640/480/people,991 Alba Extension,West Ports,309,Fadelview,54777-4794,St. Barthélemy,BL,11.625178,-112.757142
399,Merle,Rutherford,rbatz@gmail.com,19364628375,1999-03-27,male,http://harber.info,http://placeimg.com/640/480/people,972 Pollich Crescent,Zieme Key,47427,Hicklefurt,29515,Seychelles,SC,33.782921,-151.210207
400,Maynard,Jacobs,cecil.connelly@yahoo.com,13258596555,1943-02-07,male,http://haag.com,http://placeimg.com/640/480/people,1302 Clare Stravenue,Yost Shoal,3409,DuBuquefurt,13803-5401,Saudi Arabia,SA,-70.663184,-93.939981
401,Gloria,Wehner,germaine.kirlin@gmail.com,15676781487,1949-05-18,female,http://mclaughlin.com,http://placeimg.com/640/480/people,536 Greenfelder Fork,Remington Plains,5349,New Lilabury,79072,Iraq,IQ,2.639488,-141.211375
402,Kailey,Ledner,rhyatt@cremin.com,19785698307,1946-02-25,female,http://lemke.org,http://placeimg.com/640/480/people,742 Mozelle Tunnel,Blanda Branch,25496,Port Henderson,27659-0089,Azerbaijan,AZ,-40.443741,-141.016405
403,Sterling,Osinski,colten96@willms.info,13026213356,2004-01-26,male,http://kuhn.com,http://placeimg.com/640/480/people,18822 Maritza Knolls Apt. 274,Reinger Station,225,Lake Nicohaven,44423,Botswana,BW,-84.959354,-100.16147
404,Nikki,Welch,rogahn.reese@zulauf.info,19172246009,1958-05-14,female,http://hauck.org,http://placeimg.com/640/480/people,20423 Cara Ports,Ali Key,472,West Freddyport,27870,Mozambique,MZ,-38.107764,-46.906015
405,Ibrahim,Stokes,oblock@howell.com,14235039355,1968-08-01,male,http://towne.com,http://placeimg.com/640/480/people,194 Hoeger Lodge Suite 026,Humberto Neck,799,Shanahanburgh,37479,U.S. Virgin Islands,VI,-46.349712,165.741001
406,Denis,Fay,owunsch@kozey.com,15595623553,2003-06-26,male,http://bednar.net,http://placeimg.com/640/480/people,7191 Janie Parkways Apt. 729,Genoveva Summit,6486,South Lorna,33295,Taiwan,TW,14.435662,-23.958289
407,Kory,Schamberger,wiegand.ashleigh@zboncak.com,19098993953,1975-12-08,male,http://hayes.com,http://placeimg.com/640/480/people,6536 Kiehn Passage Suite 350,Cassandre Rest,20201,South Zella,06781-2021,Mauritania,MR,-70.624395,-122.078902
408,Elmore,Gorczany,blake.boyer@gmail.com,19404606386,1996-11-22,male,http://jenkins.info,http://placeimg.com/640/480/people,320 Nora Springs Apt. 789,Annabel Park,26729,South Kadefurt,60526,Dominican Republic,DO,5.712483,148.060785
409,Glen,Murphy,stephanie.kuvalis@gmail.com,18483867905,2010-06-30,male,http://lueilwitz.com,http://placeimg.com/640/480/people,951 Lizeth Mills Suite 162,Hahn Gardens,391,New Rudolph,14203,El Salvador,SV,-68.821622,160.671451
410,Elisa,Schuppe,cathrine75@gmail.com,16627992615,1986-07-16,female,http://buckridge.com,http://placeimg.com/640/480/people,49816 Una Ranch,Nader Street,56195,North Meggieview,42434,St. Martin,MF,62.444737,-60.726894
411,Griffin,Daugherty,czieme@hagenes.com,13128927875,2016-11-09,male,http://terry.org,http://placeimg.com/640/480/people,891 Alphonso Ports,Dicki Trail,32157,Melodymouth,04388-4385,Bhutan,BT,-30.251186,93.917094
412,Dewayne,Collier,lyla09@hotmail.com,18126905639,1954-01-05,male,http://pfannerstill.com,http://placeimg.com/640/480/people,147 Quigley Pass Suite 801,Rosenbaum Extension,14725,Ethylhaven,25360,Sint Maarten,SX,49.759508,-6.652054
413,Woodrow,Nader,johns.nicklaus@gmail.com,12795424846,1949-11-04,male,http://vonrueden.com,http://placeimg.com/640/480/people,442 Vincenza Groves Suite 802,Shyanne Lock,8717,New Brenden,78982-7243,Svalbard & Jan Mayen,SJ,-84.517725,-0.789976
414,Darlene,Jenkins,cwuckert@gmail.com,17739566322,1966-01-23,female,http://rohan.biz,http://placeimg.com/640/480/people,2629 Brenden Creek Suite 828,Heathcote Square,823,Hanemouth,34402,Belgium,BE,68.616373,116.246085
415,Serenity,Rowe,sbreitenberg@corwin.biz,14147229001,1967-01-26,female,http://bogisich.com,http://placeimg.com/640/480/people,538 Cielo Points,Jast Estates,8365,North Lionel,26710-3144,South Georgia & South Sandwich Islands,GS,54.304998,3.863196
416,Silas,Frami,joaquin75@haag.org,15398488320,1939-01-24,male,http://hayes.org,http://placeimg.com/640/480/people,242 Della Shores,Claire Extensions,65378,Abshireville,71199-0969,Mauritius,MU,-26.106537,-139.775334
417,Alexandra,Walsh,fkoepp@yahoo.com,18487444746,2012-03-31,female,http://runte.biz,http://placeimg.com/640/480/people,42355 Agnes Port,Romaine Common,293,East Edwardbury,28431,Cayman Islands,KY,-51.274791,129.897431
418,Eula,Schultz,vicky.gutkowski@yahoo.com,15072890555,1992-11-30,female,http://schowalter.biz,http://placeimg.com/640/480/people,906 Constance Manors,Felicita Summit,5464,Hayesville,70198,Mongolia,MN,7.189663,125.359175
419,Maya,Cartwright,miles25@keebler.org,13809608840,2021-08-25,female,http://wilderman.com,http://placeimg.com/640/480/people,220 McDermott Corner Apt. 177,Josephine Island,6294,Lake Stefanton,00401,Indonesia,ID,-53.581311,27.233682
420,Katrina,Pfannerstill,coleman55@yahoo.com,18636440165,2008-06-12,female,http://altenwerth.com,http://placeimg.com/640/480/people,51536 Mikayla Shoals Apt. 668,Tyra Divide,119,Auertown,89355-1516,Åland Islands,AX,-56.93603,17.958341
421,Forest,Daniel,wwintheiser@zieme.net,12538979787,1960-11-02,male,http://collins.com,http://placeimg.com/640/480/people,1324 Eric Canyon,Ruecker Key,86335,Port Miracleberg,73743,Ukraine,UA,20.145423,45.008228
422,Javon,Leannon,mosciski.clemens@boyle.biz,12343635605,1992-03-14,male,http://lang.com,http://placeimg.com/640/480/people,3125 Amber Mountains Apt. 441,Rosendo Mountains,358,West Meaganshire,89703,Guam,GU,-22.549165,-156.775731
423,Demarco,Gaylord,maggie35@walsh.com,17438435433,1961-12-06,male,http://kris.org,http://placeimg.com/640/480/people,99103 Dooley Loaf,Sydni Extension,8630,Lake Edwin,39574-1371,Andorra,AD,30.772143,-170.888579
424,Beth,Stamm,prosacco.alexander@yahoo.com,17407365726,2006-11-07,female,http://carter.com,http://placeimg.com/640/480/people,51286 Moen Divide Suite 904,Harvey Points,7123,Ernserton,81295,Pitcairn Islands,PN,-36.349611,-136.146457
425,Carole,Wilkinson,bednar.vaughn@willms.biz,13198344002,1973-09-14,female,http://kreiger.info,http://placeimg.com/640/480/people,952 Stamm Haven,Jaskolski Fall,17554,West Hettie,11671,Pitcairn Islands,PN,-84.885583,-112.749817
426,Carter,Moore,ubrekke@yahoo.com,16204791843,1949-12-07,male,http://rippin.org,http://placeimg.com/640/480/people,756 Florencio Harbor,Pagac Junctions,83290,New Harry,27484,Isle of Man,IM,-8.207276,-137.02095
427,Ryleigh,Steuber,danial44@padberg.net,17658500670,2004-07-17,male,http://rosenbaum.org,http://placeimg.com/640/480/people,8716 Russel Flats Suite 239,Uriah Fork,15652,Port Floyd,24088-9548,South Korea,KR,77.047661,132.213175
428,Rod,Windler,shyatt@gottlieb.com,18285669758,1939-09-07,male,http://mayer.info,http://placeimg.com/640/480/people,881 Celestine Rue,Deion Station,615,Swiftmouth,60326,Morocco,MA,-9.098739,61.611944
429,Devin,Lehner,astrid28@gmail.com,16265525145,1975-12-24,male,http://ernser.biz,http://placeimg.com/640/480/people,28410 Albertha Island Apt. 940,Deckow Gateway,6231,East Destiney,50922-0702,Solomon Islands,SB,-73.850568,61.436155
430,Marianne,Aufderhar,considine.morton@doyle.net,17162973931,1962-11-03,female,http://weimann.com,http://placeimg.com/640/480/people,548 Dibbert Ranch,Gino Village,95363,North Alysashire,20689-4255,Cyprus,CY,-36.399996,25.082401
431,Arvid,Wiza,mreichel@yahoo.com,17244033166,1978-04-21,male,http://daniel.com,http://placeimg.com/640/480/people,42755 Ernser Neck Suite 383,Deon Crescent,8587,North Laverneland,89003-6114,El Salvador,SV,-2.347842,-140.215961
432,Cloyd,Toy,chandler.fritsch@rice.com,14304008491,2000-01-20,male,http://lesch.com,http://placeimg.com/640/480/people,672 Aileen Extension Apt. 876,Rhianna Ports,49820,Bradytown,17706,Vatican City,VA,65.853928,-120.456678
433,Melisa,Jakubowski,jazmin.strosin@gmail.com,16153219049,2022-07-23,female,http://dickinson.com,http://placeimg.com/640/480/people,6078 Dorris Pike Suite 744,Franecki Plain,5777,Port Cathy,91906,Panama,PA,-48.357532,14.219946
434,Luz,Cartwright,brown.maia@hotmail.com,16469040215,1956-11-10,female,http://bernier.net,http://placeimg.com/640/480/people,73317 Kayleigh Summit Suite 847,Hane Ridge,478,Ocieville,78530,Central African Republic,CF,-45.506708,-179.341845
435,Dennis,Homenick,cornelius21@mayert.com,17076582663,2013-08-04,male,http://pfeffer.com,http://placeimg.com/640/480/people,18705 Schaefer Forks Apt. 813,Christiansen Divide,72303,Haleyland,29957-1449,Montserrat,MS,1.683394,124.865646
436,Evert,Bauch,cummerata.scotty@yahoo.com,18652906081,2001-05-03,male,http://spencer.com,http://placeimg.com/640/480/people,5376 Goldner Street,Sawayn Dale,13789,Port Rosamond,06157-5676,Bahrain,BH,-70.527699,117.60955
437,Veronica,Conn,olabadie@gmail.com,15416826732,2005-05-04,female,http://ward.com,http://placeimg.com/640/480/people,822 Moore Port,Hackett Spring,28816,East Cameronberg,79693-0967,Colombia,CO,17.507972,-152.525876
438,Mariane,Batz,ugoodwin@conroy.com,18107058757,1953-08-24,female,http://strosin.com,http://placeimg.com/640/480/people,863 Conroy Wall,Bryce Port,41429,Gibsontown,84373,Falkland Islands,FK,-86.351135,109.813048
439,Nyah,Krajcik,lblick@hotmail.com,14236487441,1980-07-04,female,http://bradtke.com,http://placeimg.com/640/480/people,592 Colt Prairie,Frami Vista,498,New Jaclyn,14651,Ukraine,UA,-75.32416,-70.093415
440,Ciara,Rodriguez,initzsche@gmail.com,15342469639,1968-03-08,female,http://mckenzie.com,http://placeimg.com/640/480/people,9577 Auer Run,Buddy Tunnel,22975,Jaydeberg,53166-6247,St. Martin,MF,-57.379615,-5.825245
441,Bonnie,Ziemann,raul.haag@hotmail.com,15204883287,2019-06-26,female,http://rutherford.com,http://placeimg.com/640/480/people,17403 Konopelski Springs,Sipes Turnpike,7412,West Dawson,59832,Rwanda,RW,-23.249617,-96.140442
442,Alexandre,Walter,mstroman@gmail.com,17274912315,1947-09-09,male,http://nienow.com,http://placeimg.com/640/480/people,9673 Marvin Garden,Katherine Lock,2990,Port Isadoreview,87728-4304,Curaçao,CW,-28.535492,172.684499
443,Coty,Watsica,pcollins@wilderman.org,18203451059,1972-06-29,male,http://bartell.net,http://placeimg.com/640/480/people,744 Skylar Ramp,Novella Trail,5639,West Katrine,20257,Jamaica,JM,5.495183,-97.946395
444,Adella,Wehner,borer.elody@hotmail.com,18574518137,1999-10-17,female,http://kiehn.com,http://placeimg.com/640/480/people,27027 Garland Row,Abner Isle,48407,Wiegandchester,22356,Palau,PW,15.040807,165.320926
445,Elyssa,Schuppe,kianna96@yahoo.com,13647452348,1994-03-21,female,http://bergnaum.com,http://placeimg.com/640/480/people,57058 Schultz View,Runolfsson Burgs,64607,South Maximillialand,56167,Grenada,GD,-64.550103,3.177225
446,Cornelius,Hansen,isadore.tillman@hotmail.com,13374142497,1960-10-25,male,http://funk.biz,http://placeimg.com/640/480/people,908 Huels Cove,Gilberto Knolls,578,East Aryannaview,97469,U.S. Outlying Islands,UM,86.99011,-74.637523
447,Marcel,Hayes,michel85@yahoo.com,13518000227,2024-01-26,male,http://terry.com,http://placeimg.com/640/480/people,706 Kohler Roads Apt. 034,Joanie Alley,711,West Raquel,38828-6388,Germany,DE,-36.064705,-40.166519
448,Noemy,Senger,uzemlak@effertz.com,19062928476,2015-03-04,female,http://dickens.biz,http://placeimg.com/640/480/people,5992 Tierra Stream Suite 692,Dayana Common,7842,Prosaccoborough,43016,Turks & Caicos Islands,TC,89.823272,-116.989724
449,Dedric,Dach,bcummings@langosh.com,12699574312,2021-04-10,male,http://lang.biz,http://placeimg.com/640/480/people,29286 Jasmin Radial Apt. 501,Waelchi Rapid,36665,Schummside,67068-4044,Bahrain,BH,-28.516828,-14.832333
450,Davon,Huel,davin.witting@hotmail.com,18657832429,2015-07-31,male,http://witting.com,http://placeimg.com/640/480/people,20417 Antonietta Path Suite 858,Elouise Points,64971,North Brannon,51227-1586,Kyrgyzstan,KG,-38.747467,31.029838
451,Amina,Deckow,shaina.stoltenberg@jacobs.com,14582128405,1937-03-16,female,http://walter.net,http://placeimg.com/640/480/people,98175 Considine Port,Mante Course,1247,Port Lura,75252,Bahrain,BH,-26.048957,16.433067
452,Dario,Hermiston,zsmith@yahoo.com,17262486391,2007-05-31,male,http://ritchie.com,http://placeimg.com/640/480/people,21923 Omari Islands Apt. 318,Lola Curve,981,North Fredericfurt,13663,Thailand,TH,77.304673,-161.176137
453,Emily,Ebert,holden.bashirian@yahoo.com,13413549225,1961-07-03,female,http://champlin.com,http://placeimg.com/640/480/people,628 O'Conner Shoal,Nicklaus Islands,2735,Zulaufhaven,41694,Gibraltar,GI,-41.649574,-127.862529
454,Pearlie,Feeney,ewatsica@yahoo.com,13253206583,2015-08-08,female,http://bernhard.biz,http://placeimg.com/640/480/people,790 Monroe Valleys,Koepp Forge,6352,Dahliamouth,47525-5694,Iceland,IS,-88.350991,-40.745658
455,Petra,Hammes,maud.klein@gmail.com,13306489886,1987-03-17,female,http://emmerich.org,http://placeimg.com/640/480/people,3588 Stark Passage,Wiley Overpass,72690,New Patsy,25190-1101,Réunion,RE,-28.235899,89.063309
456,Bartholome,Hyatt,oreilly.christiana@hotmail.com,14026067330,1959-07-09,male,http://stark.com,http://placeimg.com/640/480/people,171 Paolo Ville Suite 521,Sharon Lodge,776,Farrellhaven,83917,Dominican Republic,DO,-30.025819,-79.724775
457,Chelsie,McCullough,gschroeder@dubuque.com,17253811463,2009-05-02,female,http://breitenberg.net,http://placeimg.com/640/480/people,539 Maggio Shores,Zboncak Greens,8430,West Giovanna,51867,Guyana,GY,-11.958273,-43.266484
458,Ottilie,Casper,amclaughlin@gmail.com,19049445180,2017-04-05,female,http://koss.biz,http://placeimg.com/640/480/people,403 Fernando Passage,Hortense Gardens,59668,South Gudrunfort,38595,Germany,DE,7.927585,164.00796
459,Jared,Runte,gleason.hollie@dibbert.com,13056149241,1972-01-12,male,http://walter.com,http://placeimg.com/640/480/people,180 Casper Fort Suite 784,Walsh Well,92900,South Adahfurt,41904,Bahrain,BH,-59.40124,-169.621493
460,Makenzie,Glover,balistreri.helena@ledner.net,13304282549,1949-04-30,female,http://corwin.com,http://placeimg.com/640/480/people,932 Jast Shoal,Dane Creek,610,Greenholtborough,82836,Paraguay,PY,26.914566,163.84216
461,Anastacio,Champlin,providenci36@yahoo.com,17797986523,1968-10-30,male,http://fahey.com,http://placeimg.com/640/480/people,3375 Green Isle Apt. 709,Reichel Gardens,7793,Botsfordshire,60545-2297,Equatorial Guinea,GQ,47.466316,-118.738617
462,Twila,DuBuque,brakus.hailie@rice.com,14069616974,1962-08-27,female,http://mccullough.com,http://placeimg.com/640/480/people,71535 Keebler Plain Suite 904,Yost Ports,7172,Hildaberg,01954-2429,Botswana,BW,-70.812554,8.779958
463,Elna,Kirlin,blanda.jeanie@corwin.com,12542990410,2003-07-19,female,http://gorczany.info,http://placeimg.com/640/480/people,2814 Goyette Courts,Schowalter Streets,3486,Curtisburgh,93924-2133,Bahrain,BH,39.017775,-141.955038
464,Jillian,Huels,fwyman@yahoo.com,18478913848,1975-08-02,male,http://aufderhar.biz,http://placeimg.com/640/480/people,23771 Travis Road Suite 083,Lemke Turnpike,3113,New Samantaton,17355,Monaco,MC,-8.746245,75.904413
465,Dashawn,Fay,inader@berge.info,17186994598,2017-05-31,male,http://barton.net,http://placeimg.com/640/480/people,47906 Lacey Squares,Caleb Underpass,2469,Kasandraton,70606,Cape Verde,CV,-42.000062,176.848825
466,Korey,Wiegand,boyer.lura@daugherty.com,15207874186,1938-04-06,male,http://yundt.net,http://placeimg.com/640/480/people,921 Lockman Unions Apt. 866,Beahan Crest,3988,South Hulda,72058-4555,Malawi,MW,-75.296594,46.004043
467,Rocky,Gutkowski,jrogahn@gerhold.com,15179264415,2010-10-29,male,http://deckow.com,http://placeimg.com/640/480/people,325 Bertha Meadow Suite 289,Shirley Drive,878,Lake Assunta,95899-5909,Türkiye,TR,-71.785068,68.376363
468,Brad,Bauch,schowalter.freddy@gmail.com,12483576732,1995-08-08,male,http://collier.info,http://placeimg.com/640/480/people,77659 Joannie Street,Jacklyn Lakes,19806,Port Greenburgh,62882,Bangladesh,BD,74.706932,-177.184897
469,Jeremie,Purdy,waters.urban@yahoo.com,18477167459,1969-10-05,male,http://botsford.net,http://placeimg.com/640/480/people,23549 Mara Valley,Walter Tunnel,102,Susiehaven,34921-4094,India,IN,72.205186,114.141465
470,Ransom,Lowe,rodriguez.hollis@hotmail.com,17313716100,1937-03-04,male,http://williamson.biz,http://placeimg.com/640/480/people,34465 Allene Forks Apt. 105,Lemke Center,558,Enricoshire,04136,Bangladesh,BD,-32.183866,134.243333
471,Iliana,Borer,rhianna52@kreiger.com,13617859326,2021-01-26,female,http://kris.com,http://placeimg.com/640/480/people,243 Travis Motorway Suite 586,Koss Station,4046,South Magdalenahaven,91150-0973,French Polynesia,PF,53.918593,-63.944642
472,Mikayla,Hane,thaddeus57@schiller.com,12677169603,1987-05-09,female,http://lockman.info,http://placeimg.com/640/480/people,66684 Witting Mountains,Kuhn Falls,187,Garrisonville,53927,Brunei,BN,85.342918,91.229509
473,Blaze,Kozey,gruecker@hotmail.com,12762125854,1945-09-16,male,http://bashirian.com,http://placeimg.com/640/480/people,9151 Fay Fall Apt. 655,Lubowitz Path,271,Lake Eliza,97887,French Guiana,GF,47.042076,17.667761
474,Chadd,Harber,elyssa53@yahoo.com,19298856746,2005-03-14,male,http://moore.org,http://placeimg.com/640/480/people,689 Daphnee Wall,Gottlieb Pine,660,New Heather,29025-3383,Portugal,PT,-69.646078,135.27631
475,Nola,Schamberger,hchamplin@yahoo.com,17653352185,1951-04-04,female,http://gottlieb.com,http://placeimg.com/640/480/people,7694 Hane Radial Apt. 132,Aurelio Wall,189,Conroystad,83463-9953,Malaysia,MY,28.854874,-15.345059
476,Orville,Kris,okeefe.tristin@yahoo.com,15856494045,1956-02-25,male,http://batz.info,http://placeimg.com/640/480/people,5992 Turcotte Drives,Lindgren Extensions,30984,Lake Darby,44789-3476,British Virgin Islands,VG,54.354094,-13.223096
477,Lavinia,Bednar,orville11@gmail.com,14697028351,1987-02-01,female,http://deckow.com,http://placeimg.com/640/480/people,90849 Wiza Trace Suite 317,Francisca Parkway,787,New Melyssa,13121,Maldives,MV,50.066431,80.189238
478,Martine,O'Hara,ryan.martina@raynor.com,15412258539,1936-08-11,female,http://lueilwitz.info,http://placeimg.com/640/480/people,1493 Sebastian Walk Suite 851,Pete Gateway,75606,Briamouth,19619,South Korea,KR,-10.99615,-131.091809
479,Cullen,Langosh,holly.moen@gmail.com,18315207276,2015-03-25,male,http://flatley.org,http://placeimg.com/640/480/people,523 Murazik Courts,Ibrahim Mountain,61731,Garretbury,24839-5976,Taiwan,TW,-39.83134,46.347539
480,Enrico,Corkery,gjast@kshlerin.com,18086897976,1962-08-29,male,http://schultz.com,http://placeimg.com/640/480/people,72677 Schamberger Island,Halvorson Knolls,9463,Cormierstad,10983-6255,Jordan,JO,80.824811,171.135274
481,Harold,Hammes,rickie91@gmail.com,14758366673,1986-01-24,male,http://effertz.com,http://placeimg.com/640/480/people,73624 Gwen Divide Suite 318,Millie Crossroad,45709,Lake Camila,91999,Dominica,DM,82.465012,-138.304953
482,Norene,Kuhn,jairo02@gmail.com,19158953942,1970-03-04,female,http://nolan.net,http://placeimg.com/640/480/people,7820 Enoch Crest,Shea Land,15612,South Rudolph,87116,Georgia,GE,-81.170606,-96.156154
483,Norma,Greenholt,lrobel@mitchell.com,16077355382,1941-05-27,female,http://jacobson.biz,http://placeimg.com/640/480/people,4083 Carroll Coves Apt. 997,Van Underpass,4462,South Cecilia,47478-5987,Uzbekistan,UZ,45.997172,-0.102537
484,Jamir,Abbott,eda.casper@hotmail.com,12344671157,2001-01-31,male,http://metz.biz,http://placeimg.com/640/480/people,484 Lesch Drive Suite 943,Lynch Route,42555,Antoinetteshire,91207-2382,Suriname,SR,1.926874,9.938339
485,Ernest,Bailey,isabelle54@predovic.com,16829002942,1951-10-29,male,http://ohara.com,http://placeimg.com/640/480/people,738 Jaclyn Court Suite 919,Alvera Walk,7801,West Ritaview,41915,United Kingdom,GB,6.264645,-127.751254
486,Ofelia,Bechtelar,lupe05@hotmail.com,14848057881,2021-10-16,female,http://marquardt.org,http://placeimg.com/640/480/people,9501 Lebsack Stravenue Suite 731,Miller Mall,75446,Blockfurt,10530-6677,Vietnam,VN,-77.853515,98.853152
487,Brock,Gibson,emil.moore@hotmail.com,13204561187,2005-01-01,male,http://schuster.com,http://placeimg.com/640/480/people,67172 Santiago Viaduct Suite 922,Cormier Gateway,7611,Carmellabury,96198-4944,Vanuatu,VU,34.129467,69.8325
488,Arjun,Farrell,hermann.kayley@yahoo.com,15202430488,1994-06-24,male,http://zieme.com,http://placeimg.com/640/480/people,1859 McLaughlin Plaza,Hartmann Roads,51911,South Liamside,33164,Burkina Faso,BF,-61.072836,158.028949
489,Jaquelin,White,rhoda90@gleason.net,12514673876,1953-11-19,female,http://kohler.info,http://placeimg.com/640/480/people,82194 Lucile Islands,Connelly Way,5383,East Michele,69679,Palau,PW,-80.790265,-58.142844
490,Alta,Lueilwitz,garland60@reichel.info,18655669306,1972-12-10,female,http://grant.com,http://placeimg.com/640/480/people,9218 Kirk Prairie Suite 076,Donnelly Avenue,2781,South Cassidy,78713,Cayman Islands,KY,-57.348339,175.02566
491,Theresia,Cummings,sgerhold@heller.com,12254637574,2019-07-19,female,http://volkman.com,http://placeimg.com/640/480/people,4646 Ebony Prairie,Balistreri Drive,2152,New Omari,33673,Slovenia,SI,-34.530195,120.911549
492,Kyla,Deckow,carlie87@yahoo.com,19067811523,2006-01-30,female,http://cummerata.org,http://placeimg.com/640/480/people,4724 Vincenza Forest Apt. 417,Swift Spring,49726,McLaughlinhaven,11797,Lithuania,LT,38.778071,120.376424
493,Nolan,Stark,bridie04@cremin.info,15309031591,2006-09-04,male,http://muller.com,http://placeimg.com/640/480/people,243 Junior Glen Apt. 801,Joshuah Drive,9414,East Lydafurt,50219-7926,Palau,PW,89.950625,129.499578
494,Mayra,Miller,mosciski.kimberly@cremin.com,17575507891,1993-10-22,female,http://robel.info,http://placeimg.com/640/480/people,811 Jazmyne Route Suite 177,Myrl Drives,62613,Saigefurt,13029-2886,Taiwan,TW,-3.81815,-8.446056
495,Reed,Rice,howe.abagail@reilly.com,14198076413,1961-03-03,male,http://nikolaus.com,http://placeimg.com/640/480/people,58835 Marlon Avenue Apt. 004,Opal Gardens,2074,Huelmouth,17209-1222,Chad,TD,65.642986,-145.525397
496,Romaine,Quigley,angela.hermann@schmidt.com,12317707144,1995-08-01,female,http://cole.info,http://placeimg.com/640/480/people,48688 Raynor Stravenue Apt. 403,Fisher Station,38732,Joview,28738,United Arab Emirates,AE,72.126938,11.268729
497,Narciso,Beatty,destinee59@yahoo.com,19787957238,2019-01-10,male,http://balistreri.com,http://placeimg.com/640/480/people,64061 Ritchie Terrace,Greenholt Grove,9530,Briceton,60158,Venezuela,VE,87.083137,-43.015248
498,Fatima,Okuneva,nitzsche.bettye@huels.com,15395545254,1992-12-13,female,http://hackett.info,http://placeimg.com/640/480/people,2248 Jack Pine,Koss Run,579,Lake Eve,55104-5732,São Tomé & Príncipe,ST,-76.465573,-51.3746
499,Jadyn,Murray,bhuels@daugherty.com,17152404132,2003-12-08,female,http://corwin.com,http://placeimg.com/640/480/people,8168 Braxton Plains,Wolf Canyon,18789,Eliton,62111,Nigeria,NG,67.597805,105.760594
500,Rey,Ortiz,antonio74@gmail.com,14582468662,2004-03-12,male,http://waelchi.com,http://placeimg.com/640/480/people,4873 Senger Fork Suite 502,Heathcote Turnpike,410,East Alvera,29186-9313,Azerbaijan,AZ,-6.500662,-56.240846
501,Edythe,Strosin,vandervort.michaela@gmail.com,16824601114,2016-01-28,female,http://ziemann.net,http://placeimg.com/640/480/people,95911 Waters Inlet Suite 149,Shields Motorway,39543,Ikeview,79763-1199,Eritrea,ER,11.0074,-176.1872
502,Beryl,Daniel,miguel.krajcik@murazik.com,15644087465,1963-02-21,female,http://boehm.com,http://placeimg.com/640/480/people,689 Hermiston Pine,Andy Lake,73430,Angusborough,89064,Bolivia,BO,38.489809,-132.508049
503,Hilda,D'Amore,kaycee06@cronin.biz,12483540395,1955-06-25,female,http://mosciski.com,http://placeimg.com/640/480/people,3179 Rozella Port,Matilda Roads,93183,Emmerichburgh,09873,Eswatini,SZ,5.452136,-156.802285
504,Jennings,Wiza,derrick22@mertz.net,12409968091,1962-12-23,male,http://nolan.com,http://placeimg.com/640/480/people,6014 Ebert Corner,Jovani Knolls,215,Lake Briana,89987-2530,Mongolia,MN,-13.839188,83.704623
505,Erik,Boyle,ima80@vandervort.net,17242311020,1975-04-02,male,http://prosacco.com,http://placeimg.com/640/480/people,4442 Fisher Greens,Mariane Fields,26685,Kulasburgh,97668,Vanuatu,VU,32.132271,-144.448925
506,Tamia,Dickens,cabshire@weissnat.com,14155376516,1991-01-30,female,http://abernathy.com,http://placeimg.com/640/480/people,77917 Annetta Ramp,Ortiz Squares,85573,East Jeremy,82894,Aruba,AW,-63.385863,-28.108688
507,Tracey,Olson,dlangworth@hotmail.com,19863498070,1984-11-01,male,http://feeney.com,http://placeimg.com/640/480/people,2581 Leuschke Glens Suite 385,Bessie Camp,999,South Marisaside,78609-5472,Belize,BZ,88.960836,114.45723
508,Dwight,Jacobi,wnienow@hotmail.com,17272667393,1964-05-22,male,http://jerde.info,http://placeimg.com/640/480/people,755 Greenfelder Plains Apt. 464,Peyton Fields,3775,Antoniaton,64522-2090,Sierra Leone,SL,-47.964949,-110.584812
509,Brady,Kuhic,kub.kelsie@langosh.biz,16305045102,1944-04-11,male,http://renner.com,http://placeimg.com/640/480/people,897 Skiles Point Apt. 356,Jadon Squares,9384,Cristport,20872-7211,Mozambique,MZ,-21.205708,-124.215181
510,Emiliano,Shanahan,minnie69@schumm.com,12528683802,1979-02-10,male,http://mante.com,http://placeimg.com/640/480/people,77203 Rocky Ridges Suite 491,Ondricka Tunnel,291,Harleystad,67284-0622,Morocco,MA,23.985915,-7.170684
511,Wiley,Rutherford,mlueilwitz@walsh.com,16782584533,1936-07-18,male,http://goyette.com,http://placeimg.com/640/480/people,336 Lubowitz Station,Royal Green,62200,Port Francescafurt,27538-2911,Bahrain,BH,70.265673,-86.787904
512,Hillard,Renner,ismitham@kuhlman.com,18543766947,1958-10-31,male,http://ward.info,http://placeimg.com/640/480/people,19259 Lueilwitz Island Apt. 546,Yost Canyon,2781,Dooleyberg,58170,Serbia,RS,-40.746119,-79.083328
513,Davon,Huels,pnitzsche@hotmail.com,12817192098,1997-05-16,male,http://abbott.com,http://placeimg.com/640/480/people,6647 Velva Overpass Suite 442,Emmerich Keys,1490,New Leonardo,61875-5465,Pakistan,PK,-7.578525,0.211835
514,Joanne,Franecki,harris.jaquelin@yahoo.com,16153730918,1941-11-06,female,http://hackett.org,http://placeimg.com/640/480/people,54206 Bechtelar Flat,Feil Ways,878,West Edaside,91118,Norway,NO,69.363738,134.988848
515,Hobart,Kilback,greg56@vandervort.com,12795214679,1977-03-26,male,http://greenfelder.net,http://placeimg.com/640/480/people,905 Edison Expressway,Schiller Place,76472,Jonathanstad,15486,Barbados,BB,-4.050987,170.596431
516,Sierra,Powlowski,abigayle.windler@yahoo.com,12392378238,1967-08-28,female,http://huels.org,http://placeimg.com/640/480/people,1997 Abernathy Rue Suite 723,Leffler Landing,4665,South Buster,66403,United Arab Emirates,AE,-79.594401,-28.929694
517,Zoie,McClure,alvis.davis@yahoo.com,16789984163,1982-09-25,female,http://lebsack.biz,http://placeimg.com/640/480/people,59260 Lueilwitz Camp,Schiller Haven,678,Justynton,60692,Iraq,IQ,82.657595,74.076794
518,Daniela,Bahringer,oborer@hettinger.info,18785558581,1981-06-17,female,http://beahan.com,http://placeimg.com/640/480/people,24022 Vincent Islands,Ledner Estate,2417,Bechtelarberg,93479,U.S. Outlying Islands,UM,76.222122,57.973934
519,Lazaro,Gutmann,rusty.mertz@hotmail.com,16506150700,1966-04-23,male,http://jakubowski.com,http://placeimg.com/640/480/people,605 Jerel Mount Suite 528,Abernathy Tunnel,42002,North Arnulfo,71656,Dominican Republic,DO,-53.727302,-81.732048
520,Maximillia,Kemmer,cwuckert@terry.com,13473094043,1953-06-16,female,http://auer.org,http://placeimg.com/640/480/people,11162 Monique Brooks Apt. 570,Balistreri Extensions,452,New Roosevelt,19635,French Guiana,GF,-34.601728,145.317041
521,Rossie,Padberg,aracely12@hotmail.com,15023814493,2008-03-29,female,http://ullrich.org,http://placeimg.com/640/480/people,98565 Sasha Village Apt. 183,Reichel Mountains,5624,South Mervin,71939,China,CN,28.677323,171.515576
522,Royce,Kilback,oma43@okeefe.com,13028859460,1942-03-17,male,http://bruen.com,http://placeimg.com/640/480/people,940 Murazik Villages,Queenie Well,69873,Valentinefort,91208,Guadeloupe,GP,76.965651,-37.530159
523,Dayana,Hessel,okon.america@hotmail.com,12092956206,1982-09-07,female,http://kerluke.info,http://placeimg.com/640/480/people,5666 Jacobs Extensions,Pedro Falls,81537,Aylaton,77430,Kiribati,KI,63.423611,-92.547353
524,Yvette,Streich,ratke.gertrude@yahoo.com,18312550350,1982-01-08,female,http://grant.net,http://placeimg.com/640/480/people,1493 Jacey Junctions,Schmeler Mews,84700,North Arlo,10401-4303,Thailand,TH,13.647732,-146.102583
525,Katrine,Raynor,dickinson.ashley@kirlin.com,13475428839,2008-09-23,female,http://wintheiser.info,http://placeimg.com/640/480/people,763 Daniella Bypass,Alessia Light,89708,South Shaniyastad,82919-0302,St. Lucia,LC,69.162534,-0.443745
526,Mitchell,Cassin,agustina01@kozey.org,19103580974,1943-10-05,male,http://beatty.com,http://placeimg.com/640/480/people,8729 Celia Glen Apt. 809,Callie Shores,8194,Jenkinsside,11084-6254,Gabon,GA,64.441063,-159.901238
527,Natalia,Beier,elyse.runte@vonrueden.com,13476085930,1997-03-01,female,http://yost.com,http://placeimg.com/640/480/people,2420 Garnett Mission,Waters Street,436,West Alvina,82836-1760,Vanuatu,VU,40.805662,-158.22824
528,Eleanore,Feeney,ccassin@hotmail.com,18785880467,2020-01-26,female,http://breitenberg.org,http://placeimg.com/640/480/people,680 Dorothea Circles,Harrison Shores,7560,Ankundingmouth,47107-7490,St. Martin,MF,1.924919,139.358669
529,Kaci,Moen,anabelle.goyette@hotmail.com,18646135166,1992-10-07,female,http://waelchi.com,http://placeimg.com/640/480/people,526 Sammie Oval,Aleen Brooks,791,Fadelside,23282-1009,Wallis & Futuna,WF,46.974456,-1.702232
530,Antone,Weimann,abshire.hiram@yahoo.com,17173197750,1981-05-20,male,http://west.com,http://placeimg.com/640/480/people,956 Gaylord Lane,Darryl Dam,80162,Terrymouth,22199-9853,French Guiana,GF,60.084146,144.695279
531,Betty,Zemlak,farrell.dwight@larkin.com,18573639285,1995-10-18,female,http://koelpin.net,http://placeimg.com/640/480/people,6083 Sylvia Common,Weimann Parks,734,Janaestad,65854-9622,Ireland,IE,78.439191,6.490848
532,Lois,Wehner,jacquelyn64@abernathy.com,13166661576,1949-03-30,female,http://larson.com,http://placeimg.com/640/480/people,1471 Altenwerth Street,Rice Square,3777,East Allan,88134-5798,Brunei,BN,-40.267366,79.647057
533,Diana,Deckow,reta48@reynolds.biz,18707917524,1970-05-22,female,http://berge.biz,http://placeimg.com/640/480/people,53020 Stracke Trail Suite 812,Rogahn Springs,49501,Boborough,28653,Suriname,SR,-36.928872,75.890132
534,Arlo,Bahringer,omacejkovic@smitham.com,12038953294,1991-11-02,male,http://wintheiser.biz,http://placeimg.com/640/480/people,50055 Jannie Port Apt. 460,Rachel Point,54311,Akeemchester,91486,Kuwait,KW,-15.432232,72.275245
535,Clark,Corwin,sincere.kilback@hotmail.com,15409771909,1937-01-18,male,http://trantow.com,http://placeimg.com/640/480/people,6294 Wintheiser Green Apt. 260,Kelsi Road,33267,West Michaleshire,18923,British Indian Ocean Territory,IO,46.63408,121.846421
536,Tyshawn,Pfeffer,landen90@gmail.com,17658368016,2007-05-11,male,http://green.info,http://placeimg.com/640/480/people,7235 Lessie Crest Apt. 499,Oren Coves,685,Port Miloburgh,48648,Christmas Island,CX,-49.040692,47.658467
537,Sophia,Lowe,wwehner@gmail.com,19108170417,1996-11-17,female,http://huels.com,http://placeimg.com/640/480/people,559 Abshire Lock,Schmitt Mountain,649,Kingport,52253-3868,Uganda,UG,-57.04521,129.06806
538,Garrick,Reinger,kunde.stone@yahoo.com,15618469068,1964-09-24,male,http://feil.com,http://placeimg.com/640/480/people,9712 Skiles Place Apt. 054,Sawayn Port,7122,New Xanderton,82902-9231,Portugal,PT,-45.166466,16.296407
539,Aniya,Rempel,lonny.ortiz@goodwin.com,13463307911,2019-07-02,female,http://toy.com,http://placeimg.com/640/480/people,5281 Damaris Island Suite 236,Zora Ways,1606,Shanahanland,30488,Estonia,EE,-69.720957,-139.483722
540,Cydney,Torp,carolina.gutkowski@hotmail.com,14403047655,1973-07-22,female,http://cummings.com,http://placeimg.com/640/480/people,833 Wehner Terrace,Shad Drives,74335,South Cotybury,76263-3262,Cape Verde,CV,33.582639,-11.109637
541,Ward,Wisoky,nbatz@weissnat.com,14694938658,1980-12-27,male,http://barrows.info,http://placeimg.com/640/480/people,69428 Schmeler Ports,Kellie Trafficway,17006,Alphonsoland,31374,Western Sahara,EH,-54.206743,151.741136
542,Orlo,Streich,tkirlin@olson.com,19726622495,2017-09-23,male,http://stark.org,http://placeimg.com/640/480/people,122 Gunnar Cape Apt. 501,Pablo Walks,178,Homenickchester,72016-8885,Mozambique,MZ,-2.071925,-42.360777
543,Sherman,Hartmann,mbeer@hahn.com,15319294510,2009-09-14,male,http://becker.info,http://placeimg.com/640/480/people,489 Hickle Estates Suite 659,Franecki Lake,421,Lake Precious,97902,Martinique,MQ,-52.614015,137.211921
544,Rafael,Spencer,gilda.cronin@gmail.com,14329800501,2021-03-02,male,http://keeling.com,http://placeimg.com/640/480/people,7536 Schumm Run Apt. 482,Watsica Radial,4360,Port Meghan,09424,Cyprus,CY,59.966768,-159.459905
545,Eloisa,King,pete31@rice.com,18547435537,2021-10-21,female,http://hoppe.org,http://placeimg.com/640/480/people,9577 Considine Lodge Apt. 696,Sandrine Falls,5046,Port Dorthabury,16171,Vanuatu,VU,-89.995135,78.443685
546,June,Mertz,jfunk@rowe.com,17705807347,1979-03-02,female,http://berge.com,http://placeimg.com/640/480/people,62093 Johnpaul Shoals,Curtis Harbors,1843,New Pansyport,21060-5982,Turkmenistan,TM,-71.265248,-52.07604
547,Unique,Cronin,jquigley@yahoo.com,16123230509,1943-03-03,male,http://becker.biz,http://placeimg.com/640/480/people,74931 Kreiger Plaza,Audrey Brooks,41468,Eichmannmouth,70172,Kazakhstan,KZ,76.037412,1.599457
548,Dion,Stracke,hschoen@doyle.com,17402642439,1943-01-06,male,http://larson.com,http://placeimg.com/640/480/people,459 Claud Ridge,Davis Ridges,7011,Lake Earnestine,19978,Sudan,SD,-3.667015,10.83285
549,Celestino,Lind,euna.hauck@sipes.net,15206650669,2011-06-25,male,http://schuster.com,http://placeimg.com/640/480/people,7826 Shanahan Causeway Apt. 828,Hansen Drives,675,North Laurianefort,91950-6031,St. Helena,SH,25.557954,62.523333
550,Wade,Weissnat,tessie.white@trantow.com,18789707144,1970-04-02,male,http://dibbert.org,http://placeimg.com/640/480/people,44532 Cruickshank Underpass Apt. 906,Lehner Throughway,1024,North Desmond,45222,Trinidad & Tobago,TT,26.712201,86.73776
551,Myrtle,Maggio,serenity47@johnston.com,12073107880,1998-07-20,female,http://osinski.com,http://placeimg.com/640/480/people,4326 Julie Valley,Paucek Extensions,2564,Port Abrahamberg,75231-1130,Syria,SY,-66.401073,-173.816748
552,Bernita,Stamm,mclaughlin.leonor@stokes.com,18089563104,1979-10-28,female,http://zboncak.info,http://placeimg.com/640/480/people,3142 Abbie Isle Suite 405,Julianne Plaza,510,Paucekmouth,58214-0360,Bangladesh,BD,19.567681,-107.316265
553,Easton,Jacobi,newton.gutkowski@hotmail.com,13015297953,1952-11-30,male,http://vonrueden.org,http://placeimg.com/640/480/people,9552 Simonis Bridge Suite 590,Farrell Manor,6495,West Yadiratown,83954,Libya,LY,-4.871868,-18.949282
554,Jerrell,Hermann,switting@kassulke.biz,19385951803,2021-11-29,male,http://purdy.com,http://placeimg.com/640/480/people,6678 Blick Road,Prohaska Road,5893,Leilanishire,09478,Togo,TG,19.867987,-138.670239
555,Alessandro,Feeney,krystel71@yahoo.com,19783000439,1972-04-22,male,http://treutel.com,http://placeimg.com/640/480/people,13863 Champlin Junctions,Lurline Fall,3628,Port Joanyborough,75122-6138,Samoa,WS,41.426261,22.222946
556,Lexus,Greenholt,leanne98@torphy.biz,19045463354,1961-08-08,male,http://lueilwitz.com,http://placeimg.com/640/480/people,16120 Halvorson Corners Suite 280,Matt Burgs,8117,Apriltown,78198-1347,Curaçao,CW,57.724189,172.479621
557,Keeley,Gutmann,ywitting@gmail.com,15042572612,1958-06-10,male,http://abshire.com,http://placeimg.com/640/480/people,13146 Cordia Points Apt. 030,Parisian Prairie,477,Trevionmouth,29332,Cape Verde,CV,-51.392556,-45.555056
558,Ike,Jones,ratke.abner@hotmail.com,12608136278,1954-08-07,male,http://mante.org,http://placeimg.com/640/480/people,2965 Kuhic Extensions,Thiel Corners,45642,Erdmanstad,59593-2405,Norfolk Island,NF,44.261691,-32.01385
559,Melody,Conroy,uemard@yahoo.com,13867821207,1983-07-24,female,http://jerde.net,http://placeimg.com/640/480/people,597 Trudie Pass Apt. 274,Glover Point,60636,North Angiemouth,13795-0309,Pakistan,PK,45.904438,115.231191
560,Maudie,Harber,georgette.schultz@yahoo.com,14799762303,1960-04-04,female,http://roberts.com,http://placeimg.com/640/480/people,983 Roob Trail Suite 619,Mia Dale,6084,Deckowland,95260-1071,Uruguay,UY,-81.171399,103.38692
561,Leola,McCullough,kwelch@weber.com,14406487724,2001-04-22,female,http://white.com,http://placeimg.com/640/480/people,7869 Santino Knoll Suite 237,Hoeger Spurs,2504,Taylortown,61880-7927,Finland,FI,47.451317,140.504796
562,Rosemarie,Bernhard,eda36@marquardt.com,13415948074,1982-04-12,female,http://brown.net,http://placeimg.com/640/480/people,6672 Thiel Track Apt. 869,Gleichner Garden,311,Treutelborough,00502-0443,Mauritania,MR,-0.982256,-86.095144
563,Sandra,Ledner,jamarcus.gorczany@witting.org,15074989837,1959-08-25,female,http://ondricka.net,http://placeimg.com/640/480/people,9364 Bell Canyon,Cicero Common,72300,Wellingtontown,28911,Colombia,CO,3.840236,-117.433681
564,Vivian,Dickens,brekke.ana@hotmail.com,15097104869,1948-11-16,female,http://predovic.org,http://placeimg.com/640/480/people,710 Torp Shoals,Littel Court,44034,West Tyrashire,56786,Nigeria,NG,68.902417,34.847094
565,Lawrence,Braun,koch.darlene@hansen.com,12796107929,1950-01-13,male,http://sanford.com,http://placeimg.com/640/480/people,8285 Ezequiel Club,Javier Lakes,7050,Kenyattatown,99681,Cambodia,KH,51.815148,75.970341
566,Oran,O'Hara,huels.lora@yahoo.com,15209886356,1945-11-04,male,http://turcotte.com,http://placeimg.com/640/480/people,54582 Theo Squares Suite 508,Marlen Fall,133,New Jakaylaside,74067,Sri Lanka,LK,-55.446448,79.988157
567,Emelie,Jacobi,ydamore@bernhard.org,12286435662,1997-11-05,female,http://greenholt.com,http://placeimg.com/640/480/people,5048 Powlowski Place,Dakota Crest,144,East Shana,71627-8035,Christmas Island,CX,-11.59269,-157.544397
568,Cleve,Abernathy,susanna75@yahoo.com,13303131424,1971-01-11,male,http://damore.com,http://placeimg.com/640/480/people,74343 Marks Inlet,Krystal Island,86743,Rodriguezport,12203-4229,Sierra Leone,SL,-57.929079,75.198912
569,Demarco,Baumbach,ehowe@borer.net,13209088575,2005-08-23,male,http://gerlach.com,http://placeimg.com/640/480/people,40041 Filiberto Square,Nellie Estate,45171,Marshallhaven,98904,China,CN,3.073708,-28.920242
570,Iva,Johns,bashirian.colton@buckridge.info,13462626198,1976-06-28,female,http://heathcote.net,http://placeimg.com/640/480/people,8973 Ivy Ridge,D'angelo Isle,406,Littlefurt,69533-6455,Mexico,MX,71.859957,83.149454
571,Shanie,Funk,brempel@hayes.com,14808503275,2005-03-25,female,http://fahey.com,http://placeimg.com/640/480/people,35777 Osinski Fords,Schinner Forge,7958,Port Brice,07794-2985,Caribbean Netherlands,BQ,33.914329,54.125626
572,Caesar,Smitham,destiney.kohler@gmail.com,15207281828,1954-11-22,male,http://waelchi.com,http://placeimg.com/640/480/people,2197 Pollich Drive Apt. 665,Jamison Corner,281,Farrelltown,98910-7916,French Polynesia,PF,52.026598,-112.240955
573,Mary,Dickens,aubree.casper@hotmail.com,19172385293,1994-04-02,female,http://little.com,http://placeimg.com/640/480/people,4967 Tillman Shoals Apt. 795,Santiago Extensions,31100,Georgefort,06755,Gambia,GM,-62.487043,140.136959
574,Elmira,Swift,caden27@yahoo.com,19543330481,1981-12-16,female,http://koelpin.com,http://placeimg.com/640/480/people,551 Rodriguez Rue Suite 129,Clemmie Drive,74578,Meghanmouth,61875,Svalbard & Jan Mayen,SJ,-88.460849,-146.037702
575,Trey,Greenfelder,bradtke.arvilla@legros.com,18066610666,1943-05-28,male,http://mertz.info,http://placeimg.com/640/480/people,173 Zion Spurs Suite 777,Carlotta Track,91424,Kendrickfurt,12280-4164,Dominica,DM,-66.908913,-156.291884
576,Gilberto,Goldner,oconner.courtney@yahoo.com,18208589025,1994-05-31,male,http://goodwin.com,http://placeimg.com/640/480/people,209 Darrell Oval Apt. 544,O'Kon Parks,17124,West Cheyenne,81053,India,IN,55.718468,94.632256
577,Jana,Mann,oberbrunner.gardner@spinka.com,12839582754,1975-10-01,female,http://boyle.info,http://placeimg.com/640/480/people,1015 Davis Point,Else Estates,716,Grahamview,27024-8651,Grenada,GD,18.644802,59.09559
578,Lacey,Kertzmann,ferry.kyla@gmail.com,19718974076,1941-06-16,female,http://beahan.net,http://placeimg.com/640/480/people,77426 Goyette Mountain,Reilly Shoal,5148,East Felton,52200,Nauru,NR,-20.575369,9.970389
579,Meagan,Cummings,erna23@fisher.org,14246659958,1937-05-06,female,http://gusikowski.org,http://placeimg.com/640/480/people,735 Rahul River,Efren Highway,133,Gutmannport,27947,Belarus,BY,-7.008086,10.120496
580,Pauline,Schiller,orn.hannah@hotmail.com,17853545771,1941-11-16,female,http://parisian.org,http://placeimg.com/640/480/people,83979 Gino Stream Apt. 170,Koelpin Mountain,6629,East Raquel,07365-6432,Bosnia & Herzegovina,BA,-48.121317,179.097477
581,Lelia,Wiza,kaleigh.spinka@okon.com,18545010232,1950-02-25,female,http://bruen.com,http://placeimg.com/640/480/people,894 Katrine Plains,Johns Extensions,27052,North Florence,03885,Sint Maarten,SX,-45.910276,-32.428293
582,Vincenzo,Lesch,ariane.gulgowski@gmail.com,17045856378,1942-05-18,male,http://lockman.org,http://placeimg.com/640/480/people,328 Enola Manor Apt. 786,Joanny View,793,Cronaton,76801,Hungary,HU,51.068818,-20.407857
583,Halie,Schaefer,simonis.jamar@altenwerth.com,12532753651,1962-10-08,female,http://ryan.com,http://placeimg.com/640/480/people,557 Henderson Well Suite 150,Amely Rest,2180,West Reilly,69865,Switzerland,CH,73.738225,-37.421311
584,Anibal,Wisoky,vokeefe@hotmail.com,19256136091,1941-05-14,male,http://becker.com,http://placeimg.com/640/480/people,72453 Celine Summit,Kutch Forge,4912,Giovannichester,46874,Mozambique,MZ,10.881296,-160.808354
585,Bulah,Bogan,beier.ana@gmail.com,15514262803,1986-09-14,female,http://graham.net,http://placeimg.com/640/480/people,73136 Jakubowski Burg,Marvin Square,221,Lake Rebekaborough,33943-9948,Mozambique,MZ,51.682619,-178.682053
586,Tierra,Wintheiser,pdare@cremin.com,14802289112,2009-01-12,female,http://williamson.com,http://placeimg.com/640/480/people,2394 Hahn Pass Apt. 227,Schinner Park,2851,Port Arlenestad,26812,Azerbaijan,AZ,56.09246,-25.818084
587,Anabelle,Ondricka,lexi.pollich@gmail.com,12522606225,1995-09-07,female,http://blick.com,http://placeimg.com/640/480/people,5677 Gulgowski Bridge,Jaycee Turnpike,183,Lake Cedrickberg,12006-4939,Croatia,HR,-48.458731,82.144814
588,Jovanny,Kub,xsipes@lang.org,17546635411,1957-12-27,male,http://daniel.info,http://placeimg.com/640/480/people,1653 Hickle Trail Suite 650,Quigley Views,510,Sigurdborough,61030,New Caledonia,NC,-86.573779,-12.322665
589,Isabelle,Hill,zhickle@hand.net,12068869922,1996-06-20,female,http://glover.net,http://placeimg.com/640/480/people,834 Kihn Ports,Ulises Crescent,88404,North Uriahfurt,23643-7245,Seychelles,SC,19.822906,-123.508932
590,Chanelle,Wolf,tad76@hotmail.com,12545199753,2015-10-12,female,http://cassin.com,http://placeimg.com/640/480/people,33569 Lynch Estate,Simonis Lane,88665,Runtefort,53610-6019,Kyrgyzstan,KG,-65.654858,-120.649744
591,Patience,Schmeler,zemlak.moses@ferry.info,16369673704,2025-07-19,female,http://parisian.com,http://placeimg.com/640/480/people,54303 Lisa Squares,Smith Locks,4645,Larkinmouth,86609-5750,South Sudan,SS,81.66244,51.315822
592,Emmitt,Auer,wisoky.lulu@bahringer.com,13867752063,1980-10-10,male,http://larkin.net,http://placeimg.com/640/480/people,483 Reinger Mountain Apt. 058,Mariam Lake,2882,Port Jessyview,40863,Ghana,GH,60.433123,-66.496682
593,Fanny,Leffler,adelbert86@hotmail.com,13417011266,1991-06-16,female,http://rohan.com,http://placeimg.com/640/480/people,1137 Cummings Squares Suite 091,Cloyd Ford,36941,Dockmouth,67235-5432,Panama,PA,43.445164,-34.569269
594,Gus,Purdy,trisha.macejkovic@kihn.com,16124755490,1936-11-15,male,http://gottlieb.org,http://placeimg.com/640/480/people,30423 Kattie Square,Gordon Avenue,82680,Mckennaport,23176-7275,Belize,BZ,-10.60666,65.485964
595,Alysha,Nicolas,xgaylord@hotmail.com,19345593813,1939-03-21,female,http://gutkowski.com,http://placeimg.com/640/480/people,3981 Coby Island Apt. 061,Luettgen Parks,101,Trantowburgh,03338-0110,Israel,IL,76.397545,154.458338
596,Felipe,Bayer,yboehm@medhurst.biz,14344700830,2002-04-09,male,http://konopelski.com,http://placeimg.com/640/480/people,6177 Boehm Plaza Apt. 043,Grimes Wells,83520,Doylemouth,69850-6986,Bhutan,BT,78.486659,106.922121
597,Sharon,Russel,chance83@cormier.net,16207881846,2008-09-02,female,http://schowalter.com,http://placeimg.com/640/480/people,892 O'Keefe Bypass,Marc Fields,8782,New Lexie,28293,United Kingdom,GB,32.84778,72.980481
598,Ignacio,Beatty,zwiza@wilkinson.org,18726005051,1976-11-06,male,http://gusikowski.com,http://placeimg.com/640/480/people,901 Legros Trail Apt. 127,Dewayne Ports,650,North Generalville,92118-2424,Botswana,BW,-72.006492,-123.68823
599,Nick,Prohaska,hilpert.elouise@gmail.com,18132518416,1952-07-25,male,http://bode.biz,http://placeimg.com/640/480/people,85203 Cathrine Stream Suite 935,Conrad Mountain,111,New Granville,60062,South Korea,KR,59.727688,-66.121253
600,Jordi,Dach,jewel88@gmail.com,17262224866,1991-10-01,male,http://hamill.com,http://placeimg.com/640/480/people,185 Torp Via,Ratke Springs,282,Denesikmouth,50740,Pitcairn Islands,PN,36.662941,-111.198083
601,Bobby,Wunsch,denesik.paris@shanahan.com,14637018834,1987-11-21,male,http://zulauf.com,http://placeimg.com/640/480/people,4596 Goodwin Dale,Hickle Mountain,7273,West Lesterside,01534,Japan,JP,59.402144,-113.982239
602,Immanuel,Schulist,will47@feest.com,13035261153,1967-07-24,male,http://davis.com,http://placeimg.com/640/480/people,592 Fiona Turnpike Suite 077,Bauch Pass,546,South Abbietown,57696,Morocco,MA,7.304507,62.329877
603,Lester,Schamberger,ferry.lamar@gmail.com,14138982956,2014-10-20,male,http://senger.com,http://placeimg.com/640/480/people,223 Sydney Village Apt. 025,Kihn Ford,69129,Robelshire,76761,Senegal,SN,11.336877,-148.104121
604,Fiona,Hansen,rstiedemann@gmail.com,13234435550,2018-04-30,female,http://deckow.com,http://placeimg.com/640/480/people,84958 Marcelina Vista Suite 502,Tate Estates,366,Darylton,19317-7661,Dominican Republic,DO,-25.21104,151.744246
605,Mariano,Huels,ilarson@yahoo.com,15808166660,1985-01-31,male,http://cremin.com,http://placeimg.com/640/480/people,228 Harrison Drive,Bridie Common,309,Oliverfurt,82080,Marshall Islands,MH,-85.79005,-163.650926
606,Lillie,Ziemann,breanna18@yahoo.com,18435155630,1992-06-18,female,http://durgan.info,http://placeimg.com/640/480/people,6290 Dante Run,Kira Forks,95284,South Halie,29007-4202,Greenland,GL,-86.311913,-112.498809
607,Abdiel,Hammes,bednar.lilly@bailey.org,18603355641,1941-08-01,male,http://gottlieb.info,http://placeimg.com/640/480/people,4714 Theresa Port,Duncan Manors,77059,Lake Bettie,94357-0642,Puerto Rico,PR,-27.54292,-67.912305
608,Alanna,Barton,valerie.larkin@hammes.com,14176039929,1958-02-08,female,http://parker.net,http://placeimg.com/640/480/people,2945 Celestino Trace,Lindgren Branch,82137,West Jesus,46543,Cocos (Keeling) Islands,CC,-15.381702,101.643502
609,Kiara,Larson,stephania10@gmail.com,14589710673,2009-07-14,female,http://becker.com,http://placeimg.com/640/480/people,139 Schneider Villages,Gottlieb Ford,19016,East Doris,04076,South Sudan,SS,-50.517458,-11.660004
610,Norbert,Ullrich,darien.huel@hotmail.com,16469728701,1984-06-22,male,http://kuhlman.org,http://placeimg.com/640/480/people,909 Mauricio Courts Suite 268,Stark Ridges,27261,Stefanieton,77981-4509,Lesotho,LS,-84.264145,-120.467357
611,Veda,Crist,fmayert@gmail.com,15135306144,2008-11-19,female,http://wolf.com,http://placeimg.com/640/480/people,756 Fred Well Apt. 178,Gerlach Inlet,925,North Josiahfurt,30378-0825,United Arab Emirates,AE,42.739718,87.004193
612,Jadon,Rolfson,weldon79@yahoo.com,17019940009,2009-11-16,male,http://roob.com,http://placeimg.com/640/480/people,2488 Sydnie Burg,Fern Gateway,5840,South Katlyn,51543,Martinique,MQ,-65.238303,145.037277
613,Carolina,Heller,donny46@koelpin.biz,19804029902,2009-06-26,female,http://maggio.info,http://placeimg.com/640/480/people,326 Triston Flats Apt. 051,Douglas Route,6571,East Kallieton,21731-9968,Guadeloupe,GP,67.525914,114.514234
614,Davin,Dooley,deckow.marcelle@johnson.info,12513281669,1970-10-15,male,http://bergstrom.info,http://placeimg.com/640/480/people,19129 Bins Estate,Champlin Parkway,5631,Connorburgh,06322,Indonesia,ID,-46.716842,20.614199
615,Esperanza,Fahey,cmuller@yahoo.com,13374287296,2008-04-25,female,http://oconner.com,http://placeimg.com/640/480/people,83968 Gladyce Squares,Rogahn Junction,1175,East Gladyceville,73062-7969,Fiji,FJ,-65.813862,115.055086
616,Kristin,Auer,spencer.blaise@gmail.com,14796802491,2020-01-02,female,http://deckow.com,http://placeimg.com/640/480/people,44576 Medhurst Ridges,Jonas Drive,845,Emorymouth,26656,Costa Rica,CR,-48.813509,-6.512192
617,Dalton,Rogahn,brekke.adrain@moore.com,14174365098,1988-11-14,male,http://sawayn.com,http://placeimg.com/640/480/people,9868 Cassin Crossing Apt. 224,Ollie Brooks,4062,Christophechester,10102-1930,Palestinian Territories,PS,19.163964,-19.486304
618,Juwan,Tromp,modesto.buckridge@koch.com,15173562767,2010-11-25,male,http://schmidt.com,http://placeimg.com/640/480/people,3696 Greg Mills Apt. 900,Sadie Isle,440,Hackettmouth,33057,Australia,AU,34.332246,-92.397686
619,Rico,Davis,fstanton@gmail.com,15157087222,2007-07-23,male,http://toy.com,http://placeimg.com/640/480/people,16342 Weldon Lodge Apt. 920,Murazik Port,76103,East Eliza,89372,Bolivia,BO,86.454241,-143.267065
620,Nova,Rippin,xkoss@yahoo.com,17862173073,1943-06-16,female,http://barton.info,http://placeimg.com/640/480/people,82757 Hills Mountains Apt. 240,Georgianna Crossing,646,Lake Lexus,70160,Central African Republic,CF,8.262493,-154.093371
621,Zachary,Wiegand,pwuckert@langworth.com,18646552014,2010-01-06,male,http://jacobson.com,http://placeimg.com/640/480/people,263 Dooley Spur Apt. 002,Block Shoals,656,Lake Jackyhaven,55655-1145,Austria,AT,32.331694,-80.650627
622,Sienna,Lueilwitz,arvilla.west@gmail.com,18144507248,1960-08-28,female,http://strosin.org,http://placeimg.com/640/480/people,10690 Beatty Shores Apt. 586,Liana Cliff,357,Brandtstad,05528-4296,Caribbean Netherlands,BQ,-52.538508,-65.608433
623,Allene,Cremin,cartwright.christian@hotmail.com,19798214939,1963-08-14,female,http://hoppe.com,http://placeimg.com/640/480/people,2182 Linnie Mountains Apt. 791,Nikko Wall,83839,Jamarmouth,89523,Finland,FI,62.200416,-83.70007
624,Enrico,Dach,haag.immanuel@gottlieb.biz,18124748760,1949-06-23,male,http://mcclure.org,http://placeimg.com/640/480/people,1200 Pansy Mall Suite 634,Nitzsche Flats,5940,New Carlos,99103,British Virgin Islands,VG,72.698014,67.080049
625,Casper,Gleason,mckenna.heaney@yahoo.com,14352095203,1997-01-22,male,http://ratke.org,http://placeimg.com/640/480/people,6266 Elaina Garden,Kshlerin Street,869,East Eunamouth,99849-7914,Gibraltar,GI,-31.1536,-169.001651
626,Wyman,Kris,nprice@gmail.com,17733521879,1993-10-03,male,http://feil.com,http://placeimg.com/640/480/people,57779 Willard Isle Apt. 044,Leannon Stream,12063,New Ettiechester,35966,Bahrain,BH,59.269642,140.867697
627,Rafael,Kuhn,hpagac@bednar.com,16312983942,2010-07-13,male,http://harvey.com,http://placeimg.com/640/480/people,56414 Gorczany Parks Suite 379,Sawayn Estate,36347,East Joanie,77625-5241,Jordan,JO,58.682782,79.187489
628,Rosamond,Pollich,ulices58@gmail.com,17622697780,1966-09-15,female,http://durgan.com,http://placeimg.com/640/480/people,9123 Stamm Passage,Johnny Drive,885,Port Louie,76578-7277,North Korea,KP,49.863712,63.688238
629,Jerome,Dietrich,xgislason@gmail.com,15649096285,1943-04-28,male,http://stroman.com,http://placeimg.com/640/480/people,66159 Kuvalis Oval,Wyman Bypass,643,Ebertborough,39142-1985,Paraguay,PY,-42.539564,-40.782808
630,Alycia,Lakin,hoppe.chasity@moen.com,15418168021,1957-09-17,female,http://wehner.biz,http://placeimg.com/640/480/people,4128 Krystal Highway,Brakus Place,77381,Kemmerhaven,00606,Palestinian Territories,PS,19.582149,3.204492
631,Katlyn,Gleason,von.valentina@sporer.com,15614026417,2006-08-31,female,http://rolfson.com,http://placeimg.com/640/480/people,686 Nikolaus Trace Suite 660,Marguerite Pike,453,Ritchiestad,46420,Norway,NO,-10.749246,151.980688
632,Michael,Bailey,kilback.drake@halvorson.info,16234711152,1984-09-17,male,http://beatty.net,http://placeimg.com/640/480/people,799 Amalia Junctions Suite 181,Farrell Summit,87479,Buckridgeshire,75147,Norfolk Island,NF,-48.465539,-127.647357
633,Osvaldo,Osinski,kirsten.hirthe@hotmail.com,19569555862,1955-11-28,male,http://kertzmann.com,http://placeimg.com/640/480/people,15049 Jarrell Dam Suite 468,Nathanael Village,3366,Norwoodmouth,24201,Georgia,GE,-88.232602,-90.590032
634,Della,Purdy,zoila.keebler@robel.com,16508367736,2004-07-07,female,http://klein.biz,http://placeimg.com/640/480/people,2164 Ullrich Haven Apt. 199,Sandy Burgs,11612,South Ivahside,95008,Tanzania,TZ,21.666584,71.272614
635,Estrella,Buckridge,mschowalter@hotmail.com,19204325181,1997-06-17,female,http://graham.biz,http://placeimg.com/640/480/people,32983 Volkman Locks Suite 367,Trantow Stravenue,90002,South Athenaberg,79561-8496,Vanuatu,VU,-35.848717,129.566295
636,Jermey,Gleason,gaylord.samantha@gmail.com,16504766926,1976-01-02,male,http://smith.com,http://placeimg.com/640/480/people,341 Von View,Roman Square,5742,Terrybury,06708-4465,Saudi Arabia,SA,-4.208919,72.25172
637,Dee,Brekke,jade56@yahoo.com,18064103807,2016-05-07,male,http://lockman.com,http://placeimg.com/640/480/people,312 Margarita Rapid Apt. 050,Elton Knolls,6771,Isomfurt,64140-4037,Cyprus,CY,-70.97634,138.485384
638,Patsy,Rolfson,johnny42@hotmail.com,18102710801,1995-08-03,female,http://effertz.biz,http://placeimg.com/640/480/people,85625 Blick Run Apt. 869,Lilliana Run,76647,Farrellside,34975,India,IN,-29.967172,-22.62635
639,Daphne,Beer,milford62@hotmail.com,12153959083,1965-06-02,female,http://maggio.org,http://placeimg.com/640/480/people,50393 Toy Gardens,Makayla Springs,244,East Tyreekton,56723,Marshall Islands,MH,82.107302,9.485481
640,Dax,Hermiston,ozella43@runolfsson.biz,14029378019,1976-08-23,male,http://little.info,http://placeimg.com/640/480/people,375 Cassandre Port,Onie Meadows,9694,West Quinn,49298-5889,Uruguay,UY,-69.668343,-119.498684
641,Sammy,Olson,lubowitz.margarette@hotmail.com,16818046323,1982-06-25,male,http://abshire.com,http://placeimg.com/640/480/people,770 Idell Village,Romaguera Mount,2958,Betteland,74260-3311,American Samoa,AS,-45.518016,-21.385196
642,Kyler,Senger,harber.chloe@hotmail.com,12518675900,2011-02-12,male,http://leuschke.org,http://placeimg.com/640/480/people,748 Maia Walk,Hane Grove,380,Lake Orrinport,79202-1749,South Korea,KR,81.390344,-54.6614
643,Ken,Muller,elmo.schulist@hotmail.com,19048646881,1962-01-19,male,http://roob.com,http://placeimg.com/640/480/people,398 Margaret Drive Apt. 507,Anastacio Street,9699,Gerlachhaven,56934-0041,Taiwan,TW,50.777772,-29.967016
644,Maryse,Rowe,xthiel@mcglynn.com,19062655802,1977-12-26,female,http://herman.org,http://placeimg.com/640/480/people,929 Hane Fields,Otho Bypass,2253,Ceciliaberg,10888,Malawi,MW,52.331351,6.998998
645,Sunny,Zboncak,mfeeney@yahoo.com,14409633405,2002-02-15,female,http://bosco.com,http://placeimg.com/640/480/people,668 Osvaldo Rapid,Brown Heights,20441,Hoegerstad,23519,Syria,SY,1.206932,153.351399
646,Rudolph,O'Connell,malachi.hansen@bergstrom.com,17755200192,1971-06-25,male,http://cassin.biz,http://placeimg.com/640/480/people,615 Tyler Lights,Elna Junction,7613,Austyntown,71960,Paraguay,PY,-18.21735,23.696395
647,Hoyt,Gibson,lakin.ted@orn.biz,18282429850,1985-01-20,male,http://cartwright.com,http://placeimg.com/640/480/people,65350 Toni Oval Suite 605,Koch Meadows,602,Powlowskiburgh,70981-9054,Bulgaria,BG,0.187579,-105.40682
648,Heidi,Bradtke,terry.idella@hotmail.com,16463753057,1939-12-12,female,http://white.com,http://placeimg.com/640/480/people,4643 Francis Rapid Suite 487,Turcotte Way,803,West Nyafurt,16668-4321,U.S. Virgin Islands,VI,-49.357315,33.56179
649,Mara,Schumm,vjakubowski@gmail.com,14258217945,1942-10-30,female,http://hermiston.com,http://placeimg.com/640/480/people,23996 Yundt Walks Suite 543,Erdman Expressway,39239,Jazlynmouth,90390,Germany,DE,-43.660932,-7.256336
650,Caesar,Hickle,weimann.otha@hotmail.com,16418010455,1961-08-23,male,http://hauck.com,http://placeimg.com/640/480/people,40901 Madisyn Well,Deron Extension,72440,Kohlerbury,01472-9078,Chad,TD,-85.721675,-49.1268
651,Luis,Spencer,friesen.elody@cremin.com,12316333556,1948-03-21,male,http://gorczany.biz,http://placeimg.com/640/480/people,2725 Moen Forge Apt. 507,Kuhlman Rest,7088,New Blazefurt,57025-7194,Japan,JP,-8.441572,83.482184
652,Ozella,Orn,smann@kutch.com,16182872436,2001-09-06,female,http://rohan.com,http://placeimg.com/640/480/people,22064 Eriberto Drive Suite 121,Monahan Flat,566,South Rhianna,74269-2137,Estonia,EE,-31.420311,-0.568615
653,Harold,Sipes,dbins@bogan.com,18789988178,1977-12-27,male,http://wisoky.org,http://placeimg.com/640/480/people,920 Arnoldo Stream,Ashlynn Estate,899,Dantestad,54874-1459,Zimbabwe,ZW,87.988059,74.949158
654,Opal,Morar,qmante@bins.net,15073175698,1999-11-18,female,http://nienow.com,http://placeimg.com/640/480/people,84288 Arielle Estates Apt. 318,Chanelle View,82395,Lake Landenberg,04381-7841,Afghanistan,AF,48.159053,-19.967406
655,Federico,Herman,obogan@runolfsdottir.com,16629425231,1973-06-17,male,http://reynolds.com,http://placeimg.com/640/480/people,134 Wolff Stream Apt. 973,Cooper Lock,878,South Jesusstad,83930,Tuvalu,TV,-21.76762,-175.267579
656,Natalie,Aufderhar,lilian62@gmail.com,14754542035,1992-03-27,female,http://braun.com,http://placeimg.com/640/480/people,37831 Cole Grove Suite 460,Charlie Ramp,76264,Andersonshire,38059-5520,Taiwan,TW,37.905302,-143.217141
657,Myrl,Kunde,jamie85@gmail.com,15099101109,2013-08-24,male,http://keeling.org,http://placeimg.com/640/480/people,15916 Gertrude Meadows,Feeney Crest,164,Alexaside,87275-0722,Montserrat,MS,81.975682,172.544614
658,Lavern,McLaughlin,roxane.jast@gmail.com,18204574502,1970-11-04,male,http://nikolaus.info,http://placeimg.com/640/480/people,27026 Hackett Glens,Bernard Glen,861,Kaiaberg,30002,Namibia,NA,78.553937,-63.660006
659,Roel,Crona,erna69@witting.net,18327137338,2012-12-25,male,http://konopelski.net,http://placeimg.com/640/480/people,6409 Telly Harbors Suite 343,Deion Falls,644,Port Kristaton,64744-6423,São Tomé & Príncipe,ST,-4.213579,127.912497
660,Frankie,Bednar,erempel@marks.com,13052645185,1985-06-16,male,http://lang.info,http://placeimg.com/640/480/people,6470 Nya Alley Suite 754,Crystal Junction,61428,Bartberg,57898-4353,Guinea-Bissau,GW,-20.415723,46.028318
661,Jessica,Nienow,mylene.balistreri@hotmail.com,14808088750,1988-07-19,female,http://sporer.com,http://placeimg.com/640/480/people,34262 Jerad Orchard,Jeffry Corner,98810,Darrylshire,35855,Liberia,LR,27.052747,-172.3586
662,Wilber,Rippin,rau.afton@kutch.com,19303299945,1979-04-03,male,http://effertz.biz,http://placeimg.com/640/480/people,999 Herzog Junction Apt. 281,Altenwerth Mills,910,Lake Estrella,14746,Barbados,BB,-73.814745,112.056723
663,Reagan,Bartoletti,marjory49@yahoo.com,17186596803,1975-06-26,male,http://smith.com,http://placeimg.com/640/480/people,3672 Dickens Shores,Ephraim Plains,350,Hanemouth,92748,Tokelau,TK,66.408928,105.175099
664,Clair,Lebsack,rdonnelly@schroeder.biz,17815507415,2011-06-12,male,http://schuster.biz,http://placeimg.com/640/480/people,35630 Hane Keys Suite 516,Greyson Passage,957,Lake Eula,54583-0170,Rwanda,RW,59.734795,-51.247892
665,Benedict,Rutherford,hilpert.theron@hotmail.com,14258839700,1964-12-23,male,http://runte.net,http://placeimg.com/640/480/people,5539 Donnelly Groves Apt. 289,Bernhard Trafficway,69857,East Kenyatta,08279,Svalbard & Jan Mayen,SJ,-39.254767,175.223415
666,Tyree,Gerhold,cruickshank.hardy@swift.com,13104725627,1946-08-07,male,http://kuphal.info,http://placeimg.com/640/480/people,479 Franecki Port,Quitzon Mount,604,Mossiemouth,21088,Ghana,GH,-3.770755,94.707725
667,Greg,Morissette,ferry.mossie@hotmail.com,14134398027,1942-10-22,male,http://grant.net,http://placeimg.com/640/480/people,1315 Kling Manors,Sean Islands,9986,Lake Monserrat,97454-4474,Comoros,KM,-41.757307,-90.425639
668,Alycia,Marquardt,paucek.afton@yahoo.com,14586224586,2006-08-10,female,http://kiehn.com,http://placeimg.com/640/480/people,590 Edwin Station,Rippin Spurs,6135,Flaviomouth,39078,Kenya,KE,66.411467,96.435361
669,Nils,Toy,zgreenfelder@hotmail.com,12285431977,1939-09-11,male,http://hessel.com,http://placeimg.com/640/480/people,329 Dietrich Walks Suite 461,Hagenes Road,53118,Port Lilianeville,88130-9486,Bulgaria,BG,32.163542,-21.811186
670,Kennedy,Schiller,jocelyn.heller@hotmail.com,19206576455,2001-09-02,male,http://koepp.com,http://placeimg.com/640/480/people,4605 Norberto Islands Suite 280,Murphy Tunnel,6311,Toneyfort,43242-1823,Vatican City,VA,50.712554,138.208397
671,Dawson,Mohr,goodwin.providenci@hotmail.com,17162302024,1982-09-17,male,http://lynch.com,http://placeimg.com/640/480/people,2811 Cruickshank Landing Suite 957,Leone Throughway,278,Wymanview,55542,Qatar,QA,-21.009691,17.503448
672,Lilliana,Spencer,arath@king.biz,14326752124,1937-05-20,female,http://pollich.com,http://placeimg.com/640/480/people,4675 Botsford Shore Suite 273,Hollie Overpass,27527,Leolabury,31358,Romania,RO,-87.417341,-103.057207
673,Pierre,Cummerata,bashirian.ilene@hotmail.com,14586147622,1995-02-03,male,http://schmitt.com,http://placeimg.com/640/480/people,2886 Bethany Knolls,Casper Trace,40392,Lake Candicefurt,22433-5999,Romania,RO,81.22119,16.511653
674,Lilian,Schimmel,phyatt@denesik.biz,17862422503,2005-11-24,female,http://gleason.com,http://placeimg.com/640/480/people,5537 Hirthe Stravenue,Armstrong Corner,3588,New Retha,56338-8361,South Korea,KR,-20.536415,74.682615
675,Rosalind,Keeling,bonnie.marks@hotmail.com,18208003949,1958-10-11,female,http://wisozk.biz,http://placeimg.com/640/480/people,168 Casper Ramp,Cummerata Avenue,31162,Armandport,98062-9066,Bhutan,BT,54.296743,-16.367784
676,Jaquan,Runolfsdottir,donnelly.araceli@hansen.com,16509493960,1948-11-23,male,http://sawayn.info,http://placeimg.com/640/480/people,684 Muriel Plains,Shyann Point,2079,Coltonville,86414-6961,Qatar,QA,-23.603164,-77.844182
677,Chelsie,Heller,jaufderhar@hyatt.com,14075019102,1950-12-01,female,http://davis.net,http://placeimg.com/640/480/people,75388 Era Motorway,Davis Street,623,Klockoshire,76572,Rwanda,RW,46.575596,-72.301524
678,Jeanette,Treutel,markus.beier@gmail.com,15718703905,1991-09-23,female,http://wolf.org,http://placeimg.com/640/480/people,50305 Lelah Estate,Windler Spring,5582,North Jamil,12406,Puerto Rico,PR,43.510458,-31.603554
679,Kurtis,Considine,bergnaum.mary@gmail.com,14846472006,2014-04-21,male,http://crona.com,http://placeimg.com/640/480/people,5297 Kiehn River,Sarai Square,58705,Manleyside,30653-6413,Belgium,BE,25.407505,34.495307
680,Claudia,Sanford,sharon.rice@abernathy.com,14796250115,1978-05-29,female,http://bednar.org,http://placeimg.com/640/480/people,28258 Bernier Terrace,Hintz Knolls,804,Stiedemannport,17221,Comoros,KM,-64.137693,97.863525
681,Lenore,McKenzie,cathrine07@yahoo.com,16266661555,1975-11-22,female,http://christiansen.info,http://placeimg.com/640/480/people,42604 Marlene Parkways Suite 924,Glover Ferry,5729,North Marietta,18630-4682,Peru,PE,-49.273659,-127.90817
682,Alex,Hills,verdman@pfeffer.org,16233873696,1948-01-01,male,http://conroy.info,http://placeimg.com/640/480/people,765 Glover Rapids Suite 086,Cummings Highway,366,Torreyfort,44789-8071,Caribbean Netherlands,BQ,-21.611316,62.967434
683,Dustin,Morissette,tremblay.mary@mosciski.com,18206888855,2002-03-29,male,http://mraz.biz,http://placeimg.com/640/480/people,91547 Dina Pines Apt. 978,Flatley Meadows,38138,South Wava,78243-9318,Ghana,GH,0.311732,-172.922216
684,Akeem,Heathcote,alanna27@baumbach.biz,14699679152,1989-12-25,male,http://reilly.net,http://placeimg.com/640/480/people,8911 Alanna Oval,Darwin Squares,506,Broderickside,48238,Indonesia,ID,29.633197,-116.331258
685,Enrico,Roberts,josiane.ledner@wuckert.org,14024270387,1955-10-08,male,http://nader.com,http://placeimg.com/640/480/people,8283 Herman Ville,Turcotte Fall,5439,South Nikitaberg,45748,Palestinian Territories,PS,19.80798,-82.773334
686,Katarina,Bogan,maximus.gutmann@medhurst.org,15806989052,2000-02-23,female,http://oberbrunner.org,http://placeimg.com/640/480/people,270 Darwin Stream Apt. 357,Daugherty Landing,25387,Estaborough,26028-1766,Dominican Republic,DO,35.488823,-59.997035
687,Ben,Lynch,egoldner@gmail.com,13162998205,1964-06-12,male,http://durgan.com,http://placeimg.com/640/480/people,93422 Gutkowski Fork Apt. 042,Aric Trace,291,Port Vance,48751,Venezuela,VE,-80.145048,79.911258
688,Erich,Bradtke,carlee.lindgren@crist.biz,12206920029,1988-03-01,male,http://connelly.com,http://placeimg.com/640/480/people,223 Kovacek Points,Ova Crescent,2345,North Althea,61885-1448,Cuba,CU,14.095375,-105.47067
689,Roman,Lesch,imurazik@hotmail.com,15316335421,2000-11-30,male,http://sauer.com,http://placeimg.com/640/480/people,408 Hollie Parks,Rutherford Branch,60967,Greenfelderfort,06850-1701,Mauritius,MU,-24.243787,17.487939
690,Eliezer,Kovacek,casper.murazik@mertz.com,12092508736,1976-03-19,male,http://schmidt.org,http://placeimg.com/640/480/people,57910 Jettie Overpass,Arthur Fort,142,Armanistad,96970,Bulgaria,BG,84.126587,66.303065
691,Justus,Nitzsche,fmertz@weimann.biz,18038879991,1968-01-17,male,http://spinka.com,http://placeimg.com/640/480/people,741 Feeney Field Suite 423,Melyna Shore,715,North Ryley,84744-0462,Honduras,HN,81.717861,23.659078
692,Deborah,Stroman,dangelo.wilkinson@gmail.com,19036710972,1939-08-18,female,http://cartwright.net,http://placeimg.com/640/480/people,913 Candace Center Apt. 250,Lavon Trafficway,70997,New Jess,38135,North Korea,KP,-5.455747,-78.441542
693,Amanda,Langosh,pratke@yahoo.com,14699618005,1952-10-11,female,http://buckridge.com,http://placeimg.com/640/480/people,81678 Lilliana Land,Marshall Freeway,91953,West Mayrachester,78942-3707,Congo - Kinshasa,CD,49.943976,-39.958279
694,Casper,Kulas,johnathon47@hansen.biz,18088735644,1961-09-21,male,http://kautzer.com,http://placeimg.com/640/480/people,24296 Effertz Rapids Apt. 941,Eusebio Ford,850,Walshstad,04356-5881,Cuba,CU,43.750221,9.105362
695,Ahmad,Brown,raina06@turner.net,15736372735,1980-08-30,male,http://brown.org,http://placeimg.com/640/480/people,245 Gudrun Corner,Carter Spurs,527,New Emmet,77240-4549,Slovakia,SK,-58.899421,159.785573
696,Clemmie,Ullrich,abbey18@hotmail.com,15082157040,1948-05-24,female,http://maggio.org,http://placeimg.com/640/480/people,978 Sylvia Shore,Gaylord Expressway,23313,Port Abbeyshire,01663,Lithuania,LT,-40.077461,-42.904327
697,Sheridan,Weber,russ.auer@yahoo.com,16506427856,2026-02-22,male,http://heaney.org,http://placeimg.com/640/480/people,669 Mohamed View,Seth Spring,64849,Greenmouth,92428,South Africa,ZA,74.784182,-5.602926
698,Tremaine,Stanton,carlotta22@gmail.com,14697105728,1949-04-01,male,http://quigley.org,http://placeimg.com/640/480/people,62083 Coralie Roads,Kasey Skyway,604,West Shanie,68815-0523,North Macedonia,MK,-19.483583,-35.212425
699,Tiana,Keebler,oreilly.florencio@armstrong.net,14235866882,1991-08-06,female,http://wisozk.com,http://placeimg.com/640/480/people,89184 Jaquan Tunnel Suite 802,Harvey Manor,47728,Sauerview,14432-4183,São Tomé & Príncipe,ST,0.070899,126.804635
700,Jarrett,Ruecker,roberta36@bechtelar.org,19704538745,1980-05-30,male,http://goodwin.net,http://placeimg.com/640/480/people,36027 Dina Keys,Jordy Junctions,829,Lindgrenbury,69322,Argentina,AR,-64.183088,92.325681
701,Antonina,Bailey,kdach@shanahan.org,16517874869,1988-10-08,female,http://buckridge.com,http://placeimg.com/640/480/people,279 Renner Junction Suite 863,Carroll Forges,5377,Port Tom,35950,Denmark,DK,-8.370152,11.871191
702,Keely,Hermiston,lawrence86@gmail.com,15514293336,1998-01-24,female,http://oreilly.com,http://placeimg.com/640/480/people,5723 Neil Gateway,Benton Drives,575,Izabellamouth,10604-6668,Estonia,EE,11.844187,-72.997567
703,Katelynn,Hand,domenico80@gmail.com,13328037354,2006-09-08,female,http://fritsch.com,http://placeimg.com/640/480/people,1731 Jakubowski Rest,Susie Flats,3558,Joyland,24298,Tuvalu,TV,69.112672,-78.016071
704,Diana,Boyle,dominic.crooks@blanda.org,15405020979,1949-03-07,female,http://botsford.com,http://placeimg.com/640/480/people,63648 Gunner Rest Suite 001,Rebeka Creek,670,Khalilview,72809-4149,Chad,TD,-26.245615,-161.271087
705,Declan,Jaskolski,carissa.kreiger@hotmail.com,12312348779,1962-02-16,male,http://metz.biz,http://placeimg.com/640/480/people,7721 Donnelly Extensions,Marlen Turnpike,5175,Tyreemouth,62412,Malaysia,MY,-79.961364,-99.261907
706,Heaven,Bradtke,ora.bradtke@hotmail.com,12124718135,1976-12-24,female,http://keebler.com,http://placeimg.com/640/480/people,11871 Kling Valley,Jacobi Island,894,Lednerland,50410-9125,Sierra Leone,SL,-28.094569,-89.309419
707,Elwin,Dickinson,huels.hailey@hoppe.com,16368553355,1951-03-07,male,http://fritsch.com,http://placeimg.com/640/480/people,8825 Enid Glens,Maude Flats,3016,South Eladio,37780-6134,Andorra,AD,11.72598,-2.402538
708,Cristobal,Sauer,olaf.runolfsson@gmail.com,14357541387,1985-01-12,male,http://howe.info,http://placeimg.com/640/480/people,7995 Josie Plaza,Hand Mountain,3321,Anastasiafort,13027-7636,Netherlands,NL,-63.67583,-46.140966
709,Heidi,Doyle,sipes.whitney@bruen.org,12405215758,1953-09-26,female,http://waters.com,http://placeimg.com/640/480/people,43372 Hermiston Heights,Lang Junctions,23206,North Maximillian,73298,Lebanon,LB,10.7149,88.425796
710,Shakira,Denesik,ova.jast@yahoo.com,18564789641,1975-06-07,female,http://schaefer.org,http://placeimg.com/640/480/people,69382 Mattie Highway Suite 452,Jordi Meadows,21483,Lehnershire,56426,Bhutan,BT,-82.304716,-128.155644
711,Lorenzo,Zboncak,garrison.gleason@yahoo.com,19032878258,1942-05-30,male,http://price.com,http://placeimg.com/640/480/people,93085 Gusikowski Parks,Towne Route,184,Smithfurt,67298,Kazakhstan,KZ,-53.113808,-73.194484
712,Esmeralda,Roberts,johnson.thad@ward.com,16786964881,1950-06-05,female,http://dubuque.biz,http://placeimg.com/640/480/people,5666 Barrett Cape,Reilly Crescent,686,Hoegerfurt,36113-6625,Cook Islands,CK,38.65497,56.53628
713,Brandyn,Pacocha,lori.quigley@yahoo.com,17409098022,1945-06-03,female,http://hettinger.org,http://placeimg.com/640/480/people,9988 Yasmine Passage Apt. 180,Jana Stravenue,3705,Parkerview,40320,Algeria,DZ,-19.364607,-7.443579
714,Krystal,Howe,jacobs.meggie@streich.biz,15408100603,1943-10-04,female,http://dubuque.info,http://placeimg.com/640/480/people,1609 Ursula Manor Apt. 231,Pattie Wells,978,Lake Ed,99714-6056,Greece,GR,30.70716,127.728519
715,Pedro,Mills,walsh.eunice@botsford.com,19298971257,1978-10-16,male,http://hintz.com,http://placeimg.com/640/480/people,53203 Walsh Crossroad,Mikayla Garden,760,Kubhaven,27458,Brazil,BR,17.109774,-23.660199
716,Judy,West,cummerata.taryn@klocko.com,16152189729,1943-02-20,female,http://bednar.org,http://placeimg.com/640/480/people,523 Upton Lights Suite 518,Adams Ranch,6044,Haleymouth,82370,Cambodia,KH,46.969965,56.448792
717,Curt,Turner,rkiehn@gmail.com,14064760717,1994-12-10,male,http://marquardt.biz,http://placeimg.com/640/480/people,24553 Darion Rapids,Wiegand Shoals,993,South Kellyside,78525,Guernsey,GG,20.025162,-17.895122
718,Emiliano,Johnston,kyle.lindgren@jacobi.info,18028100930,2009-02-05,male,http://lesch.com,http://placeimg.com/640/480/people,99290 Elise Ridges,Caesar Coves,244,Lake Arielleland,95337-6400,Canada,CA,22.835007,103.087308
719,Triston,Schmeler,pberge@goyette.org,17609695688,2016-12-01,male,http://schulist.net,http://placeimg.com/640/480/people,130 Paul Spur Apt. 845,Hammes Lake,50006,Lake Babymouth,19774-5158,Serbia,RS,-18.351442,-27.645506
720,Americo,Conroy,kuhn.omer@dach.biz,13013485014,1965-04-16,male,http://kunze.com,http://placeimg.com/640/480/people,4553 Lang Village Apt. 558,Landen Cliff,9336,Terenceville,61453,Antarctica,AQ,41.025188,145.36599
721,Jarod,Kohler,williamson.al@hotmail.com,17813514072,1976-01-14,male,http://cummerata.net,http://placeimg.com/640/480/people,725 Pollich Alley,Leta Island,7371,Port Raphaelletown,69302-5666,Suriname,SR,72.500737,57.819018
722,Glenna,Bogisich,dante93@reichert.org,17173519280,1938-06-08,female,http://padberg.com,http://placeimg.com/640/480/people,8258 Feil Estate,Kassulke Alley,2289,Balistrerifort,12931,Macao SAR China,MO,-27.556271,49.488461
723,Brandy,Nicolas,ykshlerin@yahoo.com,12345599294,2009-12-25,female,http://bednar.biz,http://placeimg.com/640/480/people,325 Stokes Haven Suite 446,Huel Path,56168,Port Keiraton,17919,Gabon,GA,-4.937092,154.688503
724,Arthur,Jacobi,judy45@gmail.com,18029810214,1985-01-30,male,http://johnston.com,http://placeimg.com/640/480/people,597 Christian Mountains Apt. 848,Diamond Stream,5794,Port Kasandra,08266-8158,Estonia,EE,-74.43306,26.209765
725,Paula,Berge,zgreenholt@johnston.com,19142590579,1957-08-24,female,http://collins.biz,http://placeimg.com/640/480/people,14917 Macie Mount Apt. 331,Corkery Meadows,16294,Bauchberg,54464,Uzbekistan,UZ,61.953316,-20.782701
726,Layla,Hegmann,marianna.yundt@hotmail.com,13208510469,1979-09-29,female,http://krajcik.com,http://placeimg.com/640/480/people,497 Reinger Mall Apt. 024,Hudson Branch,6655,McCulloughborough,66136-7778,Greece,GR,59.004672,-99.400096
727,Lelia,O'Keefe,rosina.stiedemann@ziemann.net,19856434249,1938-02-16,female,http://greenfelder.net,http://placeimg.com/640/480/people,374 Rylan Flats,Jeff Terrace,97185,Chaunceyland,80699-2156,Antarctica,AQ,-76.46873,153.29833
728,Charity,Cormier,tschimmel@yahoo.com,14235626524,2007-01-18,female,http://bahringer.com,http://placeimg.com/640/480/people,405 Anna Field,Patsy Bridge,686,Lake Bradley,23129,Egypt,EG,-57.456534,-110.958466
729,Alvera,Lind,kpfannerstill@jast.biz,14344816259,1980-06-14,female,http://stokes.org,http://placeimg.com/640/480/people,6832 Carter Tunnel Suite 023,Doug Square,3791,Ericshire,33203-2503,Mayotte,YT,-10.327498,-32.636094
730,Carmelo,Beier,estel.pagac@conn.com,16893528538,1951-11-20,male,http://hamill.com,http://placeimg.com/640/480/people,6562 Hauck Centers,Albert Highway,397,Caspermouth,90358-1722,United States,US,-86.130447,112.133465
731,Toney,McGlynn,name83@sipes.biz,16104211737,1953-06-15,male,http://goldner.com,http://placeimg.com/640/480/people,77729 Hilario Path Apt. 350,Deon Land,6169,Port Sandrastad,55727-8195,Iceland,IS,-44.03865,-27.999119
732,Hildegard,Kiehn,uledner@hotmail.com,19723715636,1944-07-28,female,http://stamm.com,http://placeimg.com/640/480/people,163 Cindy Mount Apt. 878,Gerhold Hills,315,East Janessatown,22861,Uganda,UG,-55.538599,155.944551
733,Rae,Quitzon,marietta75@yahoo.com,19156868081,2017-01-19,female,http://boyer.com,http://placeimg.com/640/480/people,5560 Belle Junction,Geoffrey Lake,4321,North Enricoshire,39786-5102,France,FR,-36.466277,-133.662544
734,Aditya,Conn,arvilla.wehner@hotmail.com,15618261116,1944-05-11,female,http://christiansen.org,http://placeimg.com/640/480/people,279 Jacobs Spring Apt. 058,Moshe Plaza,3720,Melvinhaven,16119,Uganda,UG,-60.187654,79.680951
735,Ebba,Weber,trinity.koss@gmail.com,15599664058,2001-09-26,female,http://herzog.com,http://placeimg.com/640/480/people,347 Delmer Field Apt. 906,Stehr Ports,897,Henrifort,62489-0244,China,CN,69.317416,37.447689
736,Mozelle,Prohaska,jeanette47@padberg.info,13393934714,1969-12-05,female,http://rosenbaum.org,http://placeimg.com/640/480/people,9305 Runte Overpass Apt. 177,Wolf Way,3357,East Shanaborough,18302,Madagascar,MG,-17.932451,154.672638
737,Arvilla,Boyle,dillan.koepp@cremin.com,17629681981,2022-12-03,female,http://hackett.com,http://placeimg.com/640/480/people,265 Ziemann Valleys Suite 225,Nicola Knoll,62702,North Nya,28766,Ghana,GH,-18.051386,-137.656716
738,Alessandro,Smitham,sherwood37@raynor.com,18636120171,2021-07-30,male,http://ward.org,http://placeimg.com/640/480/people,93587 Yundt Centers,Davis Cove,13926,West Elveraside,28778-5525,Comoros,KM,-19.155062,5.631444
739,Davon,O'Keefe,thomas97@bode.com,17729089315,1937-06-28,male,http://schumm.org,http://placeimg.com/640/480/people,66554 Raymundo Freeway Suite 339,Hilda Cape,6135,Louisafort,24977-8688,American Samoa,AS,-39.600267,92.689493
740,Neoma,Lubowitz,gerhold.dylan@bergnaum.com,17816728459,2014-09-25,female,http://oreilly.info,http://placeimg.com/640/480/people,82598 Cole Mission,Goldner Turnpike,7248,Kelsiemouth,36679-0877,Mauritius,MU,-66.54757,-175.245197
741,Tracy,Nader,mmorar@bednar.com,14139845192,1943-04-25,female,http://hintz.com,http://placeimg.com/640/480/people,86659 Burnice Forges Apt. 566,Herzog Mountain,506,New Veronicaview,20483,Brunei,BN,-88.996617,-49.881652
742,Albin,Parker,hilma71@kuvalis.com,18052873408,2012-12-31,male,http://koch.com,http://placeimg.com/640/480/people,831 Abernathy Drive,Jamie Lane,94203,Leoneberg,59275-8647,Iraq,IQ,5.257273,121.350286
743,Elna,Greenfelder,hosea82@hotmail.com,13515006485,2005-06-23,female,http://mcclure.info,http://placeimg.com/640/480/people,1532 Irwin Prairie Suite 567,Lionel Way,2458,Zackeryville,18193,Greenland,GL,-2.626144,164.668947
744,Ally,Flatley,brant.kulas@hotmail.com,14455649192,1993-01-05,female,http://berge.com,http://placeimg.com/640/480/people,455 Durgan Locks,Harber Branch,5940,New Cecil,85732-0785,Burundi,BI,62.207754,104.365498
745,Leopoldo,Renner,oral.gutkowski@bins.com,19896431738,1997-11-18,male,http://herzog.com,http://placeimg.com/640/480/people,2475 Telly Inlet,Angelo Drive,8916,Schuppemouth,18158,Jordan,JO,-49.538146,-72.323677
746,Federico,Botsford,jimmie50@yahoo.com,19402448776,1940-12-04,male,http://kessler.com,http://placeimg.com/640/480/people,579 Emard Extension,McDermott Motorway,998,Lakinfurt,54012-9257,Mozambique,MZ,85.271978,179.915325
747,Nestor,Parisian,emiliano.johnston@weimann.info,19738017186,1949-02-22,male,http://reynolds.com,http://placeimg.com/640/480/people,4865 Weissnat Turnpike Apt. 603,Justina Estate,300,Koeppmouth,79157,Tuvalu,TV,-12.814426,65.176481
748,Orval,Ullrich,dgutmann@ferry.com,13618344217,1982-10-23,male,http://keeling.com,http://placeimg.com/640/480/people,261 Hartmann Inlet Apt. 620,Shanahan Bridge,189,Christinaborough,20932-7702,Sint Maarten,SX,15.236715,-3.639161
749,Tanner,Hettinger,wwilderman@hotmail.com,18439225256,2015-06-07,male,http://emmerich.com,http://placeimg.com/640/480/people,18409 Reanna Shoals,Riley Shoal,22430,North Jalon,75592-6441,Monaco,MC,-27.669471,-122.660967
750,Annamarie,Schaefer,noemy88@waelchi.com,15802508499,2024-05-27,female,http://goldner.org,http://placeimg.com/640/480/people,9191 McGlynn Courts Suite 417,Kilback Common,44261,Hammesberg,19068,Guyana,GY,22.458009,-19.545761
751,Riley,Metz,esteban.bosco@fay.com,17548835917,2019-03-03,male,http://fisher.com,http://placeimg.com/640/480/people,16461 Dare Knolls,Deion Ford,283,Obieburgh,57081-9927,Madagascar,MG,-41.057066,-153.192771
752,Foster,Rempel,reynolds.dewayne@yahoo.com,18282296559,1958-10-08,male,http://willms.com,http://placeimg.com/640/480/people,224 Antone Ridge Suite 024,Davis River,822,New Jairo,39869-3435,Oman,OM,30.073893,69.264536
753,Connie,VonRueden,kkling@gmail.com,15317171573,1949-03-16,female,http://durgan.com,http://placeimg.com/640/480/people,151 Marlee Forest Apt. 568,Aufderhar Crest,1905,Sammiestad,17120,Eritrea,ER,-38.332714,-43.127905
754,Verda,Vandervort,shana.erdman@yahoo.com,14695913095,2021-08-24,female,http://heidenreich.net,http://placeimg.com/640/480/people,444 Pattie Ways,Wyman Rest,1973,South Bernardo,74162-9531,Panama,PA,-78.346995,158.626297
755,Troy,Senger,uboyer@ondricka.org,15075697177,1985-04-11,male,http://schuster.com,http://placeimg.com/640/480/people,80314 Nader Wall Apt. 880,Parisian Branch,34821,Destinistad,09778,Uzbekistan,UZ,84.153478,24.025188
756,Olaf,Luettgen,jan00@skiles.com,18125069787,1985-11-17,male,http://ondricka.com,http://placeimg.com/640/480/people,2871 Keaton Cliffs,Gulgowski Ramp,2463,North Howell,29340,Angola,AO,-33.793702,81.983394
757,Esteban,Moen,hbraun@hotmail.com,15104956527,1941-08-03,male,http://dickinson.com,http://placeimg.com/640/480/people,533 Funk Mount,Tromp Walk,237,Robertaport,72762,Brunei,BN,-30.601356,-89.815959
758,Geovanni,Hilpert,uroob@yahoo.com,19516836027,2008-07-26,male,http://cronin.com,http://placeimg.com/640/480/people,9992 Hodkiewicz Corners,Kihn Pike,2575,North Blaze,42847-4758,El Salvador,SV,-76.359988,59.8545
759,Patsy,Brekke,larkin.leslie@kassulke.com,15802120340,2016-03-03,female,http://goldner.com,http://placeimg.com/640/480/people,362 Gayle Inlet,Runolfsdottir Walks,5095,Douglasborough,89628-2276,Yemen,YE,-85.828391,-112.702184
760,Monserrat,Gleichner,schinner.dena@runte.com,12608609552,1992-12-06,male,http://schaefer.com,http://placeimg.com/640/480/people,629 Magali Prairie Suite 632,Nitzsche Inlet,966,Saigeside,51103,Christmas Island,CX,-74.814948,-177.620293
761,Nikolas,Wisozk,qreichel@beatty.com,19712750689,2008-07-14,male,http://runolfsdottir.com,http://placeimg.com/640/480/people,779 Wisozk Viaduct,Grayson Circle,152,Riceborough,35047-8370,Taiwan,TW,-23.892876,-144.739865
762,Courtney,Gutkowski,wyman.francesco@gmail.com,14409917407,1974-12-14,female,http://frami.com,http://placeimg.com/640/480/people,25854 Rocky Mission,Green Ridge,7217,Aminafurt,43484,St. Kitts & Nevis,KN,0.494774,-29.616793
763,Esperanza,Schuppe,effertz.marisol@wolf.net,14693438323,2002-10-31,female,http://blick.com,http://placeimg.com/640/480/people,31296 Emma Corner,Diego Gateway,2807,Lydiaport,63145-4171,Uzbekistan,UZ,-4.372819,-115.182457
764,Nikita,Schneider,koelpin.zoie@schaefer.com,13524192798,2013-09-15,female,http://kunze.net,http://placeimg.com/640/480/people,437 Grady Expressway Apt. 477,Gina Mount,2631,South Ryder,60928-4676,Grenada,GD,-54.560169,-111.071139
765,Laura,Hirthe,rosina.gutmann@hotmail.com,19039682985,2020-12-08,female,http://murray.info,http://placeimg.com/640/480/people,5990 Bradley Falls Apt. 491,Sporer Forge,10645,Skilesside,36383-8629,Armenia,AM,10.64583,-168.765078
766,Raoul,Wintheiser,ella.kshlerin@metz.biz,15676077089,1970-02-06,male,http://simonis.info,http://placeimg.com/640/480/people,7823 Tomasa Locks,Winifred Square,816,East Glennaport,16086,South Africa,ZA,27.168238,10.431538
767,Everette,Dooley,colton.reilly@cassin.com,13859642459,1989-07-16,female,http://zemlak.biz,http://placeimg.com/640/480/people,49722 Ryann Fords,Kuhic Fords,277,Jaquelinstad,67835,Kazakhstan,KZ,10.452466,27.958458
768,Sophie,Gaylord,tbrekke@marquardt.com,18383094231,1986-03-14,female,http://block.com,http://placeimg.com/640/480/people,286 Glover Field,Stroman Mountain,639,Wehnerstad,08243,U.S. Virgin Islands,VI,-25.76089,126.259563
769,Rodger,McGlynn,deontae.yost@yahoo.com,15738779937,1950-11-04,male,http://borer.com,http://placeimg.com/640/480/people,117 Marguerite Trafficway,Khalid Cove,6398,Kyleshire,02318,Mauritania,MR,22.145058,-152.552168
770,Osvaldo,Satterfield,vpagac@rowe.org,12394582463,2006-07-19,male,http://krajcik.net,http://placeimg.com/640/480/people,456 Prosacco Field,Cruickshank Wells,9838,Audreyfurt,79642-7986,Botswana,BW,14.325495,70.359896
771,Liam,Upton,ydubuque@hotmail.com,15207881853,1994-03-08,male,http://auer.com,http://placeimg.com/640/480/people,91519 Lowell Street Suite 009,Tate Cove,784,South Garrisonstad,53304-7893,Mauritius,MU,-32.730437,126.063304
772,Diego,Bechtelar,zoila74@hotmail.com,12312546925,1958-06-07,male,http://runte.com,http://placeimg.com/640/480/people,72064 Marc Expressway Suite 854,Blanda Branch,2117,Hermannland,98894,Central African Republic,CF,-59.59934,177.89361
773,Luther,Langosh,gwill@mayert.net,13072284101,1952-04-12,male,http://batz.net,http://placeimg.com/640/480/people,72479 Huel Pass Suite 987,Elliot Shoal,83320,South Jordiland,85568-8078,Mexico,MX,58.952689,102.10094
774,Sallie,Shields,romaguera.clementina@kshlerin.com,13472933907,1978-11-18,female,http://auer.com,http://placeimg.com/640/480/people,10060 Brendan Ramp Suite 769,Myrtice Burg,82093,Wildermanfurt,35553-5142,Togo,TG,-35.107129,174.056404
775,Tamia,Gulgowski,schaden.angelina@grimes.com,19844208041,1974-12-06,female,http://waters.com,http://placeimg.com/640/480/people,3503 Prosacco Lodge Apt. 196,Schinner Village,254,West Savionstad,93047-2941,Gambia,GM,-16.562723,132.824988
776,Raul,Fritsch,lazaro88@hartmann.biz,15343304091,1947-03-18,male,http://corkery.com,http://placeimg.com/640/480/people,258 Jenkins Groves Apt. 289,Nienow Ramp,388,West Melbastad,69815-9879,Israel,IL,-84.901844,-7.369472
777,Kaylin,Johnson,qcarroll@prosacco.net,19193072489,1990-10-03,female,http://willms.com,http://placeimg.com/640/480/people,1205 Viola Knolls,Wehner Lights,2255,New Nettieton,53962,Burkina Faso,BF,35.990319,37.013514
778,Hermann,Leannon,delores.stamm@gmail.com,16064577567,1982-10-22,male,http://lakin.org,http://placeimg.com/640/480/people,112 Bartoletti Views Suite 820,Gorczany Wells,456,North Eldoraside,28219-6138,Taiwan,TW,-40.097791,-98.155797
779,Lilla,Kuhlman,blanche55@tromp.com,14015010301,2002-01-18,female,http://swaniawski.com,http://placeimg.com/640/480/people,346 Jacklyn Islands,Frida Parkway,977,Elwynport,57582-3025,Qatar,QA,74.641151,33.199112
780,Devante,Kihn,tabitha.okon@hotmail.com,17378938520,1968-04-12,male,http://mckenzie.com,http://placeimg.com/640/480/people,6107 Gulgowski Drive,Jaron Green,3380,Lake Reeceport,34111-7182,Sweden,SE,60.149643,145.906264
781,Josefa,Corkery,devin66@hotmail.com,12535688302,1944-06-25,female,http://oconnell.org,http://placeimg.com/640/480/people,4278 Kaia Highway Apt. 798,Terry Locks,275,South Baron,62389,Slovakia,SK,-44.306617,-67.053241
782,Ariane,Langworth,kjakubowski@gmail.com,14844682037,1951-03-04,female,http://labadie.com,http://placeimg.com/640/480/people,4583 Kyle View Apt. 510,Horace Burg,47541,Port Deja,30850,Israel,IL,-4.375408,-129.244159
783,Tobin,Gusikowski,krystal96@dubuque.com,13477636486,1947-10-13,male,http://grimes.com,http://placeimg.com/640/480/people,4577 Kayley Spur Suite 067,Shields Club,88851,Lockmanton,44855,Tokelau,TK,-37.702835,-14.545648
784,Douglas,Sipes,marge64@hotmail.com,19069098336,2000-06-22,male,http://hyatt.com,http://placeimg.com/640/480/people,250 Stamm Burgs,Queen Views,92444,North Annalise,80428,Tokelau,TK,54.480801,108.97969
785,Deontae,Kling,vkuvalis@daugherty.com,15742372952,1991-02-02,male,http://sporer.com,http://placeimg.com/640/480/people,832 Murazik Harbor,Wiza Viaduct,74368,South Devante,50775-2788,Philippines,PH,2.869303,-8.405916
786,Murray,Goyette,brennan38@gmail.com,14588318002,1992-06-29,male,http://breitenberg.org,http://placeimg.com/640/480/people,8216 Enola Run Suite 485,Sylvester Branch,223,East Valeriebury,15412-1669,Namibia,NA,65.047624,175.87139
787,Maryjane,Herzog,haag.alexandria@ortiz.com,13253759907,1991-03-24,female,http://dicki.net,http://placeimg.com/640/480/people,6844 Yost Lights,Ernser Drive,2508,Urbanshire,77566-2101,St. Kitts & Nevis,KN,62.208823,109.359052
788,Luther,Krajcik,grau@cartwright.com,15678910557,1952-06-27,male,http://powlowski.biz,http://placeimg.com/640/480/people,4890 Johnston Grove Suite 872,Simonis Port,89032,New Jordynside,30082-2663,Bahamas,BS,-7.280133,52.135534
789,Dorothea,Thiel,joana59@bode.com,13463836562,1949-02-28,female,http://willms.com,http://placeimg.com/640/480/people,972 Langosh Harbors Apt. 169,Sandra Union,24982,East Bettye,36733,Guinea-Bissau,GW,33.239529,-82.796192
790,Arnoldo,Bernier,uhansen@rowe.net,13216500364,2006-10-24,male,http://smith.com,http://placeimg.com/640/480/people,3374 Kemmer Mount Suite 740,Adah Hollow,435,West Lysanne,08027,Congo - Kinshasa,CD,14.636815,-40.693874
791,Lura,Hessel,yharber@witting.com,15856401900,1941-06-08,female,http://pagac.com,http://placeimg.com/640/480/people,25213 Alden Mews,Stephan Squares,198,North Ewaldchester,14678-2812,Ukraine,UA,81.506167,-88.573304
792,Rosendo,Hilpert,deckow.victor@streich.com,15758930541,2000-05-16,male,http://gutmann.com,http://placeimg.com/640/480/people,83394 Sanford Plaza,Keebler Underpass,87568,West Nicole,50831,Chad,TD,8.70324,-112.856307
793,Eden,Homenick,murray.dovie@farrell.com,17629611530,1994-08-06,female,http://swaniawski.com,http://placeimg.com/640/480/people,6181 Gleichner Green,Kunze Mission,36185,Port Elnastad,21611-4877,Mongolia,MN,62.012964,-18.685971
794,Susana,Batz,keven67@gmail.com,18702435360,1957-01-08,female,http://upton.net,http://placeimg.com/640/480/people,929 Steuber Lights,Muller Bypass,48625,East Guyland,72019-8986,St. Lucia,LC,-49.121951,-171.157127
795,Dee,Denesik,johnson.tamia@oreilly.org,18204378057,1970-10-22,male,http://anderson.com,http://placeimg.com/640/480/people,430 Quitzon Wells Apt. 077,Leonardo Glens,6414,East Savannah,61921-0407,Luxembourg,LU,-30.258032,-162.360018
796,Houston,Feest,blaze35@bechtelar.net,13236380647,1970-01-15,male,http://schumm.net,http://placeimg.com/640/480/people,244 Auer Walks,Jaiden Center,5770,South Nobletown,16544-4997,Lithuania,LT,24.940817,152.513284
797,Louvenia,Collins,crist.aileen@dooley.info,18577466007,2011-03-27,male,http://quigley.com,http://placeimg.com/640/480/people,1049 McKenzie Turnpike,Prohaska Mountain,665,South Raymond,22332,Paraguay,PY,-75.32972,-110.191456
798,Rosalind,Crooks,ida.dare@yahoo.com,19804632477,2018-09-30,female,http://cremin.com,http://placeimg.com/640/480/people,3819 Tremblay Ramp,Gerson Spurs,9214,Port Leon,57813,Dominican Republic,DO,82.531984,79.575386
799,Jason,Welch,victor73@langworth.com,17073415306,1999-02-12,male,http://jerde.org,http://placeimg.com/640/480/people,6109 Yost Port Suite 126,Tara Knoll,93046,East Alfredaville,15878,North Macedonia,MK,-65.948346,-103.831116
800,Reyna,Dietrich,xpagac@kuhn.com,16789765087,1986-07-03,female,http://leannon.com,http://placeimg.com/640/480/people,8605 Mante Estate,Okuneva Street,70357,Vicentaport,41282-3848,Madagascar,MG,3.940518,-9.355862
801,Vern,D'Amore,sabryna36@bartoletti.com,12015770053,1975-09-19,male,http://gleichner.com,http://placeimg.com/640/480/people,991 Gabriella Flats Suite 260,Ezekiel River,81683,North Ashlynn,55834,Isle of Man,IM,36.819988,47.449949
802,Jeanette,Kilback,lowe.laurianne@ritchie.com,19479703760,2002-08-05,female,http://harvey.com,http://placeimg.com/640/480/people,122 Lowe Well Suite 808,Myah Spur,737,New Nealtown,51668,Barbados,BB,-86.092783,12.962821
803,Rogers,Langworth,griffin.swaniawski@gmail.com,17852565692,1940-05-26,male,http://hermiston.info,http://placeimg.com/640/480/people,20342 Sebastian Mews Suite 261,Darron Tunnel,57784,Larkinview,86659,Hungary,HU,36.212482,69.339887
804,Vivianne,Kiehn,deckow.chanelle@mayer.info,18083645201,1977-06-24,female,http://cassin.com,http://placeimg.com/640/480/people,542 Brionna Orchard,Art Trail,437,Port Christop,57679,Caribbean Netherlands,BQ,-18.648353,86.194039
805,Asia,Hackett,goldner.mateo@hotmail.com,19512560418,1957-01-10,female,http://adams.biz,http://placeimg.com/640/480/people,6827 Windler Shoals,Elody Way,178,Feestburgh,17782-9659,Nepal,NP,-28.020995,40.289243
806,Michele,Kerluke,harvey68@yahoo.com,16284323919,1988-11-14,female,http://larkin.org,http://placeimg.com/640/480/people,80682 Zemlak Summit Suite 782,Boyle Roads,6140,Port Oswaldohaven,41482,United States,US,55.65174,72.047232
807,Stephany,Bernhard,klarson@king.com,17273028131,1945-12-03,female,http://mccullough.com,http://placeimg.com/640/480/people,654 Halle Mountain Suite 784,Nelda Run,6972,Ortizborough,11198,Tanzania,TZ,59.199488,-14.414373
808,Vincent,Herzog,dave03@williamson.com,13188422527,1978-10-06,male,http://bogisich.net,http://placeimg.com/640/480/people,115 Stella Well Suite 491,Balistreri Cliffs,1192,New Lonie,56071,Botswana,BW,7.443251,57.651593
809,Shayna,Gaylord,delmer80@yahoo.com,12127490363,1977-03-18,female,http://hand.com,http://placeimg.com/640/480/people,4858 Volkman Knolls Suite 486,Concepcion Islands,6064,East Wilmerberg,60202,Fiji,FJ,-40.094606,-71.706705
810,Raphael,Steuber,koepp.ada@hotmail.com,18033547022,1996-03-16,male,http://stehr.org,http://placeimg.com/640/480/people,579 Clovis Squares Apt. 716,Lind Road,6872,Maiyaside,08604-2115,Svalbard & Jan Mayen,SJ,-1.2448,127.418539
811,Mariela,Howell,bessie76@gmail.com,13473188130,2012-06-17,female,http://walker.com,http://placeimg.com/640/480/people,585 Brown Wells Apt. 731,Dickens Row,879,Rubyeburgh,27934,British Indian Ocean Territory,IO,3.803597,157.817764
812,Salvatore,Walsh,darrick47@yahoo.com,15308427243,2011-09-10,male,http://konopelski.com,http://placeimg.com/640/480/people,94002 Philip Crossroad Suite 164,Fritsch Way,8335,Lynchborough,79669,Uzbekistan,UZ,65.905224,20.218768
813,Lavern,Koepp,dwuckert@ondricka.com,17573800188,2003-07-03,male,http://cartwright.com,http://placeimg.com/640/480/people,6730 Murray Squares Apt. 069,Rohan Shoals,3835,Armaniport,82551,Taiwan,TW,60.541147,-125.400215
814,Bobby,Ferry,xvonrueden@gmail.com,12052304296,1985-07-04,male,http://ledner.com,http://placeimg.com/640/480/people,6935 Hyatt Mount Apt. 282,Schmidt Station,993,Lenoraburgh,23162-9435,Fiji,FJ,61.838883,-146.41787
815,Colby,Crooks,donato.muller@howe.com,19102844278,1979-01-21,male,http://walter.com,http://placeimg.com/640/480/people,1282 Judson Coves,Tressa Greens,8008,Ismaelville,81483,New Caledonia,NC,66.810799,148.735176
816,Jerel,Cummings,kiara.quitzon@keeling.info,14844284368,2008-02-05,male,http://flatley.com,http://placeimg.com/640/480/people,7055 Wuckert Viaduct,Wuckert Forge,43634,South Huldahaven,73652,Norway,NO,7.70064,57.430145
817,Shawna,Fadel,geichmann@hotmail.com,16823364332,1976-09-21,female,http://skiles.biz,http://placeimg.com/640/480/people,1261 Antonio Street Apt. 968,Ally Points,566,Bergeland,85018-7030,Solomon Islands,SB,4.044082,163.817176
818,Estrella,Pfeffer,cleo43@mayert.biz,18018786557,1994-02-02,female,http://will.com,http://placeimg.com/640/480/people,922 Mayer Plain,Romaguera Lights,26598,Robertsfurt,51773,Nauru,NR,16.236577,33.6587
819,Jamil,Turner,efeest@gmail.com,17349842557,1956-09-19,male,http://mosciski.com,http://placeimg.com/640/480/people,43002 Oberbrunner Brook Apt. 462,Bradtke Lodge,83619,Katlynnview,34177-4738,Chile,CL,-29.193065,143.619279
820,Edd,Green,savion66@gmail.com,18285523136,2022-08-07,male,http://kertzmann.info,http://placeimg.com/640/480/people,312 Hudson Radial Apt. 630,Krajcik Corners,1068,Kochchester,07796,Dominica,DM,-3.892669,-5.748435
821,Kattie,Hand,rmoen@kuphal.com,16285409504,1979-06-29,female,http://gutkowski.com,http://placeimg.com/640/480/people,122 Jameson Circle,Friesen Locks,98377,Cassinburgh,57083,Vietnam,VN,-39.342735,35.228955
822,Robert,Douglas,runolfsdottir.noelia@hotmail.com,14433137499,1957-12-21,male,http://wisoky.com,http://placeimg.com/640/480/people,20066 Brenden Ports Suite 266,Kling Loaf,179,Walkerland,39678,Slovakia,SK,-73.375283,158.891979
823,Sincere,Jaskolski,demario80@hotmail.com,16677744972,1950-06-11,female,http://luettgen.net,http://placeimg.com/640/480/people,3349 Macejkovic Valley Suite 054,Gonzalo Isle,1583,Port Myriamhaven,80821-3824,Albania,AL,67.737637,138.995751
824,Anjali,Huel,bfeeney@lynch.net,18786435029,1997-10-11,female,http://labadie.com,http://placeimg.com/640/480/people,128 Hansen Glen Suite 250,Swift Brook,398,New Raoul,85774-5053,Canada,CA,40.837332,-5.445486
825,Keely,Pagac,smclaughlin@jones.com,15128261263,2008-12-19,female,http://gottlieb.info,http://placeimg.com/640/480/people,98410 Kuhic Villages Suite 400,Gusikowski Square,12830,Hyattview,86222-0580,South Africa,ZA,-5.417006,146.473057
826,Keon,Schulist,ccollier@heller.com,16153443462,1995-09-24,male,http://schowalter.com,http://placeimg.com/640/480/people,66371 Zulauf Spurs Apt. 538,Jeffery Ford,92521,Reichertmouth,21968,North Macedonia,MK,15.187844,71.62348
827,Lynn,Herzog,aron68@gmail.com,15158433186,1941-05-26,female,http://kulas.com,http://placeimg.com/640/480/people,7965 Hillary Plains,Makenna Green,6548,South General,66629,South Sudan,SS,9.955427,-145.193004
828,Lemuel,Shields,uhettinger@gmail.com,15073723930,1989-05-21,male,http://wehner.com,http://placeimg.com/640/480/people,1844 Janie Village,Cartwright Crossing,60403,Hirtheland,24711,Colombia,CO,43.020168,-91.744464
829,Christine,Schuster,ebba78@abbott.info,12395803676,1960-02-18,female,http://bartoletti.com,http://placeimg.com/640/480/people,756 Emma Drive Apt. 020,Stanton Row,49258,Vicentestad,71692-2565,Namibia,NA,43.861875,130.306932
830,Judd,Wolff,demard@gmail.com,16579124275,1949-04-30,male,http://hegmann.com,http://placeimg.com/640/480/people,45393 Botsford Inlet,Garrett Shore,918,Port Janie,02981-1816,Slovakia,SK,59.66853,-47.938513
831,Amina,Prosacco,okuneva.lilyan@gmail.com,14635622427,1972-09-19,female,http://wisozk.info,http://placeimg.com/640/480/people,8650 Tremblay Passage Apt. 501,Janae Landing,57241,Haydenville,41863,Armenia,AM,-71.516824,53.482594
832,Shania,Mayer,collier.vesta@hotmail.com,18282714971,1989-12-04,female,http://rice.com,http://placeimg.com/640/480/people,1208 Dach Mountains Suite 209,Bednar Key,7572,Port Allieview,68557-1602,Hong Kong SAR China,HK,6.399041,-108.951464
833,Hayden,Douglas,jwilderman@yahoo.com,14146901071,1975-02-21,male,http://torp.com,http://placeimg.com/640/480/people,155 Bernard Garden,Saige Freeway,68650,Farrellview,71139,New Caledonia,NC,46.879939,108.440809
834,Arlene,Armstrong,hermiston.faye@brown.org,13312102176,1981-12-19,female,http://cassin.com,http://placeimg.com/640/480/people,2299 Klocko Brook,Dominique Extensions,68059,Goyettefort,34323,Togo,TG,19.903096,83.649162
835,Roger,Upton,darren.huel@littel.org,12697073838,1989-12-10,male,http://ruecker.com,http://placeimg.com/640/480/people,202 Wilford Station,McDermott Track,6819,East Josiahbury,83476-6811,South Korea,KR,56.483138,-124.717757
836,Thora,Gislason,claire.turcotte@yahoo.com,13529673969,2025-05-13,female,http://crona.com,http://placeimg.com/640/480/people,29523 Reed Garden,Caleb Passage,6400,Port Lindseyshire,52003,Gibraltar,GI,35.797791,-23.755926
837,Rafael,Stokes,zkutch@hotmail.com,15599541654,1989-10-27,male,http://funk.com,http://placeimg.com/640/480/people,811 Matt Cliff,Jarrell Underpass,273,Port Mauricebury,21586-0080,Cyprus,CY,-24.568972,94.187142
838,Dandre,Abbott,hulda.lang@littel.com,15519292571,1992-07-01,female,http://ernser.biz,http://placeimg.com/640/480/people,739 Hagenes Valleys Apt. 303,Graciela Well,1313,North Mae,25942,Botswana,BW,69.514731,-40.232199
839,Bertha,Stokes,ojacobson@greenholt.com,19513176719,1941-07-01,male,http://mckenzie.com,http://placeimg.com/640/480/people,29370 Ziemann Club,O'Kon Ville,516,West Jarrellport,10547,Cayman Islands,KY,-37.676182,62.504591
840,Jedediah,Bartoletti,jcrooks@yahoo.com,15517046480,1990-05-05,male,http://hermann.info,http://placeimg.com/640/480/people,62135 Dayton Well,Catherine Ports,671,West William,80256,Slovakia,SK,-82.231374,102.489533
841,Jerome,Kautzer,faye.goodwin@bahringer.net,13137159661,1988-04-13,male,http://hagenes.com,http://placeimg.com/640/480/people,223 Metz Street Apt. 428,Zemlak Bypass,3323,Lake Rosalindaport,71937-7353,Guam,GU,46.45553,123.315436
842,Geo,Raynor,bohara@hansen.com,18209474193,1989-11-11,male,http://stehr.net,http://placeimg.com/640/480/people,131 Krajcik Port Suite 452,Harris Inlet,681,Lavonville,27740,Central African Republic,CF,3.603016,-35.125913
843,Creola,Rau,vorn@feil.com,15098093220,1970-07-18,female,http://kris.info,http://placeimg.com/640/480/people,5319 Miller Terrace Apt. 859,Miracle Dale,364,Port Marionchester,74980-9463,Mayotte,YT,19.04196,-114.115805
844,Geovany,Dibbert,cromaguera@yost.info,14807357921,1940-08-02,male,http://hintz.org,http://placeimg.com/640/480/people,697 Gunnar Viaduct Apt. 966,Abbigail Lakes,735,Lulaton,12158,Israel,IL,-24.084496,-149.488895
845,Angelina,Huels,green.kavon@gmail.com,16617343185,1982-09-14,female,http://rowe.net,http://placeimg.com/640/480/people,142 Breanne Roads Apt. 012,Guiseppe Heights,799,Kertzmannmouth,17789-7116,Cuba,CU,-25.852507,-172.14234
846,Clementine,Reichel,maggio.brice@wisoky.com,13079849388,1954-05-12,female,http://feeney.com,http://placeimg.com/640/480/people,41324 Brakus Shores,Kertzmann Vista,80095,Lake Geovanni,34577,British Virgin Islands,VG,-9.400097,136.173245
847,Joanie,Heller,stephany.bogan@gmail.com,17607191900,2020-03-27,female,http://greenfelder.com,http://placeimg.com/640/480/people,97338 Greenholt Keys Apt. 558,Hermiston Burgs,81800,Alethaton,56803,Trinidad & Tobago,TT,19.836889,112.146382
848,Brown,Greenholt,ywaters@nicolas.com,15592749490,1938-01-07,male,http://trantow.info,http://placeimg.com/640/480/people,608 Gottlieb Shores,Kassulke Port,125,Smithborough,78727-7854,Kyrgyzstan,KG,57.743068,-138.389771
849,Vida,Hintz,mbaumbach@yahoo.com,14027405564,1994-09-29,female,http://welch.info,http://placeimg.com/640/480/people,738 Beatty Loaf Suite 215,Abigale Gardens,11069,Ivaport,06476,United Kingdom,GB,22.882571,60.040646
850,Arturo,Weimann,katelin.nikolaus@marquardt.net,12405141586,2011-11-25,male,http://witting.net,http://placeimg.com/640/480/people,767 Joesph Road,Lazaro Stream,9553,Terrillbury,79520,Congo - Brazzaville,CG,-17.506253,49.811195
851,Maci,Boyle,creynolds@gmail.com,16182991241,1997-09-25,female,http://kertzmann.biz,http://placeimg.com/640/480/people,799 Kutch Junctions,Spinka Forks,524,Mullerside,02436-1315,Madagascar,MG,-57.118359,-82.053874
852,Keeley,Kilback,daphnee91@yahoo.com,12403468013,2000-07-19,male,http://von.com,http://placeimg.com/640/480/people,2040 Hirthe Key Suite 704,Candice Springs,493,Abdulview,39997-4615,Jordan,JO,-44.560282,-30.968838
853,Heath,Gerhold,nikolaus.ona@gmail.com,13394163786,1960-09-28,female,http://osinski.net,http://placeimg.com/640/480/people,2591 Walter Valleys Suite 161,Diamond Island,9634,New Marielashire,13725,Palestinian Territories,PS,32.02954,-20.558055
854,Jordon,Crona,mante.lyla@yahoo.com,18309198194,1984-10-28,male,http://kub.com,http://placeimg.com/640/480/people,152 Julia Fields,Fadel Summit,597,East Cotyport,56194,Sri Lanka,LK,2.071904,-144.712568
855,Adrien,Wisozk,iveum@hotmail.com,16236289216,1999-12-29,male,http://carroll.com,http://placeimg.com/640/480/people,7462 Issac Key Suite 243,Ondricka Heights,1580,Port Catherineton,48165,Chile,CL,51.27879,-0.304799
856,Josefa,Becker,upton.elinor@erdman.org,14422400902,1956-08-25,female,http://hegmann.org,http://placeimg.com/640/480/people,9629 Kenny Ranch,Charlie Meadow,640,Collinshaven,85339-4952,Armenia,AM,81.625315,-19.127906
857,Nigel,Effertz,jackie.shanahan@wisoky.org,17549805435,1940-08-24,male,http://leannon.com,http://placeimg.com/640/480/people,1484 Collins Road,Norma Plaza,64969,Onashire,72901,Réunion,RE,-9.333642,10.701891
858,Cristobal,Crist,isadore.will@gulgowski.net,18565560214,1950-08-28,male,http://huel.info,http://placeimg.com/640/480/people,731 Kaleb Route Apt. 345,Sydnie Court,23341,Antoninaport,13301,Portugal,PT,39.404131,0.355823
859,Brenna,Dietrich,braeden84@gmail.com,13608152798,1971-10-16,female,http://auer.net,http://placeimg.com/640/480/people,8374 Lowe Radial Suite 871,Lenore Lodge,1329,Port Cathyside,19957,U.S. Outlying Islands,UM,-68.902803,-12.426479
860,Garnett,Rogahn,bartell.london@gmail.com,18574255033,1970-06-26,male,http://powlowski.com,http://placeimg.com/640/480/people,4193 Ebony Expressway,Christiana Flats,37891,Cordeliastad,83948-5663,Philippines,PH,42.373648,-123.168083
861,Felix,Kshlerin,kbode@grant.com,13467567033,1972-08-20,male,http://ohara.info,http://placeimg.com/640/480/people,6968 Jacquelyn Mountain Apt. 386,Crona Lodge,31061,West Terrance,06353,Guatemala,GT,-21.331879,-86.72937
862,Rafaela,Carter,alessia.keeling@reynolds.com,14146979631,1936-08-27,female,http://cormier.com,http://placeimg.com/640/480/people,62816 Shany Locks,Kirsten Village,9380,Cronabury,05124-9606,Eswatini,SZ,-85.690603,-151.170281
863,Victoria,Schaefer,sconn@gmail.com,13603974356,1938-07-08,female,http://hand.info,http://placeimg.com/640/480/people,9548 Wilbert Cliff Suite 097,Goyette Course,832,North Era,25868-5824,Bolivia,BO,14.327201,46.850125
864,Annamarie,Ferry,qwyman@nicolas.com,17476622396,2018-12-19,female,http://ritchie.info,http://placeimg.com/640/480/people,85938 Assunta Courts,Viola Field,2477,Mariafort,82405-7371,Réunion,RE,-52.590521,93.407648
865,Garth,Senger,huels.emmy@cartwright.biz,15104342440,2013-07-26,male,http://oberbrunner.com,http://placeimg.com/640/480/people,1891 Bailey Well,Kunde Passage,698,Beulahstad,14687,Congo - Brazzaville,CG,81.84453,-31.548468
866,Hassan,Hodkiewicz,rodrick.howell@reichel.com,17753865478,2004-06-13,male,http://boyer.com,http://placeimg.com/640/480/people,8910 Alanna Rapids,Stefanie Meadows,4062,Miraclehaven,23314,Thailand,TH,77.775936,83.245751
867,Merlin,Waelchi,gstrosin@predovic.com,18484831331,1945-09-02,male,http://ryan.com,http://placeimg.com/640/480/people,6782 Julian Station,Ellen Lane,121,North Mollieville,05935,Netherlands,NL,71.27415,127.249926
868,Darian,Schulist,zaufderhar@kovacek.com,17579355530,1990-07-02,male,http://ruecker.net,http://placeimg.com/640/480/people,7584 Murray Camp Suite 953,Bradtke Streets,872,Port Shanna,06012,Gambia,GM,-86.226879,-124.501149
869,Liliana,Kris,pascale23@hotmail.com,15078879234,1963-12-07,female,http://jacobi.com,http://placeimg.com/640/480/people,10338 O'Reilly Orchard,Evans Station,60993,Dayanabury,77477-4266,Antarctica,AQ,-29.379226,-116.66435
870,Toney,Pacocha,camden24@gorczany.com,12312288696,2009-11-27,male,http://schiller.info,http://placeimg.com/640/480/people,814 Kenna Manor Suite 606,Cruickshank Manor,940,Lake Nolaton,95954,Liechtenstein,LI,56.520418,100.695846
871,Mercedes,VonRueden,ryan.stephan@kris.com,15744797074,1950-01-29,female,http://boehm.com,http://placeimg.com/640/480/people,6043 Mueller Bypass,Abdullah Summit,6202,Emardville,07982-7628,Slovenia,SI,-47.597419,-144.07989
872,Maeve,Christiansen,qwilderman@yahoo.com,18629402120,1950-10-23,female,http://brekke.info,http://placeimg.com/640/480/people,385 Funk Mill,Emma Curve,242,Zackaryville,06184-1871,St. Pierre & Miquelon,PM,-49.285009,-84.765613
873,Willa,Prosacco,vmcglynn@gmail.com,14126624268,2011-03-21,female,http://berge.com,http://placeimg.com/640/480/people,89101 Mitchell Mills,Victor Path,2222,Edmondbury,72207-6386,Germany,DE,-77.565141,-92.13016
874,Raoul,Blick,xerdman@yahoo.com,17347846485,2004-10-24,male,http://mosciski.com,http://placeimg.com/640/480/people,915 Kaci Wall Suite 856,Reagan Cove,774,West Marcelinoville,32938,Taiwan,TW,57.176374,24.70038
875,Juston,Leuschke,ramona87@gmail.com,12522152622,1952-11-10,male,http://schmidt.net,http://placeimg.com/640/480/people,1423 Windler Greens Apt. 612,Koss Stravenue,358,Gottliebland,07204-5997,Sri Lanka,LK,33.989614,39.939355
876,Agnes,Bechtelar,kuphal.eldon@bartoletti.org,12819212679,1951-05-14,female,http://shields.com,http://placeimg.com/640/480/people,2978 Maxie Views,Osinski Crest,450,Arlenefurt,42681-7290,South Georgia & South Sandwich Islands,GS,68.866104,-154.262386
877,Michel,Fahey,travis46@hotmail.com,16516693583,1982-05-01,male,http://jast.biz,http://placeimg.com/640/480/people,22790 Durgan Manors Suite 944,Silas Greens,7842,Hershelberg,74371,Nauru,NR,-27.605475,-36.562976
878,Sandra,Franecki,zulauf.gayle@hotmail.com,19258833873,2011-04-10,female,http://goodwin.com,http://placeimg.com/640/480/people,4576 Rempel Club,Kylee Lane,29180,Paulineville,94791-1278,United States,US,55.95212,155.344734
879,Gino,Greenfelder,julie90@streich.com,16816700565,1936-07-02,male,http://walker.biz,http://placeimg.com/640/480/people,5456 Walter Inlet Suite 895,Wolff Vista,441,East Maymieshire,33638,Libya,LY,-43.629182,-50.992114
880,Dawson,Ankunding,heathcote.angus@wunsch.biz,18308359154,2008-04-21,male,http://farrell.net,http://placeimg.com/640/480/people,435 Larson Views Apt. 488,Kyla Mountain,610,South Larissaport,79888-8407,Ghana,GH,37.697837,-39.835362
881,Cicero,Gutkowski,ykonopelski@frami.com,12179809331,1937-12-08,male,http://gerhold.com,http://placeimg.com/640/480/people,4361 Schiller Parkway Apt. 005,Mertie Burg,52761,North Minamouth,47477,El Salvador,SV,-83.200759,178.203411
882,Rosendo,Hackett,sabina.ziemann@lind.biz,18065709784,1984-12-18,male,http://gleichner.net,http://placeimg.com/640/480/people,958 Schimmel Rapids Suite 316,Corwin Turnpike,159,New Nedtown,23775,Vietnam,VN,78.061842,102.61
883,Agustina,Jakubowski,julianne08@yahoo.com,12676393782,2024-01-13,female,http://wiza.com,http://placeimg.com/640/480/people,292 Volkman River Apt. 362,Bulah Greens,498,Sengerton,75384,Barbados,BB,-82.092319,-149.919451
884,Rosanna,Abernathy,jamaal68@leffler.biz,17709618432,1958-11-29,female,http://hermiston.com,http://placeimg.com/640/480/people,3265 Dayne Haven,Jenkins Brook,44597,Westonborough,79778,Christmas Island,CX,7.062305,72.041831
885,Judd,Balistreri,pcasper@hickle.org,18322947412,1972-02-12,male,http://gusikowski.biz,http://placeimg.com/640/480/people,2861 Harber Knoll Apt. 936,Larkin Branch,5552,South Tia,29995-0653,Burundi,BI,-50.971138,-2.521373
886,Kade,Harvey,sarai70@hotmail.com,14404224774,1979-12-01,male,http://miller.org,http://placeimg.com/640/480/people,74821 Kuhn Land Apt. 669,Linnie Roads,49701,South Anais,21300-5019,Azerbaijan,AZ,4.700214,86.717531
887,Ervin,Franecki,jared.denesik@rippin.com,15675030282,1992-07-22,male,http://goodwin.com,http://placeimg.com/640/480/people,7355 Eleanora Light Suite 892,Etha Crescent,801,New Shyann,60031-2408,North Macedonia,MK,61.026482,-136.383221
888,Gerda,Leuschke,natalia15@yahoo.com,15517947474,2015-11-03,female,http://kutch.com,http://placeimg.com/640/480/people,737 Cristal Freeway Apt. 094,Lynch Square,8915,Keelingville,34370,São Tomé & Príncipe,ST,-35.188767,-83.785116
889,Laury,Brekke,lynch.vivian@mayert.info,19596072014,1944-04-03,female,http://krajcik.com,http://placeimg.com/640/480/people,1190 Jacobson Tunnel Apt. 516,Michelle Lake,602,Haleychester,84953,Denmark,DK,46.883228,-24.015728
890,Fritz,Waters,roscoe39@hotmail.com,18478712430,1936-05-23,male,http://casper.com,http://placeimg.com/640/480/people,118 Rohan Rapid,Gerard Fort,7498,Russelhaven,97854,Algeria,DZ,-58.769879,-103.321086
891,Jazmin,Donnelly,tara09@tillman.com,14754631471,1998-07-26,female,http://hermann.org,http://placeimg.com/640/480/people,61828 Emmitt Mills Suite 129,Runolfsson Plaza,732,Elizabethchester,06506,Tanzania,TZ,-34.461562,89.192236
892,Mya,Russel,johns.effie@yahoo.com,13377396688,1989-01-19,female,http://botsford.biz,http://placeimg.com/640/480/people,65109 Oberbrunner Forest Apt. 457,Rowan Turnpike,60765,Annettaview,58582,Laos,LA,31.260501,84.19269
893,Opal,Hettinger,daugherty.dexter@hotmail.com,15152199920,1965-08-29,female,http://gislason.biz,http://placeimg.com/640/480/people,523 Weldon Shoal Apt. 765,Dedric Trail,8670,North Electaview,11479,Portugal,PT,-39.902125,-61.59101
894,Maude,Harvey,graham40@herzog.com,12177320097,1939-05-02,female,http://wintheiser.org,http://placeimg.com/640/480/people,60434 Leffler Mountains Suite 146,Stokes Mill,7042,West Kayhaven,65466-1584,Aruba,AW,-86.786832,130.24866
895,Kallie,Tillman,zakary.rempel@moore.com,12769705380,1970-12-17,female,http://ullrich.net,http://placeimg.com/640/480/people,657 Kiehn Creek Apt. 917,Lemke Fords,875,Ronaldohaven,90492,Jordan,JO,74.214022,-105.13445
896,Jess,Shields,ferry.layne@koch.com,19259247568,2020-11-18,male,http://bechtelar.org,http://placeimg.com/640/480/people,402 Hills Drives Suite 107,Langosh Curve,59681,New Alexandrea,42562-6648,St. Kitts & Nevis,KN,36.425732,53.955335
897,Kaitlin,Trantow,conroy.olga@macejkovic.com,18489864724,1939-10-07,female,http://rogahn.org,http://placeimg.com/640/480/people,14768 Yost Field Apt. 032,Margret Trail,57125,Jonathonfurt,52932-9097,Oman,OM,-9.439546,-157.149644
898,Dedrick,Wuckert,bzemlak@morar.com,14349946519,1957-10-29,male,http://corwin.com,http://placeimg.com/640/480/people,690 Cole Common Suite 775,Nelle Rue,9757,Velmaport,00620-7660,Vietnam,VN,-18.493989,89.800126
899,Osborne,Bradtke,bosco.juana@hotmail.com,18185755773,1948-03-28,male,http://nienow.net,http://placeimg.com/640/480/people,242 Brakus Rest,Imani Spur,3662,East Rhiannaton,68903-2269,Laos,LA,-72.86321,-169.59937
900,Ramiro,Fritsch,jonatan93@wintheiser.info,14158172952,1984-10-23,male,http://kautzer.info,http://placeimg.com/640/480/people,2652 Rutherford Spring Suite 653,Hillard Radial,2940,Bernhardstad,51633,Congo - Kinshasa,CD,46.796228,139.220325
901,Maynard,Predovic,roberbrunner@gmail.com,18487698630,1941-08-20,male,http://kuhic.org,http://placeimg.com/640/480/people,4835 Rudolph Station,Koepp Junctions,736,Tyrelland,50181,Brunei,BN,20.727536,105.792487
902,Cleta,Willms,carolyn41@stroman.com,19704413152,1978-04-10,female,http://harvey.com,http://placeimg.com/640/480/people,38919 Jaylon Orchard Apt. 670,Greenholt Viaduct,3419,Port Taylorfurt,65641-1242,Cuba,CU,70.850777,-113.619161
903,Triston,McGlynn,abbott.kurt@hegmann.com,13252254522,1956-04-11,male,http://daugherty.net,http://placeimg.com/640/480/people,24830 Emelia Unions,O'Kon Shoal,36605,Marcellusberg,85924,Germany,DE,-70.532961,16.905812
904,Edward,Johnson,rupert62@hill.info,19043439989,1941-01-17,male,http://kerluke.com,http://placeimg.com/640/480/people,73048 Audreanne View,Stehr Bypass,241,Port Hildegardborough,64756-6066,British Indian Ocean Territory,IO,-70.020599,-55.711432
905,Tre,Lemke,ljakubowski@steuber.com,12315190317,1969-06-16,male,http://howe.net,http://placeimg.com/640/480/people,938 Marcus Hollow,Luettgen Ramp,49985,West Laurence,05716,Togo,TG,33.480921,14.220395
906,Eladio,Feeney,muriel.johns@rowe.org,17692428654,1958-07-27,male,http://langosh.com,http://placeimg.com/640/480/people,876 Tad Orchard,Kozey Tunnel,262,New Gerardomouth,21492-0323,Niue,NU,5.328285,173.988273
907,Missouri,Herman,carroll.brittany@gmail.com,16609251528,2021-12-09,female,http://jerde.com,http://placeimg.com/640/480/people,17985 Madilyn Passage Suite 333,Bayer Alley,131,New Dessie,23798,French Southern Territories,TF,-5.757556,-108.69052
908,Cecile,Feeney,karley.hoeger@lemke.com,14458841791,1949-12-20,female,http://schroeder.com,http://placeimg.com/640/480/people,111 Juwan Square Suite 141,Mills Village,568,Port Marianneton,61928,Pitcairn Islands,PN,-3.033059,151.573866
909,Austyn,Gutkowski,claire.larkin@yahoo.com,16787941872,1950-01-01,male,http://hettinger.info,http://placeimg.com/640/480/people,9974 Johnson Ways Apt. 671,Senger Prairie,2397,South Donton,51205-1738,Kyrgyzstan,KG,-3.432448,-16.303782
910,Cortez,Muller,jerrod.metz@hauck.com,16815131098,1970-08-02,male,http://lowe.com,http://placeimg.com/640/480/people,805 Gianni Streets,Dickinson Brooks,7805,New Dawnstad,60070,Fiji,FJ,7.547749,-14.758685
911,Karolann,Tromp,fhickle@yahoo.com,12522503134,1956-03-07,female,http://mosciski.net,http://placeimg.com/640/480/people,12415 Cielo Drive,Kavon Square,4520,North Garthside,12761,Maldives,MV,-50.899634,161.538931
912,Jarrod,Hammes,ebert.candido@hotmail.com,14699204180,1996-07-24,male,http://towne.com,http://placeimg.com/640/480/people,7787 Botsford Harbor Apt. 920,Estel Heights,68747,Niatown,81773,Jersey,JE,-0.841472,23.897321
913,Valerie,Brakus,leuschke.marcos@yahoo.com,14196023181,1938-09-04,female,http://kunze.com,http://placeimg.com/640/480/people,6786 Ledner Green,Batz Creek,287,Wunschburgh,79072,Vietnam,VN,-85.612893,72.830054
914,Dayana,Kshlerin,braeden.heller@gmail.com,12513074072,1998-05-25,female,http://mcdermott.net,http://placeimg.com/640/480/people,177 Citlalli Stravenue Apt. 182,Kertzmann Mountains,12738,Einarville,77935-9051,North Korea,KP,0.413064,-35.803161
915,Margarita,Ankunding,gilda98@hansen.com,12019453844,1976-03-10,female,http://hickle.com,http://placeimg.com/640/480/people,176 Frami View Suite 376,Boyle Heights,1171,Janetbury,98433-2440,Benin,BJ,-8.956072,136.752733
916,Desmond,Hoeger,camryn.harber@yahoo.com,18037986854,1977-03-25,male,http://graham.info,http://placeimg.com/640/480/people,268 Parker Key Suite 483,Kertzmann Courts,637,West Loriton,68719,St. Kitts & Nevis,KN,-36.733011,-116.762977
917,Annamae,Dickinson,ludwig.rutherford@hotmail.com,16788620016,2024-01-19,female,http://will.com,http://placeimg.com/640/480/people,248 Nathen Courts,Herman Meadow,56851,Shannyland,68246-4320,Thailand,TH,33.593369,60.411959
918,Sherman,Macejkovic,eichmann.malvina@hotmail.com,17696902752,1970-02-12,male,http://schneider.com,http://placeimg.com/640/480/people,7875 Pollich Lights,Theo Haven,95226,Wuckertmouth,00028-1770,Morocco,MA,29.713932,170.879976
919,Piper,Davis,alangosh@towne.com,19784927937,1947-01-05,female,http://vandervort.com,http://placeimg.com/640/480/people,75300 Witting Bypass Apt. 560,Runolfsdottir Wall,484,Lake Miracleland,11206-2454,Anguilla,AI,81.750053,33.512624
920,Bryon,Shields,christiansen.edwina@gmail.com,19049391623,2009-02-18,male,http://schiller.org,http://placeimg.com/640/480/people,810 Lucinda Rapid Suite 247,Demario Forge,25565,Isaiasville,66569-6119,Timor-Leste,TL,80.19953,-101.814921
921,Fausto,Mosciski,kassulke.shaylee@schaden.info,15023465060,2014-02-14,male,http://lebsack.com,http://placeimg.com/640/480/people,98159 Rosina Turnpike Suite 971,Rory Locks,366,Alexfurt,74878-9848,Sweden,SE,-68.794614,-43.160992
922,Mozelle,Hintz,pgoodwin@yahoo.com,18652645806,1955-11-05,female,http://steuber.com,http://placeimg.com/640/480/people,11535 Wyatt Mission,Hilpert Squares,920,East Katrine,37236,Chad,TD,-64.763272,142.832783
923,Gavin,Oberbrunner,magnus14@hotmail.com,12393566042,1948-11-28,male,http://batz.org,http://placeimg.com/640/480/people,657 Bashirian Pike Suite 410,Jasper Walk,2349,East Catalina,24467-0546,North Korea,KP,-48.739135,95.809635
924,Danial,Sporer,cartwright.adaline@hotmail.com,13855094608,1957-06-30,male,http://bauch.info,http://placeimg.com/640/480/people,5097 Bret Dale,Torphy Island,587,New Hoytshire,46630,Guatemala,GT,40.606917,39.206103
925,Hellen,Marquardt,ezequiel53@stokes.com,17576408843,1962-02-12,female,http://reilly.info,http://placeimg.com/640/480/people,678 Eulalia Stream,Ellis Ferry,72368,Beahanmouth,15832,Western Sahara,EH,77.854817,170.46685
926,Larry,DuBuque,brooks.mosciski@yahoo.com,18724496661,1959-08-02,male,http://kub.com,http://placeimg.com/640/480/people,1126 Bella Stream Suite 338,Cruickshank Shores,56371,North Dewitt,92451-3615,Bhutan,BT,51.40115,-147.99934
927,Afton,Barton,ikozey@gmail.com,18023618078,1968-06-11,male,http://watsica.com,http://placeimg.com/640/480/people,1047 Jalyn Bridge Apt. 265,Mraz Pine,2352,New Ginofort,29167-0599,Brazil,BR,-51.453925,-101.245124
928,Theodore,Weber,lkshlerin@brown.info,13473286800,2002-01-17,male,http://gottlieb.com,http://placeimg.com/640/480/people,245 Parisian Crescent,Bogisich Squares,47725,Port Deionshire,56473,Sint Maarten,SX,45.204508,-69.708651
929,Naomie,Renner,tyrell76@hotmail.com,16787997382,1992-11-02,female,http://becker.net,http://placeimg.com/640/480/people,689 Will Freeway,Kameron Brooks,2025,Port Violettestad,80721-1642,Taiwan,TW,32.58049,37.454286
930,Tiara,Zemlak,pboyle@howell.net,13204486608,1959-11-16,female,http://barton.org,http://placeimg.com/640/480/people,7974 Clementina Wall,Nick Rapid,28080,Uptonstad,37416,Nicaragua,NI,-27.182073,-44.66179
931,Alena,Dickens,loren04@stokes.com,19088626559,1952-05-10,female,http://fisher.com,http://placeimg.com/640/480/people,47652 Brakus Cove,Bernhard Extensions,65660,Satterfieldtown,73781,Christmas Island,CX,74.788944,-110.938153
932,Kay,Gulgowski,kailee23@gutkowski.com,19205672339,1977-07-30,male,http://batz.com,http://placeimg.com/640/480/people,78192 Lubowitz Meadows,Gennaro Knolls,197,Stromanhaven,35814-7406,Wallis & Futuna,WF,12.960244,116.592223
933,Helena,Brown,casimir.sanford@windler.com,16178693563,1970-08-28,female,http://gleichner.org,http://placeimg.com/640/480/people,1078 Nelle Court Suite 803,Schowalter Stream,19794,Dalestad,76214,Zimbabwe,ZW,-4.714593,-161.895865
934,Israel,Predovic,gaston14@cole.info,15347868482,1981-09-15,male,http://welch.com,http://placeimg.com/640/480/people,498 Luella Roads Apt. 733,Catherine Ferry,45257,Lake Kamrenfurt,58414-0802,Portugal,PT,-63.716595,-45.518928
935,Justice,Friesen,uhackett@yahoo.com,14459510935,1962-10-28,male,http://mayer.com,http://placeimg.com/640/480/people,42061 Tremblay Tunnel Apt. 964,Tremblay Islands,92095,West Lola,13121-3713,Zambia,ZM,-63.289551,117.74981
936,Pearlie,Grant,wava.kulas@schowalter.org,16782350805,2015-09-10,female,http://donnelly.info,http://placeimg.com/640/480/people,2719 Franecki Inlet Apt. 687,Pouros Tunnel,7043,Marianfurt,18211,Andorra,AD,-87.509206,-131.267227
937,Maureen,Bruen,thegmann@yahoo.com,16789910890,1954-05-13,female,http://johnson.biz,http://placeimg.com/640/480/people,480 Moen Stream,Halvorson Spur,50526,Port Christinestad,21609,Dominican Republic,DO,-6.827924,3.258308
938,Shayna,Kub,schamplin@hotmail.com,19286352786,1990-03-30,female,http://beier.com,http://placeimg.com/640/480/people,982 Aglae Crossing Suite 419,Jaunita Orchard,4723,Konopelskibury,36147-0901,Nigeria,NG,-24.318443,78.762332
939,Meggie,Wunsch,jose.littel@hotmail.com,16202346157,1984-03-24,female,http://witting.com,http://placeimg.com/640/480/people,415 Judy Square Suite 144,Emmy Plaza,989,New Lewfort,91220,Norfolk Island,NF,-54.370555,24.726213
940,Piper,Considine,hudson.vesta@yahoo.com,17372262419,1952-01-30,female,http://morar.com,http://placeimg.com/640/480/people,58882 Murphy Orchard,Jesse Shoal,760,O'Keefeshire,35359-8405,Martinique,MQ,1.407936,-131.437044
941,Cristina,Jakubowski,elbert.beahan@stark.com,19474004645,2025-03-14,male,http://weissnat.com,http://placeimg.com/640/480/people,86762 Hermann Prairie Apt. 285,Hoeger Pine,90108,Lake Candelarioport,20814-9872,Kenya,KE,-68.118157,109.727434
942,Moises,Hauck,yadira.welch@hotmail.com,15593632883,2013-11-03,male,http://feest.net,http://placeimg.com/640/480/people,92329 Green Summit,Danika Path,3097,Stiedemannborough,23523-3071,American Samoa,AS,-50.878071,1.46783
943,Elfrieda,Hamill,ypowlowski@gmail.com,17738716133,1973-04-08,female,http://witting.com,http://placeimg.com/640/480/people,1321 Queen Grove,Karl Ports,219,Port Vellaburgh,93561,Azerbaijan,AZ,-31.649308,-5.446362
944,Gonzalo,Bartell,dante.flatley@cormier.com,18703721763,1952-03-25,male,http://hermann.biz,http://placeimg.com/640/480/people,804 Scottie Hill,Bart Port,197,Port Holdenmouth,46198,Lithuania,LT,31.461604,44.01626
945,Eva,Thiel,erdman.spencer@carter.com,12834772924,2014-12-12,female,http://green.com,http://placeimg.com/640/480/people,52882 Maggie Greens,Koepp Centers,7842,Wittingland,51738-8515,Samoa,WS,83.303013,-36.406673
946,Emory,Gleason,alexie97@hotmail.com,13089035657,1965-02-09,male,http://goodwin.net,http://placeimg.com/640/480/people,438 Satterfield Stream,Conn Lights,67449,East Lucie,39534,Haiti,HT,40.747027,135.852797
947,Ken,Kuhlman,helen.feest@torphy.info,12528440256,1960-04-19,male,http://johns.com,http://placeimg.com/640/480/people,2200 Mann Square Suite 320,Edna Roads,5121,New Delia,95908-2823,Faroe Islands,FO,-40.982875,-84.769267
948,Vidal,Prohaska,mkilback@keebler.com,14409561264,1985-02-08,male,http://stehr.com,http://placeimg.com/640/480/people,824 O'Conner Corner Apt. 064,Emmerich Knoll,2700,Grimesview,31726-6320,Cape Verde,CV,60.811415,-43.480169
949,Ethelyn,Boehm,ed.parker@cremin.info,12138334971,2007-05-11,female,http://boyer.com,http://placeimg.com/640/480/people,79215 Gleason Fields,Torp Underpass,93614,Torpburgh,97492,Aruba,AW,-34.023428,43.770861
950,Thurman,Russel,austen24@gmail.com,12404420804,1994-07-16,male,http://rath.net,http://placeimg.com/640/480/people,90319 Mills Parkways Apt. 367,Tillman Loop,6683,North Betsyview,14384-4506,Finland,FI,-83.238158,123.19971
951,Patsy,Douglas,olga.cormier@green.biz,16818979466,1941-01-05,female,http://barton.com,http://placeimg.com/640/480/people,56373 Beier Station Suite 177,Rigoberto Rapid,5170,Spinkaview,61692,Eritrea,ER,8.755692,142.18864
952,Destiney,Leannon,brielle.greenfelder@yahoo.com,19805719124,2023-05-21,female,http://schamberger.com,http://placeimg.com/640/480/people,2428 Johnathon Crescent,Issac Isle,104,Kennaview,86656,Malta,MT,-73.79515,19.190572
953,Jevon,Hermann,jacobson.lon@hotmail.com,12062942565,1955-03-08,male,http://koss.com,http://placeimg.com/640/480/people,4515 Schmidt Orchard,Audie Summit,95392,Kertzmannmouth,18774,Solomon Islands,SB,56.165308,146.610862
954,Paxton,Gleason,rquigley@west.net,12183841571,1968-01-23,male,http://smith.com,http://placeimg.com/640/480/people,60098 Josephine Trafficway Apt. 657,Keira Trail,4850,West Dianna,37152-7477,Vanuatu,VU,-49.313699,26.82492
955,Deron,Wilderman,bailey.mario@cummerata.com,15514516995,2000-05-10,male,http://bailey.net,http://placeimg.com/640/480/people,254 Larkin Canyon,Nick Extension,21147,Dietrichchester,29653,Congo - Brazzaville,CG,36.005408,-27.623124
956,Richmond,Wintheiser,welch.simone@homenick.com,13146174203,2005-12-31,male,http://boyer.com,http://placeimg.com/640/480/people,54550 Balistreri Plains,Langworth Cliff,67958,Port Berniece,01966-7963,Montserrat,MS,52.449678,-56.262473
957,Jo,Champlin,hahn.gust@hotmail.com,19723141149,1939-05-07,male,http://beer.org,http://placeimg.com/640/480/people,321 Garrett Place,Sabryna Vista,6321,Dereckside,74967-5924,São Tomé & Príncipe,ST,55.253967,45.074604
958,Brooks,Herzog,geraldine.strosin@bayer.com,12408059685,1944-05-02,male,http://feeney.biz,http://placeimg.com/640/480/people,5766 Nestor Highway Apt. 402,Mosciski Trace,94584,Trompton,79333,St. Lucia,LC,-14.922489,140.609253
959,Emanuel,Eichmann,nathanael.bartoletti@gmail.com,13413466244,1936-07-25,male,http://harber.com,http://placeimg.com/640/480/people,71385 Schmidt Inlet,Stokes Mountain,31355,Okunevashire,82001,Kiribati,KI,-33.304869,167.113005
960,Dedrick,Schoen,adelia18@doyle.com,15625469240,2014-04-20,male,http://lockman.info,http://placeimg.com/640/480/people,80131 Shanie Centers,Dach Landing,34158,Port Dasia,62998-2098,Samoa,WS,-27.036084,120.418417
961,Isabell,Hammes,tina.kreiger@hotmail.com,19167238986,1984-02-08,female,http://bernier.net,http://placeimg.com/640/480/people,186 Leannon Lodge Apt. 883,Weber Spurs,5674,Rodrigochester,19439,St. Helena,SH,-65.27405,138.135243
962,Cathrine,Gerhold,west.hunter@cole.net,18622080445,1961-04-09,female,http://kassulke.com,http://placeimg.com/640/480/people,41282 Vida Neck Suite 743,Dallin Well,152,Hackettside,36865-7442,Iceland,IS,9.640582,43.780716
963,Aurelie,Cummings,ikoepp@runolfsson.com,17755087310,1989-01-20,female,http://block.com,http://placeimg.com/640/480/people,186 Sadye Greens,Lawson Gateway,9541,Mantemouth,05374,Guernsey,GG,64.510193,-131.972172
964,Harry,Keeling,samantha56@yahoo.com,13216521641,1939-08-19,male,http://cormier.com,http://placeimg.com/640/480/people,87776 Elza Lock Suite 821,Christophe Villages,40530,South Linnea,99112-1321,Madagascar,MG,86.600211,164.96564
965,Larissa,Little,progahn@gmail.com,19565370632,1943-03-15,female,http://graham.com,http://placeimg.com/640/480/people,869 Kozey Oval,Lila Circles,8378,Lake Ardella,16282-6852,Kazakhstan,KZ,-38.374811,83.815728
966,Jennings,Christiansen,jgutmann@yahoo.com,12172228315,1978-11-17,male,http://jacobs.com,http://placeimg.com/640/480/people,14033 Valerie Walks,Dora Manor,42035,Lake Viviannefort,84310-1419,Slovenia,SI,-61.378212,-13.639296
967,Wilton,White,hill.darryl@yahoo.com,16014023473,1973-01-08,male,http://sauer.com,http://placeimg.com/640/480/people,819 Tremayne Walks,Schmeler Forges,38199,East Clint,47075,St. Pierre & Miquelon,PM,21.381775,-79.616343
968,Madalyn,Brakus,marc17@hotmail.com,14848109607,1994-12-01,female,http://daugherty.org,http://placeimg.com/640/480/people,567 Manuel Drive Suite 790,Fay Roads,569,Lake Ziontown,24521-5272,Lebanon,LB,-28.546921,-127.012515
969,Dina,Daniel,phoebe.keeling@grimes.com,19548545677,2005-07-15,female,http://hahn.org,http://placeimg.com/640/480/people,97197 Stokes Passage Suite 377,Anderson Via,982,West Jacklyn,85952-2460,Austria,AT,73.915857,-101.192526
970,Ray,Williamson,hodkiewicz.johathan@gmail.com,16804147706,1950-03-22,male,http://wiza.com,http://placeimg.com/640/480/people,223 Marcelo Parkways Apt. 733,Donny Ports,458,Braunland,12761-5442,United Kingdom,GB,8.438728,-135.222289
971,Orlo,Schmidt,bsenger@gmail.com,16783898998,1994-09-02,male,http://okon.com,http://placeimg.com/640/480/people,40500 Brycen Lakes,Orie Island,868,Abbottfurt,96956-2828,Bosnia & Herzegovina,BA,-89.654836,-139.225187
972,Elian,Okuneva,grant.baby@luettgen.org,12034677851,2003-11-22,male,http://little.biz,http://placeimg.com/640/480/people,48555 Gorczany Trail Apt. 851,Marks Village,564,Birdieview,43662,Belgium,BE,87.801139,-61.669988
973,Eriberto,Langosh,snicolas@hotmail.com,17862445873,2011-06-05,male,http://bins.com,http://placeimg.com/640/480/people,6332 Littel Avenue Apt. 890,Maddison Mountain,9999,Walterton,06510-6812,United States,US,-4.420918,148.737313
974,Blaise,Runte,edgar.fahey@ferry.com,17868006320,1994-09-06,male,http://rau.org,http://placeimg.com/640/480/people,4287 Heaney Roads Apt. 177,Marco Prairie,53527,Lonnieville,45059,Brazil,BR,89.85142,-160.490869
975,Corrine,Roberts,harry11@okeefe.net,19402627474,1965-12-14,female,http://kling.com,http://placeimg.com/640/480/people,240 Sofia Lake Apt. 514,Nicolas Hollow,76137,Gusview,21743-6458,Kenya,KE,86.675118,39.096067
976,Ibrahim,Hammes,kshlerin.rogers@gmail.com,17855701675,1938-09-13,male,http://roberts.biz,http://placeimg.com/640/480/people,92683 Josephine Gateway Suite 099,Sheila Cape,931,Creminburgh,23434,Laos,LA,66.52707,61.439848
977,Eleanora,Weissnat,tatyana.ratke@hotmail.com,16193300584,1971-12-20,female,http://hansen.com,http://placeimg.com/640/480/people,8517 Madison Oval Suite 241,Smitham Streets,124,Jordonside,68800,Uruguay,UY,41.332492,125.619846
978,Donny,Turner,anjali.willms@heller.com,13208344188,2003-04-07,male,http://veum.net,http://placeimg.com/640/480/people,65284 Enola Vista Apt. 495,White Ridges,1377,Port Laisha,34801,Côte d’Ivoire,CI,29.404314,92.608274
979,Bruce,Brown,corene.spencer@jacobi.com,17604653983,1974-12-20,male,http://schoen.com,http://placeimg.com/640/480/people,14678 Triston Hills,Loren Freeway,97373,South Zettamouth,05275,Palestinian Territories,PS,14.949044,87.085356
980,Mary,Gerlach,rolfson.olaf@fisher.com,14242104730,1953-11-13,female,http://vandervort.com,http://placeimg.com/640/480/people,7307 Olson Parkways,D'Amore Greens,599,West Percyberg,20288-9091,Lithuania,LT,51.47564,118.874791
981,Halie,Morar,timmy27@yahoo.com,12164699117,1955-07-07,female,http://hahn.info,http://placeimg.com/640/480/people,873 Kovacek Greens,Halvorson Grove,37529,Luettgenburgh,39424-6126,Thailand,TH,8.205223,110.695685
982,Leonor,Bashirian,lstracke@hotmail.com,13087022030,1958-04-23,female,http://koss.net,http://placeimg.com/640/480/people,87088 Deshawn Place Apt. 426,Isabelle Crest,93194,Labadieland,23689-6989,Jersey,JE,-26.142563,170.326916
983,Neva,Haley,obarton@gmail.com,13196261251,1969-04-10,female,http://tromp.net,http://placeimg.com/640/480/people,582 Gleason Crossroad,Rick Trail,9345,North Cortney,95805-0003,Papua New Guinea,PG,-52.825556,-97.811377
984,Ariel,Glover,precious.hoeger@grant.info,14086652845,1998-11-06,male,http://schuppe.com,http://placeimg.com/640/480/people,594 Beer Garden Suite 381,Giovani Spurs,22884,Port Alessandroshire,45564,Kazakhstan,KZ,-21.488125,-124.602156
985,Joanne,Fadel,melody97@mitchell.biz,16518253073,2003-11-29,female,http://swaniawski.net,http://placeimg.com/640/480/people,123 Waelchi Expressway Apt. 392,Hammes Summit,2216,Deetown,31816,Equatorial Guinea,GQ,-59.885753,112.440569
986,Janice,Raynor,schroeder.bette@gmail.com,16816416492,1941-12-16,female,http://simonis.com,http://placeimg.com/640/480/people,6631 Kunze Plains Suite 753,Mohr Row,49669,Wisokyborough,24695-7061,Guadeloupe,GP,55.332201,-176.528699
987,Lavern,Maggio,serenity.fisher@yahoo.com,17636124250,1997-10-02,male,http://langworth.com,http://placeimg.com/640/480/people,5167 Wallace Courts Apt. 110,Gracie Gateway,3864,Gibsonstad,24426-7055,Puerto Rico,PR,46.068084,-53.507089
988,Drake,Smitham,dietrich.cyrus@hotmail.com,14356435468,1959-12-27,male,http://konopelski.com,http://placeimg.com/640/480/people,439 Myles Burgs Apt. 274,Catharine Summit,258,Keeblershire,78078,South Africa,ZA,-80.333002,23.51071
989,Ivory,Bernier,emmett59@walsh.com,15393926698,1947-02-05,female,http://reilly.biz,http://placeimg.com/640/480/people,8948 DuBuque Mountain,Bernier Ford,2683,East Omarihaven,48612-1608,Bermuda,BM,-24.919044,-58.665018
990,Kraig,Weber,pietro47@gmail.com,18056885854,1948-05-31,male,http://kuhn.net,http://placeimg.com/640/480/people,31614 German Overpass Apt. 868,Block Rapids,100,Guillermotown,80305-9530,Faroe Islands,FO,45.513405,-176.505368
991,Julie,Sauer,hsporer@hotmail.com,15185058340,1964-10-30,female,http://lowe.com,http://placeimg.com/640/480/people,588 Wilhelmine Canyon Apt. 468,Aida Station,7076,North Joshuahberg,93992,Liberia,LR,-74.897162,-23.218945
992,Athena,Tromp,johnathan.emard@yahoo.com,16105068982,1951-04-28,female,http://kuhlman.com,http://placeimg.com/640/480/people,9881 Lonie Grove,Wilbert View,5746,Verliemouth,20402,Norway,NO,-34.009038,14.361441
993,Lilian,Hill,joy14@lueilwitz.info,15624820015,1986-08-14,female,http://trantow.com,http://placeimg.com/640/480/people,10311 Alberto Dale Suite 465,Olga Villages,69553,Baumbachport,97580-4521,Palestinian Territories,PS,-89.970255,175.934192
994,Lenna,Boehm,lmurphy@gmail.com,18656801328,1996-06-12,female,http://watsica.com,http://placeimg.com/640/480/people,5575 McLaughlin Hills Apt. 881,Delilah Cliffs,26717,Lake Helena,67560,Azerbaijan,AZ,-25.924171,-105.863824
995,Lucile,Bernier,mstroman@gmail.com,15864810826,1937-11-25,female,http://sipes.com,http://placeimg.com/640/480/people,666 Ivy Ranch Suite 552,Baby Heights,799,Kathryneborough,32270,Norfolk Island,NF,-82.885055,-109.635135
996,Jeramy,Stanton,fahey.elenora@mclaughlin.com,18049337669,1959-11-28,male,http://kilback.com,http://placeimg.com/640/480/people,7018 Scottie Walks Apt. 374,Von Lights,556,Lake Olen,65465,Jamaica,JM,88.4139,164.764571
997,Anais,Pfeffer,qgleason@gmail.com,18475902484,1958-06-04,female,http://mosciski.com,http://placeimg.com/640/480/people,62116 Crooks Locks Apt. 815,Mustafa Street,67003,Theronport,52101-9099,Antigua & Barbuda,AG,72.097989,178.986388
998,Leopold,Kulas,vaughn.howe@kiehn.com,18208183164,2020-12-23,male,http://labadie.biz,http://placeimg.com/640/480/people,871 Nettie Fort,Schiller Islands,7306,North Bertrand,53841,Azerbaijan,AZ,88.213878,118.12016
999,Althea,Stroman,schultz.marcelina@yahoo.com,17474977286,2014-03-22,female,http://collier.com,http://placeimg.com/640/480/people,2894 Brakus Islands Apt. 520,Arnulfo Lake,181,Mayerttown,42144-4408,Thailand,TH,-88.550409,177.992498
1000,Darby,Rosenbaum,legros.carmelo@hotmail.com,19072464829,1939-07-18,female,http://sipes.com,http://placeimg.com/640/480/people,284 Murazik Fords Suite 527,Rae Hills,2044,Port Maureenton,21053,Uruguay,UY,46.559798,-125.646395
1,Josie,Bogisich,yfahey@ferry.com,17158627788,1977-05-28,female,http://ruecker.com,http://placeimg.com/640/480/people,83864 Huel Neck,Powlowski Groves,12889,Lake Coralieside,24702,Timor-Leste,TL,20.498112,58.368289
2,Tatum,Ondricka,turner.colby@lemke.org,14799120808,2002-11-19,male,http://wisozk.com,http://placeimg.com/640/480/people,4477 Dee Island,Magdalena Tunnel,96209,Bashirianberg,62899-1048,St. Helena,SH,-81.615585,70.527426
3,Odie,Wolff,jaqueline82@hotmail.com,13853998920,2020-06-13,female,http://stoltenberg.net,http://placeimg.com/640/480/people,55843 Dylan Ramp Suite 467,Willms Haven,3762,West Lois,69002-8276,Slovakia,SK,-67.444198,17.854943
4,Marguerite,Doyle,bret33@yahoo.com,18024790633,1965-05-31,female,http://wolf.org,http://placeimg.com/640/480/people,51592 Rebeka Hill Apt. 902,Collins Plaza,2929,New Alisa,30485-0575,Western Sahara,EH,-50.271236,-103.741035
5,Tyrese,Barton,ttrantow@jakubowski.com,12295086092,1980-01-16,male,http://keebler.net,http://placeimg.com/640/480/people,17580 Thad Club,Schowalter Coves,246,Aliciatown,62528,Liechtenstein,LI,-25.950885,-83.156349
6,Tyree,Mohr,jason08@yahoo.com,16188150808,1939-04-03,male,http://mckenzie.biz,http://placeimg.com/640/480/people,425 Stoltenberg Point Suite 132,Mustafa Trafficway,20427,South Estellborough,37049,Laos,LA,88.787279,175.568833
7,Camylle,Bosco,kbeahan@hotmail.com,14322041830,1970-05-26,female,http://rowe.com,http://placeimg.com/640/480/people,913 Pansy Courts Apt. 463,Marvin River,846,Dibbertburgh,72376-0854,Algeria,DZ,-41.387186,41.223831
8,Edna,Botsford,keenan17@hane.org,15318687574,2009-10-28,female,http://vonrueden.org,http://placeimg.com/640/480/people,48693 Zoie Isle,Hollie Shore,4920,Sybleville,22409,Gambia,GM,6.646689,35.350508
9,Lilian,Crooks,darius.green@lynch.net,17015528967,1976-11-18,female,http://lehner.com,http://placeimg.com/640/480/people,861 Erik Harbor Apt. 998,Velva Glen,628,Krajcikville,48601,Tanzania,TZ,-29.508859,-71.970842
10,Arvel,Kozey,hipolito.feil@hotmail.com,12012350994,1991-01-04,male,http://morar.info,http://placeimg.com/640/480/people,5186 Brakus Mill,Rahul Plains,36453,Lake Babychester,80153-7897,Kiribati,KI,19.62235,94.102241
11,Willa,Bayer,helene.cormier@prosacco.com,18207868792,1972-07-14,female,http://watsica.biz,http://placeimg.com/640/480/people,4681 Felicia Well Suite 159,Maggio Hollow,1824,Antonettaberg,42353,Myanmar (Burma),MM,61.874779,-78.490184
12,Stephon,Walker,greg.stroman@luettgen.org,14455590472,1944-06-14,male,http://weissnat.biz,http://placeimg.com/640/480/people,1443 Abshire Islands Apt. 574,Roman Viaduct,9969,Jacobimouth,51586,Haiti,HT,-63.247506,46.338523
13,Brianne,O'Kon,ahmed.marquardt@yahoo.com,12208004350,1964-10-03,female,http://yundt.com,http://placeimg.com/640/480/people,15512 Anibal Mission,Flatley Mall,394,North Maryamton,16603-7785,Syria,SY,50.994638,-125.757924
14,Mason,White,hwunsch@gottlieb.com,15803244803,1941-05-29,male,http://bins.org,http://placeimg.com/640/480/people,4098 Jacobs Ports Apt. 539,Jayden Drive,66125,Cristophermouth,53805,Micronesia,FM,5.731451,53.313899
15,Titus,Beatty,xwisoky@hill.com,15595901040,1981-08-13,male,http://kihn.com,http://placeimg.com/640/480/people,33226 Evie Stream,Harvey Radial,470,North Malachi,13335,United Kingdom,GB,18.886333,-115.065613
16,Luisa,O'Hara,imosciski@mayert.com,15404675149,1976-08-08,female,http://dooley.com,http://placeimg.com/640/480/people,42106 Nitzsche Center Suite 164,Farrell Points,7982,Heaneyhaven,59174,Anguilla,AI,74.007493,-111.039574
17,Maegan,Mueller,wade.wilkinson@kiehn.com,13868446864,2013-10-07,female,http://schinner.org,http://placeimg.com/640/480/people,10750 Missouri Expressway,Danial Views,1827,New Lexi,75104-2523,Japan,JP,-81.132776,-139.596586
18,Xavier,Hoppe,frederic.rutherford@hudson.com,18329500884,2002-06-18,male,http://dach.com,http://placeimg.com/640/480/people,79497 Beahan Plaza Suite 869,Ruecker Station,94824,Lake Marquestown,19354,Norfolk Island,NF,-23.342285,17.600658
19,Imani,Johnston,lesch.sister@hotmail.com,12109632298,2001-07-20,male,http://nikolaus.net,http://placeimg.com/640/480/people,4632 Ezequiel Isle Suite 294,Schmitt Islands,27695,Kaseymouth,19852,Nigeria,NG,43.207532,22.260091
20,Reagan,Jones,lavina.wisoky@yahoo.com,13474681849,1939-03-11,male,http://cummings.com,http://placeimg.com/640/480/people,2411 Neil Knoll,Spencer Drives,328,East Christine,38234-2730,British Virgin Islands,VG,51.381097,2.121065
21,Yazmin,Rodriguez,emelie.watsica@larson.com,19043011227,1971-11-03,female,http://pfannerstill.com,http://placeimg.com/640/480/people,2519 Runolfsdottir Plain,Lexie Junctions,8310,Ryleyport,75256,Lithuania,LT,-15.069317,-123.095493
22,Kevin,Lockman,quincy89@rosenbaum.org,19316320421,1979-12-06,male,http://gleichner.com,http://placeimg.com/640/480/people,4971 Juwan Mount,Cassie Glens,78011,Kleinstad,81881-2355,Poland,PL,-26.349032,169.461747
23,Jacky,Borer,chelsie.beahan@gmail.com,13077883467,1978-06-30,female,http://cassin.org,http://placeimg.com/640/480/people,3187 Kassulke Valleys Apt. 477,Deja Tunnel,24751,East Justiceport,96794,French Polynesia,PF,-40.40399,-110.602558
24,Harold,Ward,sage.langworth@huels.com,16147199747,2000-08-23,male,http://kertzmann.org,http://placeimg.com/640/480/people,1244 Marks Ridge Apt. 532,Mayer Shores,2457,East Nolanfurt,58407-8491,Tonga,TO,-86.1981,138.093655
25,Tina,Botsford,blanche.hills@hotmail.com,14843571710,1988-12-05,female,http://hettinger.com,http://placeimg.com/640/480/people,34188 Taylor Courts Suite 093,Lesch Wells,89312,Lizethmouth,28995,Palestinian Territories,PS,-37.431346,86.240148
26,Virginie,Nolan,goyette.elfrieda@roob.com,14254686894,1965-10-18,female,http://stiedemann.org,http://placeimg.com/640/480/people,4563 Sydni Ridges Apt. 247,Emma Mill,417,Freddieside,87767-2623,St. Pierre & Miquelon,PM,4.675292,128.379264
27,Natalia,Dietrich,newton06@osinski.com,17653176355,1946-09-07,female,http://cole.net,http://placeimg.com/640/480/people,38021 Pascale Freeway Suite 777,Alda Isle,41644,Lake Herbertland,15855,Dominican Republic,DO,-67.558707,-170.231633
28,Adeline,Christiansen,kellen89@hotmail.com,17319984982,1998-03-07,female,http://mcdermott.com,http://placeimg.com/640/480/people,5538 Borer Run Apt. 401,Joan Mount,72504,East Zariatown,28365,Fiji,FJ,-79.34609,35.971357
29,Wilfrid,Corkery,kurt81@emard.com,15703956793,1963-03-08,male,http://bernhard.net,http://placeimg.com/640/480/people,3427 Ward Brooks,Brandyn Ramp,286,Harveychester,84123,Luxembourg,LU,45.828828,157.820907
30,Rebekah,Rolfson,claudine84@streich.net,18019345805,2003-05-20,female,http://cole.org,http://placeimg.com/640/480/people,39484 Ariel Springs,Hildegard Track,43246,Krajcikfort,57470-4057,British Indian Ocean Territory,IO,-54.85816,166.763107
31,Vernie,Schultz,vito11@hotmail.com,18572551452,1953-10-30,female,http://muller.com,http://placeimg.com/640/480/people,454 Carissa Track,Rusty Harbor,750,North Tianna,93216-5008,Monaco,MC,3.031697,179.801312
32,Alexie,Waelchi,zconroy@gmail.com,14407661673,1956-01-05,male,http://beer.com,http://placeimg.com/640/480/people,75063 Kylie Lodge,Rau Bypass,24421,West Hope,58021,St. Martin,MF,41.039936,135.311457
33,Walter,McGlynn,frogahn@gmail.com,18012277437,2003-10-09,male,http://kling.com,http://placeimg.com/640/480/people,2342 Mueller Hill Suite 098,Rubye Ways,6289,North King,76689-1004,Austria,AT,-16.690073,155.723039
34,Victor,Mayer,vladimir01@gmail.com,16203558872,1972-01-04,male,http://sanford.com,http://placeimg.com/640/480/people,1838 Bartell Estate,Braun Route,901,New Tanner,72025,Gabon,GA,77.555672,139.690727
35,Lucile,Dietrich,vella45@yahoo.com,12029962164,1977-04-19,female,http://christiansen.com,http://placeimg.com/640/480/people,4654 Wilfred Lakes Suite 588,Anahi Viaduct,354,Schneiderchester,82974,Kiribati,KI,1.102925,-100.152865
36,Rozella,Klocko,syble20@waelchi.com,18633180349,1951-11-02,female,http://grady.com,http://placeimg.com/640/480/people,2457 Diana Estate,Stehr Estate,345,Antonetteton,56846-2598,Caribbean Netherlands,BQ,49.375914,-39.81794
37,Aliyah,Renner,pgoldner@glover.com,17476639546,1940-05-30,female,http://kiehn.info,http://placeimg.com/640/480/people,32282 Ledner Via,Elda Drive,6591,Jamarcusmouth,91328,Gabon,GA,34.134448,-63.626142
38,Jailyn,Wintheiser,kaylin.bode@bernhard.net,15305237167,1959-03-06,female,http://rogahn.biz,http://placeimg.com/640/480/people,41088 Gladyce Trail Suite 122,Russel Heights,377,Lake Berniecemouth,04656,Papua New Guinea,PG,37.360547,2.55391
39,Vanessa,Krajcik,dante51@gmail.com,13048256682,1984-10-27,female,http://volkman.biz,http://placeimg.com/640/480/people,53619 Yesenia Estate Apt. 439,Armstrong Prairie,63610,New Nathenport,68983,British Indian Ocean Territory,IO,9.514667,44.035779
40,Mackenzie,Moen,mosciski.sarina@hotmail.com,13128348309,1960-01-16,male,http://schaden.info,http://placeimg.com/640/480/people,98547 Joey Extensions Suite 766,Stark Coves,610,East Desiree,54685,Antarctica,AQ,-16.437756,-122.992887
41,Brook,Schroeder,francesca.powlowski@hotmail.com,19086275967,1937-02-02,male,http://pollich.biz,http://placeimg.com/640/480/people,432 Wyman Fall,Alice Mountains,13099,Walterfort,36965,New Caledonia,NC,-25.684655,64.781816
42,Tania,Ward,crist.leanna@gmail.com,12677885825,1944-12-17,female,http://welch.biz,http://placeimg.com/640/480/people,962 Russel Orchard Suite 106,Heller Junctions,8635,Fredrickstad,03938,Dominican Republic,DO,-21.698295,134.355128
43,Destiny,Mills,maymie.kuphal@littel.com,18049066013,2023-04-20,female,http://feest.com,http://placeimg.com/640/480/people,673 Carol Glen,Josephine Flats,893,Armstrongshire,66701,Uzbekistan,UZ,1.194987,171.885044
44,Dixie,Von,hope.klein@gmail.com,15342071248,1950-03-26,female,http://kuhlman.com,http://placeimg.com/640/480/people,725 Salma Lodge,Ledner Village,2418,Port Catalina,99217,Bosnia & Herzegovina,BA,53.925245,110.17264
45,Hildegard,Blick,isabell.streich@ratke.com,17088683082,2016-11-21,female,http://mcdermott.net,http://placeimg.com/640/480/people,137 Bogisich Mountain,Lacey Glens,60590,Cheyennechester,01706,Costa Rica,CR,-13.269276,48.845709
46,Darrin,Satterfield,alberta.kozey@yahoo.com,12607328275,1981-11-28,male,http://denesik.info,http://placeimg.com/640/480/people,7983 Rodriguez Drive Suite 719,Langosh Vista,7971,Lake Sheaborough,49480-9187,Hungary,HU,-85.980939,-93.382535
47,Emmalee,Kub,greinger@kreiger.com,16124093948,2006-10-07,female,http://klocko.org,http://placeimg.com/640/480/people,59739 Lebsack Ranch,Kreiger Fall,40360,Justusburgh,07710-2608,Cuba,CU,56.054836,161.651581
48,Breanne,Carroll,vboyer@gmail.com,15678373932,2000-11-08,female,http://hoeger.com,http://placeimg.com/640/480/people,1688 Delaney Crescent Apt. 164,Giovanna Rapids,9273,Langoshfort,54466-6760,American Samoa,AS,48.923115,-33.678833
49,Ashleigh,Schumm,donnell.medhurst@hodkiewicz.biz,16022017772,1994-05-04,female,http://hammes.net,http://placeimg.com/640/480/people,9373 Fisher Turnpike,Magali Station,2517,New Theresiaberg,55498,New Caledonia,NC,69.185115,-23.617038
50,Vella,Pagac,alivia.denesik@hotmail.com,12396477506,2000-08-05,female,http://orn.biz,http://placeimg.com/640/480/people,4586 Yost Square,West Ports,5437,Tiffanyfort,97892-4533,Monaco,MC,42.747084,-44.418952
51,Linwood,Schaden,ashleigh19@hudson.com,18206813850,2011-04-11,male,http://spencer.com,http://placeimg.com/640/480/people,7883 Kovacek Prairie,Lowe Lane,2130,Chadrickburgh,80443,Dominica,DM,-53.802109,-76.114353
52,Maggie,Berge,mrunolfsson@hotmail.com,13398640299,1978-02-17,female,http://boehm.org,http://placeimg.com/640/480/people,56815 Roger Spur Suite 514,Kristin Haven,382,Karsonmouth,23702-3147,Cayman Islands,KY,16.839764,43.232258
53,Isai,Lang,evandervort@hotmail.com,12769032099,2000-07-24,male,http://beahan.com,http://placeimg.com/640/480/people,9954 Zackary Vista Apt. 805,Dortha Junctions,549,Port Garettborough,55093,Gabon,GA,82.612824,-11.352438
54,Burdette,Casper,qquitzon@hodkiewicz.org,14023836998,1997-12-26,female,http://lesch.com,http://placeimg.com/640/480/people,884 Seth Manors Suite 350,Pinkie Ramp,7088,Tremblayborough,26187,Afghanistan,AF,-14.350658,-47.733075
55,Liliane,Hilpert,macejkovic.christian@schimmel.com,18605155177,1972-12-07,female,http://johns.com,http://placeimg.com/640/480/people,45033 Ankunding View Suite 613,Howard Cove,73449,Russelmouth,93571-5936,Barbados,BB,-60.302123,121.728335
56,Mia,Weber,kelsie.aufderhar@lowe.org,14759152364,1978-11-08,female,http://osinski.info,http://placeimg.com/640/480/people,325 Marquardt Drive Suite 166,Quitzon Roads,378,Ezekielside,88415,Romania,RO,-59.514844,-164.891854
57,Wilmer,Feest,tre63@heller.com,16296741989,1961-08-09,male,http://schinner.com,http://placeimg.com/640/480/people,403 Jennyfer Path,Daugherty Curve,484,New Melvin,71130-3989,Faroe Islands,FO,-14.826095,9.815052
58,Juvenal,Anderson,eleanore.batz@kris.org,19014128961,1968-07-11,male,http://morar.com,http://placeimg.com/640/480/people,745 Hahn Ville Apt. 460,Pacocha Walk,543,Garryport,33900-3396,Ghana,GH,-47.93464,-161.912435
59,Evie,DuBuque,abshire.mellie@gmail.com,13172728489,1939-04-26,female,http://powlowski.com,http://placeimg.com/640/480/people,2517 Jermaine Parkway Suite 144,Cleve Skyway,5366,South Anissa,43797,British Indian Ocean Territory,IO,-0.876256,-27.672044
60,Barbara,Graham,orn.delaney@yahoo.com,14018749486,1950-11-26,female,http://corwin.com,http://placeimg.com/640/480/people,4988 Misael Terrace,Ruecker Road,9280,Ferryview,53584,Estonia,EE,40.615925,-4.265163
61,Rosario,Heaney,remington70@yahoo.com,19165971369,1942-02-14,male,http://kris.com,http://placeimg.com/640/480/people,18571 Kunze Radial Suite 857,Gerhold Fort,5831,Walterview,66047,Ireland,IE,-43.747442,147.333505
62,Alphonso,Oberbrunner,kris.christelle@yahoo.com,15516105675,1984-05-04,male,http://klein.com,http://placeimg.com/640/480/people,5111 Everette Spur Suite 429,Joanie Ville,851,New Jamarcus,11251,United Arab Emirates,AE,31.88167,171.469941
63,Marcia,Hudson,helga35@yahoo.com,19859688762,1966-09-01,female,http://lemke.info,http://placeimg.com/640/480/people,54082 Shaina Drive,Juanita Avenue,5379,Vernafort,71528-7122,Australia,AU,40.811897,13.135798
64,Llewellyn,Kshlerin,minerva87@yahoo.com,13515993164,2001-05-29,male,http://reichert.org,http://placeimg.com/640/480/people,2675 Blanda Shores Apt. 755,Lueilwitz Cove,6297,Mitchellhaven,30964-4703,St. Martin,MF,7.980662,-167.654492
65,Wava,Cremin,goyette.jodie@yahoo.com,18284915060,2022-01-23,female,http://quitzon.info,http://placeimg.com/640/480/people,486 Oliver Port,Blanda Heights,8103,Fisherfort,72288-5326,Syria,SY,-75.669203,22.873375
66,Felix,Hansen,baumbach.minnie@hotmail.com,19853122049,1954-12-08,male,http://rath.com,http://placeimg.com/640/480/people,819 Lowe Views Apt. 696,Wiegand Harbors,670,Hayleyfort,95920,Hungary,HU,-68.878989,-159.924791
67,Denis,Schmeler,fabian41@zemlak.com,18325961491,1968-11-14,male,http://renner.net,http://placeimg.com/640/480/people,9978 Elaina Drive Apt. 944,King Pass,142,New Celestino,17407,Cuba,CU,42.958126,46.970673
68,Ella,Bins,cathryn.monahan@bernier.org,13415911211,1995-08-28,female,http://wolf.org,http://placeimg.com/640/480/people,222 Davon Lodge Suite 380,Viviane Union,27998,Mariamhaven,29139-6752,Peru,PE,41.095005,-94.763644
69,Alana,Ernser,maxie.ondricka@bruen.com,19783568764,1994-12-09,female,http://hand.com,http://placeimg.com/640/480/people,22844 Langworth Inlet Apt. 939,Jerrold Fields,66817,Zettaton,60884-9813,Sierra Leone,SL,15.034985,-12.930015
70,Alayna,Stroman,toy.garfield@effertz.info,18065479268,1944-04-18,female,http://oberbrunner.com,http://placeimg.com/640/480/people,773 Howe Key,Friedrich Shore,7389,West Jalen,65484,Hong Kong SAR China,HK,-53.502154,169.809289
71,Laura,Reichel,ritchie.misty@gmail.com,15746368035,1946-03-22,female,http://bashirian.com,http://placeimg.com/640/480/people,86994 Gerda Haven,Grimes Garden,29381,New Ernest,34194,Panama,PA,-77.943976,-126.281586
72,Esperanza,Upton,electa.gerlach@kling.org,14849308042,1995-02-15,female,http://bergnaum.com,http://placeimg.com/640/480/people,60921 Senger Springs,Novella Prairie,4554,Krajcikberg,88119-5166,Sint Maarten,SX,-52.564982,-86.549056
73,Lourdes,King,rickey42@smitham.com,16507040586,2020-11-13,male,http://corwin.info,http://placeimg.com/640/480/people,88411 Monte Shores Apt. 202,Adams Crossing,3387,Lewisville,77071,Mexico,MX,63.50027,-111.229132
74,Jarrod,Leannon,jeremie06@yahoo.com,15413035202,1948-12-23,male,http://cruickshank.org,http://placeimg.com/640/480/people,27087 Marisol Glen Apt. 820,Moore Dam,40752,Port Darian,68413-8942,Belarus,BY,-50.718715,81.855577
75,Rolando,Marvin,taya.herman@pollich.com,18727191369,1981-04-23,male,http://bartell.biz,http://placeimg.com/640/480/people,901 Terry Prairie,Murphy Gardens,7690,North Josephineport,68874,Malta,MT,59.800613,-14.70977
76,Easter,Pollich,liliana66@stehr.com,16207206537,1950-07-04,male,http://casper.net,http://placeimg.com/640/480/people,6711 Hirthe Course,Howe Rapid,57148,Port Lexusmouth,99512,New Zealand,NZ,25.487314,-11.825009
77,Abigayle,Frami,crona.carolina@orn.com,18708103670,1989-05-31,female,http://crooks.net,http://placeimg.com/640/480/people,9087 Casper Tunnel Suite 006,Shaylee Bypass,99339,South Stephanie,09770-6351,Myanmar (Burma),MM,60.794674,-110.121681
78,Providenci,Crooks,herta58@mante.info,16804385883,1939-02-02,female,http://mills.com,http://placeimg.com/640/480/people,7753 Howell Meadows,Bradford Loop,115,Mohrburgh,27799-0016,St. Lucia,LC,48.508776,132.545621
79,Chris,Langworth,dianna45@gmail.com,19418753826,1999-01-04,male,http://sporer.com,http://placeimg.com/640/480/people,8045 Jaskolski Corners Apt. 935,Jessyca Inlet,47086,East Madalinebury,19423,Botswana,BW,64.774522,122.308194
80,Amely,Nikolaus,gbergnaum@batz.info,14582375447,2013-09-30,female,http://moen.biz,http://placeimg.com/640/480/people,51593 Zieme Mill Suite 989,Oswald Mall,237,New Constantinburgh,41769,Guyana,GY,57.930918,-32.925544
81,Jovanny,Herman,ibailey@yahoo.com,15407300670,1960-12-06,male,http://braun.biz,http://placeimg.com/640/480/people,3899 Maiya Rest,Kieran Mill,18379,Eltonmouth,59713,Spain,ES,-1.730252,-81.689398
82,Gay,Carter,cstark@hotmail.com,16318565230,2022-11-16,male,http://cormier.com,http://placeimg.com/640/480/people,6255 Charley Springs Suite 337,Tatum Mountains,57620,Efrainton,30050,South Africa,ZA,-50.610088,-117.079509
83,Vilma,Hoeger,bruen.stacy@maggio.com,14126149211,1944-12-01,female,http://anderson.info,http://placeimg.com/640/480/people,3878 Clyde Port Suite 178,Ross Cliff,36711,Bogisichmouth,87628,Réunion,RE,-75.45924,155.196465
84,Kaitlin,Kutch,eduardo.treutel@jacobi.com,19865528027,2004-01-27,female,http://tromp.org,http://placeimg.com/640/480/people,866 Feil Pike Apt. 925,Effertz Rest,1936,Kenyonside,72037,Libya,LY,-46.720176,-121.820103
85,Adaline,Effertz,astrosin@kuvalis.com,15709168994,1963-03-03,female,http://dicki.com,http://placeimg.com/640/480/people,69295 Enid Trail,Jacobs Pines,53692,Ashlyside,07253,China,CN,58.113741,138.441677
86,Faye,Gulgowski,ikling@gmail.com,14698710464,2012-05-27,female,http://koepp.com,http://placeimg.com/640/480/people,61808 Larkin Isle Suite 198,Mayer Hill,7797,South Fritz,34672-0020,Burkina Faso,BF,24.171295,-159.495021
87,Micah,Beier,volkman.anne@batz.com,19412738252,2022-05-30,male,http://dicki.org,http://placeimg.com/640/480/people,294 O'Kon Cliff,Yasmin Brooks,845,East Teagan,86596,Serbia,RS,9.824913,-2.363431
88,April,Bartoletti,rogahn.loraine@yahoo.com,19598201572,1942-06-23,female,http://kuhlman.com,http://placeimg.com/640/480/people,232 Julio Overpass,Baron Club,414,New Krista,10598-0928,Uzbekistan,UZ,-28.221805,-15.513689
89,Ross,Howell,jackeline.mohr@kemmer.info,19123824957,1963-01-09,male,http://schaefer.com,http://placeimg.com/640/480/people,863 Schumm Squares Suite 141,Celine Bypass,57567,Port Santa,93087-6938,Iceland,IS,-52.158967,178.874297
90,Darryl,Swift,erdman.vicky@mohr.com,19798340503,1977-06-16,male,http://fay.com,http://placeimg.com/640/480/people,7810 Schneider Common Apt. 742,Nasir River,57214,Kathrynefurt,27174-0162,South Korea,KR,29.71971,89.606178
91,Lenna,Fadel,jaqueline.daniel@hotmail.com,17815008389,2019-10-02,female,http://reynolds.com,http://placeimg.com/640/480/people,50241 Wade Manors,Mazie Oval,162,New Beryl,01185-9719,Senegal,SN,9.739565,67.185103
92,Shanna,Turner,dayton19@haag.com,19292045759,1942-09-15,female,http://jaskolski.com,http://placeimg.com/640/480/people,649 Nienow View,Alejandrin Way,588,Port Nina,36301-9844,Western Sahara,EH,-78.196938,-60.226441
93,Abner,Farrell,janiya81@larson.com,16516324593,1986-01-16,male,http://casper.net,http://placeimg.com/640/480/people,80505 Talia Motorway,Mariano Forest,4611,Gregoriochester,19834,Norway,NO,75.413796,136.908999
94,Janae,King,grath@yahoo.com,19362064140,2020-09-29,female,http://adams.org,http://placeimg.com/640/480/people,35809 Anjali Well Suite 014,Kuhlman Ridges,276,Dickenshaven,70561-2631,Japan,JP,51.954951,104.138463
95,Genoveva,Botsford,eladio.mccullough@blick.com,15128142602,2002-05-30,female,http://lynch.com,http://placeimg.com/640/480/people,7630 Hudson Walks,Brook Forge,8336,Erwinshire,26219,Czechia,CZ,41.142116,-61.757493
96,Jovan,Krajcik,jade.shanahan@gmail.com,18013179239,1977-06-17,male,http://carroll.com,http://placeimg.com/640/480/people,2748 Peter Lane Suite 411,Kirlin Islands,47285,Hobartville,13185,Monaco,MC,-68.224383,30.652634
97,Johnathan,Lueilwitz,marta20@gmail.com,18637690704,1996-05-14,male,http://pagac.com,http://placeimg.com/640/480/people,3477 Eulalia Corner,Satterfield Burg,488,South Duane,27592,Singapore,SG,-7.181919,10.119594
98,Pierre,Price,bernhard.walter@huel.net,12157412506,1978-08-25,male,http://marvin.net,http://placeimg.com/640/480/people,2618 Dach Mill,Enoch Curve,17470,South Janiya,83415,Nigeria,NG,35.625968,-89.215468
99,Salma,Strosin,fmarvin@gmail.com,14696541346,1982-04-16,female,http://becker.com,http://placeimg.com/640/480/people,7808 Brekke Bypass,Schimmel Rapids,90251,Lake Pinkieside,69420,Jamaica,JM,-75.600881,69.561483
100,Thalia,Kreiger,clarissa.homenick@hotmail.com,15204744460,1943-07-16,female,http://roob.com,http://placeimg.com/640/480/people,6538 Hortense Burg Suite 388,Sandra Hills,76365,Wisozkview,63671,Maldives,MV,-69.727017,-106.644768
101,Armani,Aufderhar,medhurst.kailey@gmail.com,15632313087,1997-09-12,male,http://harvey.biz,http://placeimg.com/640/480/people,6680 Mills Ford,Ottis Parks,4327,New Amelialand,81888-1196,Congo - Kinshasa,CD,31.645333,-22.024937
102,Elouise,Walsh,bveum@yahoo.com,12315908792,2012-02-26,female,http://orn.com,http://placeimg.com/640/480/people,548 Breitenberg Via Suite 491,Shanahan Crossing,763,Gibsonton,03232-2696,Macao SAR China,MO,-40.199297,88.681975
103,Stefanie,Cummings,fhackett@gmail.com,19733516470,1949-03-09,female,http://ritchie.com,http://placeimg.com/640/480/people,94407 Dallas Street Suite 549,Trevor Centers,4448,Lyricport,32938,Morocco,MA,26.961169,-142.19963
104,Kathryn,Abernathy,grimes.lambert@homenick.com,13315366061,1953-08-08,female,http://schmitt.info,http://placeimg.com/640/480/people,780 Haag Mission,Jasper Land,761,Davisburgh,78007-4208,Cuba,CU,-56.978659,-5.892615
105,Angelo,Torphy,kayla63@hotmail.com,19035409857,1994-12-10,male,http://huels.org,http://placeimg.com/640/480/people,581 Elliot Light Apt. 677,Abbott Plaza,968,Cydneyborough,87707-9576,Côte d’Ivoire,CI,83.541724,-46.160827
106,Morton,Torp,kyra96@gmail.com,19306533900,2020-01-29,male,http://mayer.info,http://placeimg.com/640/480/people,8223 Layla Common,Halvorson Village,672,West Saraifurt,55060,St. Barthélemy,BL,49.34358,-157.806323
107,Dolores,Ondricka,joberbrunner@yahoo.com,17574312859,2011-08-30,female,http://goodwin.net,http://placeimg.com/640/480/people,481 O'Conner Garden Suite 388,Cole Rue,628,New Lylafort,38884,Russia,RU,-31.263707,35.445872
108,Urban,Tremblay,cartwright.rosella@hotmail.com,12407325150,1989-09-12,male,http://koss.net,http://placeimg.com/640/480/people,974 Lea Course,Crist Rest,1218,Lake Amparoside,18798-6628,Chile,CL,-37.316475,15.590975
109,Ashley,Gleichner,xfisher@yahoo.com,13512257745,1995-01-08,female,http://ryan.biz,http://placeimg.com/640/480/people,7592 McCullough Street,Chaya Green,80061,West Lilliana,91695-7385,Åland Islands,AX,9.516036,6.439815
110,Nikolas,Von,rodriguez.tad@crist.com,12167749517,1996-06-12,male,http://pollich.com,http://placeimg.com/640/480/people,336 Conroy Circles,Kshlerin Grove,630,Prosaccohaven,33531-1040,Pitcairn Islands,PN,-89.985438,127.233325
111,Vena,Kris,hbarrows@hotmail.com,14434384193,1942-12-31,female,http://romaguera.com,http://placeimg.com/640/480/people,174 Klocko Junction,Margaret Knolls,2921,Isaiasbury,65373-7621,Svalbard & Jan Mayen,SJ,32.075077,-3.827817
112,Germaine,Deckow,wconnelly@denesik.com,16202364276,1986-08-25,female,http://hudson.info,http://placeimg.com/640/480/people,21001 O'Connell Trail Apt. 792,Schmeler Park,723,South Keanuberg,92843-3544,Northern Mariana Islands,MP,-32.218795,107.152821
113,Janae,D'Amore,fwisozk@hotmail.com,19405686163,1958-11-04,female,http://roob.com,http://placeimg.com/640/480/people,70332 Aletha Spurs Suite 137,Rutherford Loop,27057,Walkerfurt,88587-7599,Mali,ML,-72.197017,66.75032
114,Aidan,Fritsch,kallie53@hotmail.com,14804858851,2016-03-23,male,http://willms.com,http://placeimg.com/640/480/people,3725 Kathleen Burgs Apt. 603,Fay Camp,252,Grantchester,63888-5418,Denmark,DK,39.480974,64.677685
115,Kaya,Gleason,adonis.auer@gmail.com,19862955350,2025-03-31,female,http://nikolaus.com,http://placeimg.com/640/480/people,910 Eden Bridge Suite 419,Fay Glen,86006,Devantetown,07621,Peru,PE,-83.086769,94.737376
116,Lisa,Yost,maximillia.parker@gusikowski.net,12062595173,2025-06-14,female,http://bayer.com,http://placeimg.com/640/480/people,425 Koepp Plains Suite 608,Seth Passage,610,East Joshuah,61326,Mauritania,MR,-26.71248,148.330157
117,Keely,Jakubowski,alda.zboncak@yahoo.com,15416574887,1972-05-03,female,http://baumbach.org,http://placeimg.com/640/480/people,45870 Moen Club,Bernard Landing,68109,Jaskolskitown,18189,Paraguay,PY,72.910378,-92.788023
118,Germaine,Turcotte,carroll.avis@cremin.com,16033545888,2017-06-02,female,http://glover.com,http://placeimg.com/640/480/people,47498 Jayce Stream,Garry Isle,71847,Mantemouth,86746,Vanuatu,VU,-22.265522,-146.975176
119,Abraham,Murazik,johnson.reagan@gmail.com,13056561525,2013-08-01,male,http://schinner.org,http://placeimg.com/640/480/people,54802 Rubie Radial Apt. 046,Kub Crossing,4275,East Carole,83381-1780,Dominican Republic,DO,-3.498903,44.660975
120,Elinor,Raynor,ashlynn.feest@yahoo.com,17437216956,1961-10-10,female,http://corkery.com,http://placeimg.com/640/480/people,15615 Glover Views Suite 993,Douglas Causeway,964,Prosaccostad,07913,Congo - Kinshasa,CD,77.159548,26.504349
121,Barney,Murphy,reynolds.jordy@yahoo.com,13463065551,1990-12-10,male,http://gislason.com,http://placeimg.com/640/480/people,3219 Stephania Meadows,Mattie Street,6522,Abshireshire,13780-8095,Guernsey,GG,-89.509976,67.546775
122,Arlie,Orn,hermiston.effie@hotmail.com,18327184746,1983-01-20,female,http://stark.com,http://placeimg.com/640/480/people,4713 Bradley Keys Apt. 138,Okuneva Lakes,90989,Mandyfurt,87515,Cook Islands,CK,-23.580745,62.137773
123,Serena,Hintz,pquigley@hotmail.com,17867848464,1987-05-07,female,http://murray.info,http://placeimg.com/640/480/people,60862 Marion Underpass,Renner Islands,8946,New Cody,04776,Bhutan,BT,-55.038349,-57.392277
124,Darrell,Abbott,enrico.heathcote@oconnell.com,16297754172,2023-02-11,male,http://ryan.biz,http://placeimg.com/640/480/people,7727 Bauch Ridges Suite 372,Murl Springs,4302,Pacochafurt,45480-6183,Comoros,KM,80.975538,-72.532234
125,Emerson,Ward,fmurphy@gmail.com,17578881492,1993-01-14,male,http://swift.org,http://placeimg.com/640/480/people,2065 Rowe Brook Apt. 386,Beer Ranch,171,West Brayan,33680,Egypt,EG,-68.763725,79.140864
126,Mattie,Muller,martin.keebler@bartell.info,14797972205,1960-10-16,female,http://lockman.biz,http://placeimg.com/640/480/people,413 Ziemann Hill Apt. 595,Bud Stravenue,196,New Monastad,87615,Malaysia,MY,-14.7993,152.520602
127,Sterling,Cummerata,sandrine.schaefer@yahoo.com,17015474819,2013-01-19,male,http://altenwerth.com,http://placeimg.com/640/480/people,5893 Mills Junctions,Friesen Streets,3347,Tiffanyhaven,68191,Solomon Islands,SB,45.818622,53.218904
128,Lina,Wisoky,kerluke.kraig@bailey.com,18057983614,1949-08-07,female,http://kuhlman.com,http://placeimg.com/640/480/people,84320 Pat Meadow,Stiedemann Glens,668,North Naomi,62938,Liechtenstein,LI,11.441312,132.578193
129,Duane,Collier,mledner@yahoo.com,16612308363,1969-06-12,female,http://jacobson.info,http://placeimg.com/640/480/people,5993 Elian Prairie,McLaughlin Camp,2130,South Breanne,70352-9817,Taiwan,TW,-14.779608,92.664418
130,Selina,Schinner,tabernathy@hotmail.com,14345052949,1974-04-15,female,http://bradtke.biz,http://placeimg.com/640/480/people,28501 Hartmann Wells Suite 825,Renner Island,9986,East Vinceport,55551,Uruguay,UY,58.181803,51.40325
131,Isabel,Stroman,nitzsche.pasquale@hotmail.com,12315130697,1992-12-16,female,http://rippin.com,http://placeimg.com/640/480/people,79808 O'Hara Port,Dylan Mission,97376,Shanahanview,58638-0093,Bermuda,BM,1.295967,-35.19347
132,Westley,Vandervort,jkuhlman@hotmail.com,18632717543,1999-11-26,male,http://schmitt.com,http://placeimg.com/640/480/people,77286 Gislason Shoals,Napoleon Glen,5063,Tombury,56926,Norway,NO,64.972571,-145.498375
133,Katrina,Prohaska,smaggio@bechtelar.net,18563389131,1998-01-21,female,http://lueilwitz.com,http://placeimg.com/640/480/people,454 Lorine Mall Apt. 875,Weber Spring,79155,Gerlachmouth,23065-1050,Dominica,DM,-25.078785,-72.785109
134,Jadyn,Schultz,delpha38@gmail.com,15406963623,1969-08-01,female,http://gorczany.com,http://placeimg.com/640/480/people,61108 Larkin Crescent,Vida Cliff,9647,Huelfurt,67427,Bangladesh,BD,16.940539,82.347917
135,Nella,Stracke,eloise11@lebsack.net,16462592352,1989-08-25,female,http://hilpert.com,http://placeimg.com/640/480/people,566 Mable Gateway Apt. 116,Corkery Trail,900,East Darronfort,37711-8483,South Sudan,SS,-26.627109,121.030296
136,Juliana,Berge,satterfield.jaydon@johnston.com,15519566156,2023-09-30,female,http://champlin.com,http://placeimg.com/640/480/people,410 Lynch Wall Suite 328,Lesch Loaf,802,Kaceyshire,86524,Maldives,MV,66.829921,-55.50178
137,Cielo,Wiegand,hegmann.heloise@yahoo.com,19152168542,1951-10-11,male,http://schinner.com,http://placeimg.com/640/480/people,914 Littel Point,Stanton Row,1325,Howardborough,05255-7514,Portugal,PT,-61.882437,18.429246
138,Cody,Friesen,brianne.renner@howell.net,19526299880,2016-03-04,male,http://lang.biz,http://placeimg.com/640/480/people,6499 Aaron Radial,Virginie Key,92080,West Conorport,98652,Venezuela,VE,44.579002,-60.656939
139,Ernie,Smith,okeefe.kenny@erdman.com,14799552350,1997-11-10,male,http://rogahn.biz,http://placeimg.com/640/480/people,327 Wolf Turnpike,Rosemarie Village,33461,Lake Sylvester,54076,Madagascar,MG,-3.762219,158.599614
140,Drew,Oberbrunner,bailee78@volkman.net,14239283262,1994-04-16,female,http://robel.biz,http://placeimg.com/640/480/people,87342 Lueilwitz Underpass,Ethel Shores,5760,Jacquelyntown,05358,Tonga,TO,50.730723,-100.699203
141,Carolyn,Trantow,lubowitz.noel@hotmail.com,19543549905,1963-10-25,female,http://hauck.net,http://placeimg.com/640/480/people,44283 Moen Stream,Nitzsche Summit,22786,South Fridaland,42318,Slovenia,SI,-21.291533,-153.827684
142,Jessika,Wisozk,aschoen@feil.com,19365842744,1962-12-21,female,http://trantow.com,http://placeimg.com/640/480/people,655 Trevor Stravenue,Murazik Tunnel,45600,Batzton,12851-1533,Turks & Caicos Islands,TC,27.405646,11.750498
143,Immanuel,Ankunding,predovic.carmela@lynch.net,15869455660,1945-04-30,male,http://kiehn.com,http://placeimg.com/640/480/people,2129 Bethany Island Suite 814,Rhea Turnpike,60967,New Shanny,73038-4507,Sri Lanka,LK,6.282652,4.686586
144,Amya,McCullough,quigley.savanna@hotmail.com,17275249267,1956-09-05,female,http://ryan.com,http://placeimg.com/640/480/people,13364 Allie Corner Suite 265,Connor Loaf,68682,Bogisichland,99542,South Sudan,SS,-44.491549,-8.599188
145,Ricardo,Smitham,joy.kulas@gmail.com,12129585345,1992-07-03,male,http://wolff.com,http://placeimg.com/640/480/people,7487 Grady Passage,Hayes Islands,83254,Frederiqueburgh,83874-9269,Finland,FI,-77.545017,-60.177153
146,Earlene,Daugherty,fritsch.lambert@gmail.com,18188655434,1990-01-19,female,http://lehner.org,http://placeimg.com/640/480/people,8670 Beaulah Bridge Apt. 041,Rowe Pike,41671,Turcotteland,30589,Niger,NE,-75.04408,108.524092
147,Reva,Davis,nnicolas@hotmail.com,16818732414,1997-03-10,female,http://hudson.com,http://placeimg.com/640/480/people,401 Kris Harbor Suite 017,Mustafa Coves,91321,Cartwrightfort,66319-1045,Russia,RU,23.90022,41.112205
148,Shawn,Wisozk,jmitchell@renner.com,16789767876,2006-11-25,male,http://fay.com,http://placeimg.com/640/480/people,15094 Earl Station Apt. 613,Elva Pine,89101,Port Aliceport,13170,Sint Maarten,SX,43.048245,-90.335563
149,Misael,Hansen,frederick64@nikolaus.net,12628627660,2016-09-20,male,http://heaney.com,http://placeimg.com/640/480/people,640 Vernice Mountains Apt. 694,McCullough Island,543,Port Rafaela,26355-7594,North Korea,KP,27.764977,118.025285
150,Richie,Bechtelar,slemke@gmail.com,15597142301,1981-05-09,male,http://muller.net,http://placeimg.com/640/480/people,199 Beatty Centers,Pagac Harbors,906,Hanstown,49347,South Korea,KR,20.970982,-124.300271
151,Francis,Erdman,byost@langosh.com,14046305121,2024-01-23,male,http://lind.com,http://placeimg.com/640/480/people,131 Jacinthe Glen,Blanda Spring,2558,Johnsfort,23515,Cocos (Keeling) Islands,CC,74.034767,9.388243
152,Mylene,Gislason,durgan.maybelle@crist.org,15318204700,1964-05-01,female,http://baumbach.com,http://placeimg.com/640/480/people,1624 Patrick Place,Witting Fork,264,Claudestad,42664-7092,Singapore,SG,73.11744,166.206165
153,Frieda,Hoeger,wreilly@yahoo.com,12406265952,1995-02-22,female,http://spinka.com,http://placeimg.com/640/480/people,7942 Adams Loaf,Doyle Ville,944,Tamarabury,59965,Turks & Caicos Islands,TC,-76.083927,65.272013
154,Brandt,Thiel,gregory09@oreilly.com,19417934939,1976-06-08,male,http://hilpert.info,http://placeimg.com/640/480/people,7923 Cronin Key,Devon Springs,105,New Nestor,26052,Mongolia,MN,-69.85875,15.333998
155,Vivian,Swaniawski,ferry.jayson@yahoo.com,17147790983,1988-06-16,female,http://corwin.com,http://placeimg.com/640/480/people,591 King Locks Suite 713,Leannon Coves,458,South Dock,01506,Aruba,AW,-24.559418,-17.957097
156,Rod,Dietrich,jimmie98@hegmann.biz,13037565591,1997-01-21,male,http://denesik.net,http://placeimg.com/640/480/people,263 Margie Estates Suite 994,Koss Forks,23026,Muellerchester,40555,Hungary,HU,20.327323,-147.71384
157,Adell,Blanda,dee94@kuphal.com,17325121859,1995-10-29,female,http://mcclure.info,http://placeimg.com/640/480/people,162 Carroll Lodge Apt. 603,Jerde Neck,74707,Robertostad,09906-7813,North Korea,KP,51.072035,33.385098
158,Chaya,Muller,kelli.jacobs@bergnaum.info,17034481630,2000-12-29,female,http://jacobson.org,http://placeimg.com/640/480/people,99477 Seamus Crest,Fisher Vista,5354,Gersonberg,73926-9729,Wallis & Futuna,WF,59.445655,62.677719
159,Beryl,Emard,quitzon.glenna@mclaughlin.com,12678037617,1971-02-17,female,http://upton.com,http://placeimg.com/640/480/people,593 Simonis Branch,Ignatius Prairie,83053,Jackieton,23652-7105,Cuba,CU,48.713212,13.268753
160,Irving,Von,chelsie07@hotmail.com,15396739448,2001-11-19,male,http://mills.com,http://placeimg.com/640/480/people,10365 Schmidt Shore,Alisha Stream,690,Lottiemouth,58065,Malta,MT,76.681588,92.758705
161,Adrian,Lockman,daugherty.hilario@yahoo.com,19183849627,1960-05-21,male,http://deckow.org,http://placeimg.com/640/480/people,4031 Krajcik Prairie Suite 983,Hintz Walks,1083,North Elaina,33396,Seychelles,SC,-82.205349,147.566206
162,Emile,Kris,myrna.kemmer@gmail.com,14589034910,2002-10-20,male,http://stiedemann.org,http://placeimg.com/640/480/people,7575 Gillian Village Suite 262,Marcella Center,465,Guadalupeside,98059-5699,Russia,RU,42.93625,141.043341
163,Serena,Hills,dubuque.marisa@schuppe.com,17349763360,1990-02-07,female,http://hahn.com,http://placeimg.com/640/480/people,508 Garfield Landing Apt. 775,Mills Street,22611,Emmanuellebury,37153-7074,Malaysia,MY,69.871569,175.052128
164,Michelle,Reichel,cornelius.langosh@weimann.com,14252010594,2014-09-20,female,http://emmerich.com,http://placeimg.com/640/480/people,222 Stark Haven,Klein Springs,933,Sabinamouth,81101,Israel,IL,-17.04062,9.043698
165,Augustine,Jacobson,swift.aryanna@damore.info,13193668680,1945-11-02,female,http://smith.com,http://placeimg.com/640/480/people,637 Modesta Meadows Suite 400,Gusikowski Burg,2152,West Tanyaberg,76106,St. Barthélemy,BL,-57.870724,-102.372366
166,Jacques,Bahringer,gutkowski.major@gmail.com,17403504261,2004-08-25,male,http://vonrueden.com,http://placeimg.com/640/480/people,465 Derick Corner Apt. 934,Welch Tunnel,44352,Port Tyrese,67136,Bermuda,BM,87.84915,-70.475684
167,Sim,Lubowitz,gaston.gusikowski@hotmail.com,14793636227,1988-05-20,male,http://reichert.com,http://placeimg.com/640/480/people,97378 Reina Trail,Allene Vista,8704,South Antone,22026-3798,Curaçao,CW,-9.009018,69.631186
168,Pat,Monahan,zelda.eichmann@wintheiser.com,14425684800,1997-08-29,female,http://fahey.org,http://placeimg.com/640/480/people,6281 Schuster Summit,Kim Isle,4956,Liamview,91334-5624,Aruba,AW,-72.57665,166.68797
169,Gust,Sauer,arnulfo84@stamm.com,13239230678,2007-08-23,male,http://schoen.com,http://placeimg.com/640/480/people,75110 Stoltenberg Ridges,Rosalinda Port,77187,North Daniellashire,53530,Mozambique,MZ,-29.474482,172.39198
170,Vladimir,Stamm,oswald25@hotmail.com,13368696968,2009-08-08,male,http://rutherford.biz,http://placeimg.com/640/480/people,35994 Dave Keys Apt. 362,Nader Parkway,79426,Oberbrunnershire,56527-6332,Djibouti,DJ,-15.789475,139.080909
171,Horacio,Reichel,derek.gerlach@damore.com,18059596843,2003-07-19,male,http://hayes.com,http://placeimg.com/640/480/people,28591 Cormier Corners Apt. 669,Ziemann Point,4635,Leathatown,22531-6989,Côte d’Ivoire,CI,-7.495413,-100.326604
172,Landen,Kessler,garrick64@yahoo.com,14403146181,1969-09-08,male,http://halvorson.com,http://placeimg.com/640/480/people,39984 Fredy Path Suite 754,Harber Crest,29407,North Krystal,73515-4447,Brunei,BN,1.491111,163.7727
173,Samara,Weimann,clara82@lehner.net,15415511586,2004-03-27,female,http://mayer.net,http://placeimg.com/640/480/people,3562 Gulgowski Causeway Apt. 718,Predovic Fields,84913,Lake Karolannview,50715,Philippines,PH,68.344342,-48.037553
174,Kiley,Quigley,glover.raheem@gmail.com,15418474015,1982-05-16,male,http://pouros.net,http://placeimg.com/640/480/people,637 Lynch Groves Apt. 473,Name Ramp,341,New Kamrynside,41892-9936,St. Martin,MF,48.876575,50.719096
175,Jerome,Bechtelar,richie36@beatty.com,17279011426,2008-05-08,male,http://barton.com,http://placeimg.com/640/480/people,28171 Oleta Shores,Parker Cliffs,903,Jeanneton,85634,Chad,TD,-70.88699,-105.85111
176,Wilburn,Runolfsdottir,morar.alfreda@reilly.info,17735745564,1956-02-12,male,http://flatley.com,http://placeimg.com/640/480/people,505 Bonita Estate,Dickens Plaza,5259,Faheyville,45971-3053,Italy,IT,-53.32425,-130.347347
177,Horacio,Hyatt,corbin.veum@hotmail.com,14634441476,1997-10-29,male,http://senger.info,http://placeimg.com/640/480/people,4770 Alberto Oval Apt. 725,Jarvis Ways,26914,New Sheila,56235-6710,Martinique,MQ,-62.145645,-94.112213
178,Laurianne,Sipes,deckow.brown@douglas.com,13512787825,2015-04-25,female,http://hand.org,http://placeimg.com/640/480/people,9036 Velda Union Apt. 830,Batz Viaduct,4154,Pinkton,00850,Syria,SY,89.391705,-147.145049
179,Dayton,Paucek,krystel46@yahoo.com,13197315166,2002-10-04,male,http://mccullough.com,http://placeimg.com/640/480/people,48979 Mayert Plains,Altenwerth Way,4719,Port Conor,83457,Niue,NU,-17.910539,40.927681
180,Alayna,Nitzsche,keira30@gmail.com,14845234725,1968-03-19,female,http://schmidt.com,http://placeimg.com/640/480/people,97345 Harber Plains,Jones Corners,66317,Davonteton,01945-3623,Tanzania,TZ,-41.9428,-159.467301
181,Ashleigh,Kreiger,glover.santina@upton.com,12675823693,1986-01-15,female,http://mclaughlin.com,http://placeimg.com/640/480/people,22465 Wuckert Corner,Stanton Spur,555,Krajcikstad,05601,Anguilla,AI,-65.855661,-129.084899
182,Rosalyn,Buckridge,sonny.pacocha@kutch.com,19805481108,1944-11-23,female,http://prosacco.com,http://placeimg.com/640/480/people,3495 Serenity Glens,Ward Locks,931,Mayertchester,37635-7322,Guyana,GY,-73.462592,-119.301474
183,Talon,Kautzer,wspinka@hotmail.com,15394183618,2013-10-11,male,http://jenkins.com,http://placeimg.com/640/480/people,949 Garth Village,Crist Island,478,Bessiehaven,78162-5328,Serbia,RS,-85.288689,149.149167
184,Cortez,Carroll,rosamond98@ankunding.com,17602827962,1962-12-01,male,http://funk.info,http://placeimg.com/640/480/people,28101 Fatima Creek,Marcia Ridge,6722,North Elmerview,17504-9401,Laos,LA,20.816163,79.84133
185,Elijah,Connelly,lilliana.sipes@gmail.com,14692678000,2017-08-16,male,http://kuvalis.com,http://placeimg.com/640/480/people,196 Filiberto Brooks Apt. 176,Sedrick Parks,208,West Mayra,40726-6658,South Sudan,SS,59.193879,-132.935264
186,Christiana,Sporer,rico37@zemlak.com,16623485213,1948-01-30,female,http://heidenreich.com,http://placeimg.com/640/480/people,1914 Hilma Loop,Jenifer Mountain,213,South Dee,42147-3880,Morocco,MA,-65.175009,-41.717923
187,Josie,Kuhlman,okeefe.charlotte@beer.com,16514704765,2006-01-05,female,http://franecki.com,http://placeimg.com/640/480/people,57894 Christian Hills,Rogahn Highway,551,Millerville,57515-4564,Eritrea,ER,55.867735,72.084439
188,Dortha,Pacocha,ohomenick@hotmail.com,18479359591,1953-06-27,female,http://morar.com,http://placeimg.com/640/480/people,26303 Stanton Roads Apt. 383,Strosin Valley,836,New Forrest,07438,Timor-Leste,TL,78.616175,-178.275314
189,Marisol,Bruen,danika20@hotmail.com,17277429611,2024-05-01,female,http://greenfelder.com,http://placeimg.com/640/480/people,14294 Pfannerstill Road Apt. 821,Wuckert Green,500,North Koby,70722,Norway,NO,-56.945734,61.97656
190,Jarrell,Ritchie,marquise.langosh@heathcote.com,15514343611,2019-02-25,male,http://kutch.info,http://placeimg.com/640/480/people,5322 Franecki Way,Wilderman Mission,94634,South Reynold,68380-7681,Wallis & Futuna,WF,-33.670876,-40.153535
191,Elza,Kunze,viola.rosenbaum@hamill.com,15513977541,1946-05-24,female,http://schowalter.com,http://placeimg.com/640/480/people,38222 Jay Harbor Suite 426,April Spring,2519,Satterfieldchester,04839-6552,Venezuela,VE,-78.421243,3.656108
192,Prince,Schinner,eleazar.dickinson@hotmail.com,18187040323,1987-10-20,male,http://white.biz,http://placeimg.com/640/480/people,301 Lavinia Underpass Suite 100,O'Reilly Lake,8462,East Micah,39923-6532,Finland,FI,67.095066,135.526824
193,Yadira,Hauck,alfredo.turcotte@walsh.com,19852348091,2023-06-12,female,http://green.net,http://placeimg.com/640/480/people,52399 Camila Plains,Kassulke Road,869,South Santos,33608,Niue,NU,45.527032,145.732367
194,Lee,Ziemann,monserrate20@yahoo.com,19856747115,1955-01-21,male,http://leannon.biz,http://placeimg.com/640/480/people,85169 Prohaska Knoll Suite 467,Morissette Street,291,Tremblayton,22729-6194,Sierra Leone,SL,27.706391,-73.652918
195,Ludwig,Kris,bradley05@mclaughlin.com,19209265786,2022-03-26,male,http://rau.net,http://placeimg.com/640/480/people,908 Cummerata Tunnel,Julien Path,3733,West Yvonneton,90904,Cuba,CU,66.810743,-177.350808
196,Manley,Steuber,cabbott@gmail.com,15632231726,2004-11-16,male,http://kirlin.info,http://placeimg.com/640/480/people,1848 Medhurst Stravenue Apt. 254,Hermann Green,191,Port Boydshire,57361-2434,Malta,MT,-2.000189,131.70569
197,Pascale,Waters,euna11@hyatt.info,13167973327,1979-02-14,female,http://pagac.org,http://placeimg.com/640/480/people,735 Jacobs Trace Suite 562,Jennings Forest,3817,Port Loyalview,81204,Sri Lanka,LK,-47.949899,73.364628
198,Tyrell,Stiedemann,ohudson@simonis.com,18587268353,2004-11-16,male,http://leannon.biz,http://placeimg.com/640/480/people,235 Adaline Union,Olin Plaza,448,Kubchester,89039-6952,French Guiana,GF,-50.641557,-63.887488
199,Obie,Legros,kasey.bode@grant.net,15343160404,1992-10-21,male,http://goyette.info,http://placeimg.com/640/480/people,44393 Everett Pine Suite 791,Laney Junction,42973,Schadenborough,04399-4859,Cuba,CU,-60.628777,-29.105953
200,Clement,Homenick,dbrekke@murphy.com,14636542638,2014-04-03,male,http://gibson.biz,http://placeimg.com/640/480/people,8287 D'Amore Square,Schulist Summit,2562,Lake Benedict,88620-6988,Hong Kong SAR China,HK,-87.874688,-41.019714
201,Oma,Parisian,tharber@hotmail.com,12835041785,1982-11-11,female,http://bashirian.net,http://placeimg.com/640/480/people,25280 Neva Canyon Suite 260,Nitzsche Mountains,25616,Port Leopoldo,22631,Congo - Brazzaville,CG,62.957234,11.894361
202,Brook,Eichmann,stokes.juvenal@towne.net,12397922152,1944-04-04,male,http://gleichner.org,http://placeimg.com/640/480/people,64829 Devin Junctions Apt. 922,Autumn Circles,3809,East Nicolamouth,40197,El Salvador,SV,48.090838,-120.077114
203,Aliza,Rolfson,corene43@hotmail.com,16237552189,2023-03-22,female,http://moore.com,http://placeimg.com/640/480/people,9220 Romaguera Trail,Solon Estates,8717,New Jackelineshire,87465,Western Sahara,EH,4.153621,-42.087846
204,Bonita,Crona,loma87@hotmail.com,15023103294,1953-08-08,female,http://wilderman.org,http://placeimg.com/640/480/people,72369 Dario Fort Apt. 888,Hailie Crossroad,207,New Martinberg,32087-4789,Montserrat,MS,57.992046,-119.710187
205,Magnus,Grant,hyatt.bernie@lesch.com,14245101997,1980-12-20,male,http://rosenbaum.org,http://placeimg.com/640/480/people,4920 Brenna Shore,Minnie Glen,219,Patmouth,42393,Ecuador,EC,86.113854,-138.069449
206,Eve,Miller,tevin07@hotmail.com,15613813432,2002-07-06,female,http://effertz.com,http://placeimg.com/640/480/people,405 Vickie River Suite 825,Priscilla Union,88899,Destineyfort,30320,Yemen,YE,61.088428,-57.110743
207,Damian,Gutmann,yessenia.hill@hotmail.com,18209743363,1983-02-21,male,http://stracke.com,http://placeimg.com/640/480/people,928 Schoen Shoals Suite 615,Bailey Brook,740,Velvaport,72908-2824,Romania,RO,33.841579,150.820463
208,Jacques,Crona,ernest05@torp.biz,12399580759,1982-02-13,male,http://volkman.net,http://placeimg.com/640/480/people,86016 Beatty Bypass,Megane Court,6887,Lake Sandrine,74305,Svalbard & Jan Mayen,SJ,-11.263048,-127.06498
209,Laurie,O'Kon,ogreenholt@wisoky.org,15025889155,2014-07-21,female,http://spencer.com,http://placeimg.com/640/480/people,46480 Adrain Isle,Salvador Pines,302,North Ottisbury,70111-9333,Somalia,SO,-33.959889,-177.971606
210,Justus,McDermott,sandra69@gmail.com,14053976272,2005-05-16,male,http://feest.com,http://placeimg.com/640/480/people,368 Spinka Bridge Apt. 611,Pat Ville,915,North Samanthabury,13095-6926,Eswatini,SZ,2.919485,15.749102
211,Davon,Howell,anne00@hotmail.com,14587804493,2026-03-09,male,http://upton.com,http://placeimg.com/640/480/people,9651 Elton Crescent Suite 318,Leannon Courts,34821,Laneshire,81166-4191,Sweden,SE,39.387168,-65.545814
212,Ewell,Sauer,nolan.darron@hotmail.com,19479235364,1992-05-01,male,http://wisozk.com,http://placeimg.com/640/480/people,859 Anissa Overpass Apt. 224,Quinten Summit,83523,New Concepcion,99338-7909,Iceland,IS,-64.510023,-30.777673
213,Deven,Langosh,bartoletti.johnnie@gusikowski.com,13254038384,1977-07-23,male,http://connelly.com,http://placeimg.com/640/480/people,533 Bertha Glens Suite 793,Mraz Center,4969,South Roxanneview,66404-1221,Isle of Man,IM,49.694302,96.887646
214,Marian,Padberg,kutch.dianna@hotmail.com,14785847262,1985-01-26,female,http://cartwright.info,http://placeimg.com/640/480/people,702 Evans Underpass Suite 726,Klocko Mountains,932,Murphyville,65178,American Samoa,AS,-87.053316,62.060954
215,Shaniya,Connelly,qratke@eichmann.com,15012638217,1943-04-09,female,http://dach.com,http://placeimg.com/640/480/people,915 Tito Fork,Grady Glen,30356,North Alysa,78552-3438,Ecuador,EC,64.347516,-171.606221
216,Kathryn,Howe,gertrude30@hotmail.com,12832385923,1959-04-03,female,http://cruickshank.com,http://placeimg.com/640/480/people,62214 Berge Fork,Kirlin Street,7813,Enolabury,72841-5595,Laos,LA,69.093708,160.492887
217,Alana,Koch,sanford.salvatore@schulist.com,12677299168,2023-07-14,female,http://pollich.biz,http://placeimg.com/640/480/people,71173 Metz Ford Suite 184,Hildegard Hills,5989,Starkport,20643,Namibia,NA,21.75095,59.377486
218,Keanu,Yost,verda.rippin@gmail.com,14423926249,2024-11-25,male,http://wisozk.com,http://placeimg.com/640/480/people,8333 Kenna Mount Apt. 073,Runte Mission,33749,Lake Hector,00070,Macao SAR China,MO,-28.553382,-159.007528
219,Eloise,Flatley,lowe.iliana@osinski.com,14807233375,2000-10-01,female,http://cormier.biz,http://placeimg.com/640/480/people,432 Annetta Ville,Schoen Row,9808,Port Luciennetown,80826-4621,Guam,GU,48.625735,-38.017291
220,Alvina,Wilkinson,simonis.idella@kulas.com,18122772094,1968-02-08,female,http://rolfson.info,http://placeimg.com/640/480/people,65448 Heaney Stravenue Apt. 347,Eloy Corner,432,Cartwrightberg,33967-3041,Armenia,AM,-48.11245,-5.055501
221,Dillon,Feest,cyundt@reichert.com,12297011571,1986-02-02,male,http://koch.info,http://placeimg.com/640/480/people,4228 Jesus Groves Apt. 279,Okuneva Viaduct,50477,Daphneview,01661,Romania,RO,45.394804,-55.629851
222,Stewart,Corwin,keeling.mallory@baumbach.com,13078960473,1963-10-24,male,http://mante.net,http://placeimg.com/640/480/people,85037 Kuhic Plain Suite 247,Harold Fall,5535,South Martinaton,52826,Congo - Brazzaville,CG,28.093794,178.300926
223,Merle,Daniel,block.justina@yahoo.com,16783960078,1985-05-17,male,http://ebert.com,http://placeimg.com/640/480/people,203 Angelita Parkways Apt. 842,Kenyatta Lakes,6999,Schowalterberg,77182,New Caledonia,NC,-4.167938,-76.068202
224,Ciara,Rippin,zaria.koch@hotmail.com,13803724752,1995-09-11,female,http://vandervort.info,http://placeimg.com/640/480/people,13985 Kuvalis Extensions Apt. 084,Jarvis Ferry,550,Schillerberg,53142-8106,Antigua & Barbuda,AG,9.577796,-41.718256
225,Alyson,Ward,deshawn.cruickshank@yahoo.com,16788877679,1990-11-04,female,http://okeefe.com,http://placeimg.com/640/480/people,86998 Deven Points Apt. 245,Stefan Ridge,352,Lake Brannonchester,11378-3965,Ukraine,UA,-70.176402,-116.8548
226,Kirsten,Satterfield,unique37@yahoo.com,17794563049,1991-05-02,female,http://mcglynn.com,http://placeimg.com/640/480/people,8514 Altenwerth Circles Suite 693,Kennedi Squares,6062,Lake Sterlingport,09458,Portugal,PT,-31.353318,157.032333
227,Arno,Schuppe,jaunita06@orn.net,14587680436,1991-03-31,male,http://thompson.com,http://placeimg.com/640/480/people,209 Tamia Shores,Rau Plaza,612,Lake Einar,70792-8024,Israel,IL,79.127877,69.748445
228,Jaleel,Davis,rwitting@gmail.com,12163088373,1943-06-03,male,http://weber.com,http://placeimg.com/640/480/people,694 Wayne Valleys Apt. 038,Uriel Mountain,280,Altenwerthport,56645-2543,Estonia,EE,63.929885,178.247124
229,Hildegard,Baumbach,jordy.kessler@gmail.com,13863586824,1966-06-02,female,http://pfeffer.org,http://placeimg.com/640/480/people,81700 Sincere Station,Beau Circle,150,Evabury,73535-4799,Central African Republic,CF,89.80296,78.736344
230,Sim,Prohaska,hwelch@gmail.com,13617912323,1966-11-10,male,http://fisher.com,http://placeimg.com/640/480/people,166 Alyce Drive Suite 211,Leonard Roads,82925,Altheaberg,14762,Estonia,EE,-45.438929,25.294875
231,Maye,Schuppe,felipa.leuschke@yahoo.com,13018816991,1982-12-22,female,http://botsford.com,http://placeimg.com/640/480/people,2723 Halie Springs Suite 252,Velda Pike,64121,New Jedton,56630-9049,Eritrea,ER,44.974173,0.968256
232,Lottie,Kub,natasha85@mills.net,18288974145,2005-10-21,female,http://bernier.org,http://placeimg.com/640/480/people,7159 Damaris Burgs,Daron Shore,429,Goldenshire,40687,Christmas Island,CX,-50.177419,-139.634039
233,Linnea,Kuvalis,hills.alexandro@bechtelar.com,19802865787,1995-12-11,female,http://stamm.com,http://placeimg.com/640/480/people,24435 Helene Roads Apt. 854,Vida Locks,5450,South Derickmouth,35448-4485,Cocos (Keeling) Islands,CC,-27.051305,-167.86964
234,Joey,Toy,gkoss@lind.com,17322158800,1959-09-30,male,http://okon.com,http://placeimg.com/640/480/people,98437 Raymundo Flats Suite 117,Sandy Loop,1554,Sengerville,54426,Benin,BJ,3.284511,-102.678016
235,Houston,Gusikowski,brooklyn53@yahoo.com,12672931543,1941-10-14,male,http://osinski.com,http://placeimg.com/640/480/people,8079 Rodriguez Estate,Runte Ranch,572,Mossieberg,05159-2837,Burundi,BI,44.921201,-31.622478
236,Leonie,Murazik,jannie38@hotmail.com,14794460513,1977-09-02,female,http://block.biz,http://placeimg.com/640/480/people,6082 Darrel Freeway Apt. 688,Eleonore Loaf,5315,Kenyonfurt,79746,Bahrain,BH,25.354729,88.550589
237,Deshawn,Wolff,vhamill@swift.com,16519433740,1963-06-13,male,http://raynor.net,http://placeimg.com/640/480/people,4603 Rosenbaum Loop,Jerrell Club,985,Frankieshire,00518-9386,Central African Republic,CF,-29.333174,81.140508
238,Rebecca,Blanda,jayson.gusikowski@gmail.com,15125832373,1972-02-29,female,http://satterfield.biz,http://placeimg.com/640/480/people,171 Pollich Points Suite 677,Parker Way,1298,Stokesborough,85328,Sint Maarten,SX,15.867292,147.847177
239,Lionel,McLaughlin,maiya72@gmail.com,13418413769,1962-12-22,male,http://dickinson.com,http://placeimg.com/640/480/people,7673 Lionel Rapids Suite 471,Brown Shore,69758,South Christelleville,49036,Cameroon,CM,62.86515,-36.715072
240,Jedediah,Haley,lucy.kovacek@ondricka.com,18022427222,1954-08-05,male,http://oconnell.com,http://placeimg.com/640/480/people,166 Flatley Well Apt. 836,Rosendo Ranch,6713,Micheleland,93963,Tanzania,TZ,34.203913,-128.660336
241,Camila,Balistreri,stefan48@gmail.com,13853665316,1982-05-26,female,http://daugherty.com,http://placeimg.com/640/480/people,257 Hahn Greens,Rodriguez Station,99740,West Kobe,77298,Guatemala,GT,-86.026295,-37.181647
242,Lexus,White,jettie57@hotmail.com,17577828509,1945-02-11,male,http://kulas.com,http://placeimg.com/640/480/people,63069 Murazik Meadows,Morissette Spring,405,Port Dellchester,01678,Oman,OM,63.389823,2.638853
243,Courtney,Goldner,hester.lakin@hotmail.com,12017169650,1938-10-15,female,http://schneider.org,http://placeimg.com/640/480/people,170 Parker Motorway Suite 007,Muller Cove,363,Jaleelberg,11537-9390,Lithuania,LT,-11.949024,67.434164
244,Tomasa,Sipes,heller.dovie@gmail.com,17082435450,1998-12-22,female,http://tromp.info,http://placeimg.com/640/480/people,87484 Gay Estate Apt. 918,Ortiz Orchard,610,Homenickshire,08827-9827,United Kingdom,GB,4.473753,104.553466
245,Brooks,Blanda,mcclure.alena@hotmail.com,15613051744,1999-12-06,male,http://crist.info,http://placeimg.com/640/480/people,370 Roel Ramp,Rahul Manor,97255,Reggieland,03465,Svalbard & Jan Mayen,SJ,12.859944,112.532731
246,Tamia,Johnston,shakira.aufderhar@gmail.com,13135999536,1983-02-12,female,http://barrows.com,http://placeimg.com/640/480/people,55206 Danika Island Suite 209,VonRueden Common,41873,Toyton,86979,Honduras,HN,43.277981,-155.310652
247,Noemi,Breitenberg,toy.emmett@yahoo.com,13806164844,1972-02-25,female,http://hartmann.com,http://placeimg.com/640/480/people,55256 Treutel Stream,McCullough Lakes,590,Starkfort,66663,Venezuela,VE,-56.673796,-122.531078
248,Alene,Dach,tschimmel@zboncak.net,13512409226,2013-12-09,female,http://dubuque.biz,http://placeimg.com/640/480/people,4991 Elza Trail,Clarissa Gateway,9304,Mayertville,98902,Lithuania,LT,47.36587,69.626749
249,Liliane,Cole,hailee92@yahoo.com,14632330599,1982-04-15,female,http://crist.net,http://placeimg.com/640/480/people,334 Rogahn Gateway Suite 410,Paucek Squares,656,Parisiantown,36558-8093,Egypt,EG,38.625318,104.194498
250,Eve,Waters,idamore@abernathy.com,17173573050,2024-03-22,female,http://welch.com,http://placeimg.com/640/480/people,90456 Jayde Walks Suite 734,Daphney Roads,29938,East Damaris,09226,Chad,TD,88.054044,-73.680707
251,Aniya,Bradtke,sawayn.maxine@cruickshank.com,19366891420,1972-08-17,female,http://jacobson.com,http://placeimg.com/640/480/people,67930 Ebert Motorway Suite 042,Ledner Center,9378,Monahanfort,79856-7186,Eritrea,ER,-84.687243,-2.24951
252,Abelardo,Koepp,dhane@hill.com,14793515141,1937-08-29,male,http://murray.com,http://placeimg.com/640/480/people,28406 Schulist Flat,Riley Villages,9472,Turnermouth,24948-1061,Anguilla,AI,-12.215978,-111.614621
253,Clementine,Legros,rtorphy@hotmail.com,12799126187,2005-03-07,female,http://quitzon.com,http://placeimg.com/640/480/people,292 Liza Crest,Davis Knoll,38595,Mozellville,72008,Azerbaijan,AZ,46.446803,48.540572
254,Barry,Renner,beer.edwin@schneider.net,16519320675,2010-11-30,male,http://bartell.com,http://placeimg.com/640/480/people,94704 Sid Spring Apt. 749,Parisian Mountains,56185,Lake Abelardo,05192-1710,Central African Republic,CF,-8.494759,-126.460554
255,Cleveland,Metz,schowalter.jonas@willms.info,16826758472,1938-07-27,male,http://macejkovic.com,http://placeimg.com/640/480/people,2657 Swift Square Apt. 988,Landen Lane,53600,Torphymouth,20227,Tonga,TO,-61.513575,-162.127696
256,Araceli,Toy,loyal.jacobs@hotmail.com,16815995812,2003-10-25,female,http://auer.info,http://placeimg.com/640/480/people,20209 Little Court Apt. 398,Mckayla Loaf,4706,Kihnmouth,17741,Uzbekistan,UZ,-32.260837,172.03716
257,Chesley,Nolan,alvah.gorczany@yahoo.com,16412315528,1950-02-02,male,http://jacobi.net,http://placeimg.com/640/480/people,63547 Else Oval Apt. 108,Raheem Field,586,Hannahberg,57226,Malaysia,MY,1.655078,1.858366
258,Joy,Larkin,schultz.reta@yahoo.com,16626698698,2002-07-29,female,http://johns.com,http://placeimg.com/640/480/people,4137 Minerva Loop Suite 650,Jast Burg,46919,West Toney,87756,Bhutan,BT,-23.10214,-115.282207
259,Simone,Stracke,molly61@jast.com,14808932928,1988-09-20,female,http://kohler.com,http://placeimg.com/640/480/people,808 Dusty Road Suite 969,Ardith Haven,708,Lake Javon,70125,Israel,IL,-23.400066,145.423326
260,Candelario,Marquardt,savanah54@yahoo.com,19802088731,1938-03-28,male,http://schinner.com,http://placeimg.com/640/480/people,449 Westley Stravenue Suite 701,Koch Harbors,3312,Lake Naomi,98350,Caribbean Netherlands,BQ,14.960224,-0.677361
261,Oral,Rath,medhurst.laverna@schamberger.net,19795177143,2007-03-20,male,http://legros.net,http://placeimg.com/640/480/people,52573 Beer Well Apt. 965,Rick Mission,4784,North Torey,93877-3235,Singapore,SG,10.800299,-123.055783
262,Marcos,Bashirian,remington.runte@roob.com,16515978103,2010-11-17,male,http://reynolds.com,http://placeimg.com/640/480/people,65957 Monica Square,Lesley Walks,2248,West Toneyburgh,00965-1774,Saudi Arabia,SA,61.549574,154.551741
263,Gloria,Nienow,valentina67@turner.net,13515482292,1989-01-22,female,http://carter.com,http://placeimg.com/640/480/people,8938 Lora Stream Apt. 504,Stracke Pine,13123,Chaunceyview,94686-2862,Suriname,SR,35.9107,-28.129639
264,Uriel,Herzog,dorris56@hotmail.com,13418336748,1953-12-14,male,http://marvin.info,http://placeimg.com/640/480/people,793 Alisa Valleys Suite 269,Braun Parkway,326,VonRuedenview,62908-1448,Vatican City,VA,69.351627,83.645641
265,Esta,Nitzsche,hintz.rusty@gmail.com,14807293238,2020-08-24,female,http://labadie.net,http://placeimg.com/640/480/people,36429 Destany Road Apt. 223,Pacocha Grove,214,West Karolann,94145,Tunisia,TN,55.024522,-143.640928
266,Hassan,Adams,leon69@emmerich.info,16824537966,1988-04-01,male,http://beatty.net,http://placeimg.com/640/480/people,110 Donnelly Plains,Elisha Avenue,14058,Linneaborough,60036-9170,Senegal,SN,-73.303802,-125.27934
267,Violet,Schulist,alexzander50@gmail.com,19525748626,1959-07-04,female,http://bayer.info,http://placeimg.com/640/480/people,310 Mosciski Rue,Earnest Mountains,41426,Prosaccofort,26446-0809,Poland,PL,80.258718,47.793973
268,Jamar,Parker,king.kenyatta@gmail.com,17317309103,1978-04-24,male,http://block.com,http://placeimg.com/640/480/people,97175 Derick Club,Medhurst Cliffs,672,Sawaynton,01770,Dominican Republic,DO,30.904575,-134.575081
269,Marlen,McGlynn,fannie37@gulgowski.org,18285069549,1975-11-20,female,http://reichert.com,http://placeimg.com/640/480/people,8224 Jessy Estate Apt. 080,Welch Centers,2160,Cristfurt,99323-2280,Sweden,SE,45.170018,161.983938
270,Porter,Glover,reinger.rosalyn@hotmail.com,17864320568,2008-05-27,male,http://gottlieb.com,http://placeimg.com/640/480/people,196 Paucek Lake Suite 021,Irma Circles,671,Abshireberg,26951-3447,Réunion,RE,-80.133814,152.39166
271,Brown,Collier,durgan.maddison@yahoo.com,13648000634,2009-12-04,male,http://kerluke.com,http://placeimg.com/640/480/people,313 Mariana Station,Evie Alley,9184,Port Jamar,28265-7729,Morocco,MA,60.797551,77.925074
272,Sunny,Gaylord,trever.boehm@runolfsdottir.net,15203256358,1954-07-04,female,http://west.net,http://placeimg.com/640/480/people,38350 Antonetta Crest Apt. 951,Brook Junction,8038,Lake Addiechester,10805-9660,Aruba,AW,-89.532945,103.855219
273,Graciela,Cormier,crist.kelvin@hotmail.com,15623351572,2011-05-31,female,http://schaefer.com,http://placeimg.com/640/480/people,4552 Waelchi Turnpike,Prohaska Freeway,4643,Cleorastad,56299-3179,Burundi,BI,-18.116581,-134.706656
274,Landen,Gottlieb,jerry41@stark.com,19068166745,1996-01-23,male,http://hansen.com,http://placeimg.com/640/480/people,311 Cronin Points,Lowe Lock,6959,North Kristofer,90012-0566,New Caledonia,NC,-53.47313,-1.559871
275,Donna,Kunde,jacquelyn16@schmidt.biz,12548453689,2009-12-22,female,http://terry.com,http://placeimg.com/640/480/people,1341 Gulgowski Centers,Brekke Alley,91031,Port Devynhaven,83400,Malta,MT,-65.831185,155.361741
276,Lorena,Hahn,trace.keeling@yahoo.com,14797937420,1964-02-02,female,http://mosciski.com,http://placeimg.com/640/480/people,476 Ofelia Stravenue,Bruen Islands,752,North Giovanny,02190,Bermuda,BM,-35.041551,135.343049
277,Whitney,Predovic,rshanahan@schmidt.com,19162455345,1966-06-21,female,http://brekke.com,http://placeimg.com/640/480/people,91511 Dibbert Crest,Barton Points,96640,Hoppeville,08400-0240,Niue,NU,-61.86397,-107.227872
278,Jasper,Towne,nikolaus.bethany@roberts.net,12699783475,2003-07-09,male,http://prosacco.com,http://placeimg.com/640/480/people,2727 Turcotte Spring Suite 697,Bernhard Estates,47718,Lake Javier,63897-1672,Hungary,HU,86.068833,-149.806057
279,Carol,Howell,smohr@jast.org,18282020607,1983-01-20,male,http://farrell.com,http://placeimg.com/640/480/people,16797 Osinski Mountain Apt. 216,Jayde Locks,1346,New Ernestton,31131-6104,Chile,CL,-84.148662,32.87818
280,Jaylon,Kuhic,nikolaus.kaitlyn@turner.com,14842665992,2002-05-16,male,http://rohan.net,http://placeimg.com/640/480/people,184 Maxime Trafficway,Brandi Oval,303,Lake Lesterton,71342,Netherlands,NL,74.025579,-114.878684
281,Della,Heaney,joel99@yahoo.com,15744261421,2021-02-19,female,http://dickens.com,http://placeimg.com/640/480/people,78907 Grady Canyon Apt. 305,Shyann Pass,361,Port Jack,78660,Fiji,FJ,-71.293033,-67.714895
282,Roman,Rogahn,estefania11@yahoo.com,15673721400,2021-02-02,male,http://doyle.com,http://placeimg.com/640/480/people,291 Paucek Knoll Suite 447,Diego Lakes,2688,Eusebiostad,48574-4354,Brunei,BN,55.174052,134.047805
283,Rodrick,O'Keefe,vito.willms@stokes.com,18605475851,1976-07-01,male,http://bernier.com,http://placeimg.com/640/480/people,43349 Jacobi Inlet Suite 896,Favian Shore,6589,East Eula,04549-1745,Austria,AT,-50.813963,-9.925794
284,Cody,Fahey,antone56@champlin.net,18383208747,2019-10-08,male,http://crist.com,http://placeimg.com/640/480/people,974 Kassandra Shore Apt. 565,Jalyn Crescent,5079,Lake Wendell,81098-7610,Latvia,LV,-66.096037,75.008849
285,Alexie,Weber,yskiles@bartoletti.com,13088708731,2012-03-27,male,http://collier.org,http://placeimg.com/640/480/people,355 Cody Lake,Theodora Stravenue,7323,New Dawnland,48417,Mayotte,YT,68.383931,54.424044
286,Deshawn,Trantow,dwiza@cummerata.org,15396077929,1944-12-14,male,http://reynolds.net,http://placeimg.com/640/480/people,6554 Renner Drive Suite 442,Santos Route,145,Corwinview,26460-8084,Belarus,BY,-5.833504,164.550549
287,River,Muller,eloisa.haley@marks.biz,14639464386,1971-01-28,female,http://mertz.org,http://placeimg.com/640/480/people,4350 Bernhard Center Apt. 224,Schuppe Tunnel,817,Teresaland,97815,Uzbekistan,UZ,2.498745,51.350612
288,Cortez,Homenick,vern19@yahoo.com,17209920075,1946-06-15,male,http://mueller.com,http://placeimg.com/640/480/people,3207 Emanuel Pine,Madisyn Tunnel,4531,New Jaedenburgh,48799-1786,French Guiana,GF,-8.435715,78.460762
289,Jessie,Kuvalis,zvon@hotmail.com,19307505404,1961-05-18,male,http://hilpert.com,http://placeimg.com/640/480/people,74130 Rau Park Suite 743,Lincoln Junctions,34356,Port Richie,60019,Niue,NU,-2.999813,-131.085135
290,Gerald,Lemke,otha20@metz.org,12488454433,1973-07-21,male,http://boehm.biz,http://placeimg.com/640/480/people,562 Cole Light Apt. 645,Elliott Spring,351,Cynthiafurt,84842-1066,Uzbekistan,UZ,-7.443856,149.881654
291,Ella,Larson,caitlyn.gorczany@hotmail.com,14012912183,1975-09-18,female,http://spencer.org,http://placeimg.com/640/480/people,6799 Judy Neck Apt. 230,West Expressway,28857,Lake Albertfort,60006-4588,Botswana,BW,-11.145265,162.407754
292,Reyes,Jacobi,waters.destiney@miller.com,17575495577,1993-11-23,male,http://sanford.biz,http://placeimg.com/640/480/people,17343 Dickinson Lodge Suite 171,Hills Parkway,334,Pollichstad,56197,Norway,NO,-38.731315,-133.684349
293,Neha,Bernier,kaela79@yahoo.com,16233955181,1991-08-03,female,http://torp.com,http://placeimg.com/640/480/people,320 Cesar Place Suite 193,Orn Spur,4571,Shyannside,48098-3193,Liberia,LR,-9.416189,-154.529902
294,Rex,Wehner,laisha52@howe.com,18303788932,1986-07-19,male,http://nader.com,http://placeimg.com/640/480/people,23155 Josephine Village,Larkin Divide,6573,East Elinor,66170,Isle of Man,IM,74.119491,-100.09474
295,Thurman,Wisozk,tlebsack@hotmail.com,15857347059,1943-01-27,male,http://mccullough.com,http://placeimg.com/640/480/people,9535 Lou Meadows,Collier Plain,884,North Rudy,88550,Andorra,AD,-44.076044,138.831422
296,Green,Ferry,bradtke.okey@yahoo.com,16013965876,1973-09-13,male,http://ortiz.info,http://placeimg.com/640/480/people,696 Kautzer Rest,Camden Fields,63029,Harveychester,93257,Tunisia,TN,-16.596863,-79.820744
297,Filiberto,Osinski,qdietrich@gmail.com,17702403297,1950-01-27,male,http://effertz.com,http://placeimg.com/640/480/people,87229 Bahringer Trail,Brooklyn Underpass,87612,Adellachester,13291-0213,Qatar,QA,-1.761086,132.757022
298,Noble,McKenzie,kara.hermann@hotmail.com,15343713731,1960-01-20,male,http://klein.com,http://placeimg.com/640/480/people,63114 Alisa Ferry,Orn Road,5036,Port Lilianetown,45737-8831,Guinea-Bissau,GW,-5.744526,-120.608639
299,Paul,Daugherty,farrell.orland@stracke.biz,14092908718,1991-02-13,male,http://larkin.biz,http://placeimg.com/640/480/people,992 Katlynn Ports,Murray Isle,59279,Sidneymouth,01428,Hungary,HU,20.624573,-31.18954
300,Callie,Brakus,shanny77@schroeder.info,14757999249,1945-12-09,female,http://schiller.org,http://placeimg.com/640/480/people,280 Claud Tunnel Suite 164,Clementine Mission,789,Lednerborough,06991-8849,Kazakhstan,KZ,30.95583,110.879771
301,Collin,Mueller,kaylin72@grady.org,15857031157,1996-05-11,male,http://zemlak.com,http://placeimg.com/640/480/people,756 Josefina Hills,McDermott Islands,9872,Rhiannaville,09981-0102,Suriname,SR,43.836245,-102.283857
302,Magnolia,Lang,chanel.ziemann@runolfsson.net,12319641043,1977-02-24,female,http://goodwin.info,http://placeimg.com/640/480/people,613 Ullrich Glen,Mikel Plaza,179,Port Spencerport,89892-2312,Montenegro,ME,-63.41347,-92.542694
303,Melyna,Pfeffer,lsawayn@boyle.com,17204954724,1986-08-21,female,http://abbott.net,http://placeimg.com/640/480/people,6280 Daisha Views,Okey Points,200,East Ben,42780,Sierra Leone,SL,42.219831,-167.301635
304,Katlynn,Koss,rubye.howell@gmail.com,12836648727,1964-09-07,female,http://parisian.com,http://placeimg.com/640/480/people,9878 Crooks Landing Suite 042,Mohr Key,4865,Ezekielland,74035-3384,Montenegro,ME,70.731387,83.787115
305,Hollie,Deckow,addie.funk@mcclure.org,12524745002,2017-03-07,female,http://lueilwitz.com,http://placeimg.com/640/480/people,36469 White Burgs Suite 600,Wisozk Village,7425,Maeveside,97546-4725,Guinea,GN,86.207457,-3.287143
306,Estel,Rogahn,ludwig.raynor@hotmail.com,15024106944,2002-05-21,female,http://wintheiser.info,http://placeimg.com/640/480/people,30354 Westley Centers,Roberto Tunnel,4283,Lerachester,16062-6971,Turkmenistan,TM,36.787772,21.173022
307,Emile,Moore,immanuel.nolan@heaney.info,16125103008,2015-02-05,male,http://shanahan.net,http://placeimg.com/640/480/people,527 Rodriguez Islands,Royal Station,2056,New Bethany,21024,Panama,PA,-36.084531,144.564854
308,Edythe,Mitchell,zking@yahoo.com,16122323814,1956-01-16,female,http://shanahan.net,http://placeimg.com/640/480/people,22889 Turner Park,Donnelly Locks,6213,Kiehnfurt,79136,Monaco,MC,-71.70185,-95.810799
309,Tamara,Ledner,yvonne.kertzmann@gmail.com,12817470990,2010-03-05,female,http://harvey.com,http://placeimg.com/640/480/people,8009 Walker Grove,Weber Drive,38840,Kochmouth,78950-3275,Egypt,EG,0.960273,-86.723537
310,Zoila,Veum,stiedemann.isabell@lebsack.com,18154625456,2013-09-02,female,http://koepp.com,http://placeimg.com/640/480/people,4271 Zulauf Unions,Lenny Prairie,823,Missouritown,28538,Egypt,EG,-82.992399,114.333585
311,Audreanne,McDermott,amcclure@yahoo.com,14707309450,1937-10-30,female,http://bergnaum.com,http://placeimg.com/640/480/people,7588 Krajcik Lights,Breitenberg Branch,112,Lake Erneststad,90846,Colombia,CO,-89.723034,36.240337
312,Amelie,Collins,iwilkinson@gmail.com,12519776181,1968-12-25,female,http://lueilwitz.org,http://placeimg.com/640/480/people,49525 Reynolds Heights,Huels Valley,87720,East Jarrett,51736,Guernsey,GG,26.116044,-177.138563
313,Chyna,Rath,jakubowski.dawn@bode.com,14793175584,1944-06-25,female,http://swaniawski.info,http://placeimg.com/640/480/people,652 Kihn Curve Suite 834,Schulist Way,90687,Wizaborough,77048,Marshall Islands,MH,5.393431,57.806872
314,Alva,Boyle,florida.hodkiewicz@beier.com,18205038157,1987-08-20,female,http://langworth.com,http://placeimg.com/640/480/people,1526 Nitzsche Streets Suite 243,Ritchie Camp,521,Mosetown,38563-1287,Fiji,FJ,-19.04604,-61.456992
315,Jerad,Dach,lynch.breanne@shields.com,19315073932,1996-08-18,male,http://gutmann.org,http://placeimg.com/640/480/people,79018 Leland Plains Apt. 189,Blanda Vista,3195,Port Melisa,34410,Jamaica,JM,-72.819182,47.852674
316,Jasen,Hills,felipa.swaniawski@okuneva.com,16268699141,1995-08-10,male,http://terry.com,http://placeimg.com/640/480/people,35330 Schumm Prairie,Armando Creek,99074,East Abagailborough,26935,Uganda,UG,-30.759066,122.557113
317,Francisca,Kihn,collins.annie@hotmail.com,17432309559,1941-01-03,female,http://dooley.biz,http://placeimg.com/640/480/people,82783 Cory Lodge Apt. 446,Bartoletti Manor,946,Marlonstad,92313-5638,Malawi,MW,-72.110539,-119.232427
318,Savion,Morar,orin.gislason@carter.com,15406602268,2006-10-09,male,http://batz.com,http://placeimg.com/640/480/people,99106 Omari Fort Suite 361,Liam Flat,832,New Donniebury,22622,Tanzania,TZ,76.636636,-96.218253
319,Dudley,Herzog,uhoppe@jacobi.com,14056055196,1979-01-19,male,http://sauer.com,http://placeimg.com/640/480/people,532 Ashlynn Forge,Leffler Gardens,8971,Hirthemouth,70586,Bangladesh,BD,-36.320355,122.255955
320,Ezekiel,Littel,mbarrows@hilpert.com,14422294770,1959-03-13,male,http://parker.net,http://placeimg.com/640/480/people,4035 Penelope Common Suite 857,Harris Gardens,810,East Randyberg,66827-7900,Central African Republic,CF,-61.98746,45.642938
321,Amara,Johnston,eveline.reichert@kuhlman.net,12674103325,1960-12-05,female,http://bins.biz,http://placeimg.com/640/480/people,697 Howell Trail,Schiller Village,90241,East Hubert,68388,Romania,RO,-32.358254,54.431641
322,Rebeka,Rau,drew.littel@oconnell.org,14178939651,1971-01-19,female,http://dubuque.com,http://placeimg.com/640/480/people,638 Raphaelle Neck,Runolfsson Well,861,Port Lorenz,04547,Zambia,ZM,7.364542,73.946472
323,Armani,Kling,lavina.mosciski@gmail.com,17747726298,1979-11-26,male,http://fay.com,http://placeimg.com/640/480/people,17842 Wiza Branch,Mosciski Avenue,871,New Henriette,40651-3914,Tanzania,TZ,-89.001113,53.089852
324,Leann,Franecki,granville.jakubowski@stark.com,16813826631,1984-01-15,female,http://jacobson.com,http://placeimg.com/640/480/people,306 Davis Crossing,Watsica Crossroad,57796,Port Onieberg,79113-5271,Honduras,HN,72.288443,-89.990017
325,Elisha,Gaylord,trantow.ernest@yahoo.com,16786006423,2011-10-13,female,http://kihn.net,http://placeimg.com/640/480/people,8317 Modesto Place Apt. 653,Laurianne Crossing,5393,Lake Jo,11433-8924,Tokelau,TK,-31.309286,-131.885798
326,Leslie,Hintz,wolf.cornell@yahoo.com,12523008910,1949-10-02,female,http://haag.com,http://placeimg.com/640/480/people,414 Legros Avenue,Florine Harbor,896,Vandervortborough,67556,Hong Kong SAR China,HK,3.547276,178.67922
327,Mose,Lind,demond29@schuppe.org,19098150779,1955-06-24,male,http://stark.com,http://placeimg.com/640/480/people,669 Bernice Corners,Kilback Trail,814,Frankiefurt,37768-6640,Caribbean Netherlands,BQ,14.000922,116.608176
328,Dorothea,Abshire,ellis12@moore.com,17029334137,2012-10-11,female,http://orn.biz,http://placeimg.com/640/480/people,4195 Blanda Fort Suite 283,Wolf Burgs,674,Micheletown,67670-6365,Liechtenstein,LI,83.147071,-118.44752
329,Thad,Becker,heller.kirk@bednar.com,16575246547,1949-10-24,male,http://murray.org,http://placeimg.com/640/480/people,860 Emie Valleys,Rippin Plains,7705,Rachellestad,92023-3876,Senegal,SN,-58.023336,-11.156584
330,Kenya,Herman,tkertzmann@ward.com,13043923630,1939-11-25,female,http://abbott.com,http://placeimg.com/640/480/people,2060 Oswaldo Parkways,Elyssa Underpass,4468,Port Bettymouth,23678,French Guiana,GF,5.530723,12.426507
331,Oma,Skiles,crist.garnet@johns.biz,19515821092,1994-09-23,female,http://bednar.com,http://placeimg.com/640/480/people,60699 Romaguera Pike,Cartwright Mount,21712,Port Aftontown,92097-6893,Angola,AO,-61.199557,120.7979
332,Tianna,Monahan,granville.boyer@hotmail.com,15752021781,1939-03-09,female,http://little.net,http://placeimg.com/640/480/people,381 Roob Bridge Suite 183,D'Amore Shoals,965,North Karine,55949,Antarctica,AQ,0.2306,-0.084305
333,Raphael,Homenick,brielle.monahan@hotmail.com,15865936938,1988-12-24,male,http://schoen.info,http://placeimg.com/640/480/people,7980 Hessel Prairie,Kirstin Courts,7266,Tavaresberg,69299,Réunion,RE,10.853987,96.867069
334,Laurianne,Lueilwitz,medhurst.leda@wuckert.com,17544310310,1974-10-29,female,http://tromp.info,http://placeimg.com/640/480/people,8670 Champlin Run Suite 260,Don Estate,8475,Immanuelchester,15714,Costa Rica,CR,13.205127,-38.602267
335,Myron,Crona,jhahn@goodwin.info,12184996903,1997-09-03,male,http://ryan.net,http://placeimg.com/640/480/people,84242 Clare Parks,Nora Fords,413,West Lornachester,88129,Canada,CA,-65.69418,120.073366
336,Stephon,Wunsch,ireinger@yahoo.com,19362323576,2017-11-28,male,http://beahan.com,http://placeimg.com/640/480/people,805 Dahlia Ville,Adriana Harbor,9539,West Guadalupeville,24738-7740,Dominica,DM,-44.380135,131.607341
337,Ramona,Osinski,halvorson.orin@johns.biz,16158924237,2000-01-19,female,http://veum.com,http://placeimg.com/640/480/people,6780 Verna Locks Apt. 916,Viviane Divide,28821,Port Jeffrey,73565-8649,Costa Rica,CR,-82.159634,145.165598
338,Amara,Hodkiewicz,hyatt.dessie@gmail.com,19736688985,1986-12-09,female,http://klocko.com,http://placeimg.com/640/480/people,15610 Ryan Crossing Suite 087,Schiller Branch,6697,Kunzeview,06884-9989,Guatemala,GT,55.470766,88.728999
339,Khalil,Turcotte,xjast@yahoo.com,18626337068,1975-03-20,male,http://abshire.info,http://placeimg.com/640/480/people,895 O'Keefe Ranch Apt. 324,Kozey Drives,5047,New Ottisville,79686-9419,New Zealand,NZ,23.801374,-171.735103
340,Noemi,Moen,daphnee88@oreilly.com,14804342344,1977-08-06,female,http://cruickshank.net,http://placeimg.com/640/480/people,5515 Elvis Junctions,Doug Union,422,Terrillview,98870,Anguilla,AI,-30.617707,46.951418
341,Kelsie,Schuster,kattie46@yahoo.com,15758027230,1949-05-03,female,http://frami.info,http://placeimg.com/640/480/people,13538 Simonis Run Suite 010,Mitchell Lodge,60238,Alessandrabury,20320,Brunei,BN,60.588308,113.322215
342,Eudora,Friesen,goodwin.ida@stokes.org,18489166356,1989-05-25,female,http://spinka.net,http://placeimg.com/640/480/people,33017 Schuppe Plaza,Jaunita Station,71526,East Brooklynton,07221-3986,Guinea-Bissau,GW,-53.582715,-162.029997
343,Veda,Grimes,mossie.keeling@casper.com,19172781182,2001-05-24,female,http://koepp.biz,http://placeimg.com/640/480/people,84250 Weimann Crossroad Apt. 920,Koss Highway,64805,Saulview,20204-7369,Tokelau,TK,89.096666,-119.505159
344,Jalyn,Torphy,bette.raynor@yahoo.com,15806247917,1952-04-21,female,http://rodriguez.com,http://placeimg.com/640/480/people,24452 Stone Park Suite 783,Zemlak Streets,832,Port Rowenaberg,57619-2005,Jordan,JO,-70.204507,52.217427
345,Maxine,Beer,eusebio.halvorson@yahoo.com,18388886628,1972-09-07,male,http://larson.info,http://placeimg.com/640/480/people,50130 Quinn Crossing,Feeney Common,1660,Port Greenland,51058,Sri Lanka,LK,19.163439,146.963156
346,Murray,Ryan,roy47@gmail.com,17068938426,1964-05-21,male,http://grady.biz,http://placeimg.com/640/480/people,7380 Strosin Pass Apt. 650,Marion Hollow,326,South Danika,81509-2108,Caribbean Netherlands,BQ,49.66822,-172.420014
347,Maxie,Muller,mitchell.anika@collier.com,13208103682,1966-01-30,female,http://ruecker.org,http://placeimg.com/640/480/people,63307 Keenan Rest Apt. 128,D'angelo Path,26026,Cassinberg,83656-9382,Congo - Kinshasa,CD,-17.34351,-96.341505
348,Rosario,Maggio,ephraim.schimmel@lubowitz.com,19523170384,1957-03-17,male,http://bartoletti.info,http://placeimg.com/640/480/people,27884 Kshlerin Orchard Suite 689,Westley Islands,541,South Gildachester,92672,French Southern Territories,TF,-37.9486,108.605433
349,Jeramy,Schaden,kessler.julianne@luettgen.com,16038051351,1971-02-17,male,http://braun.com,http://placeimg.com/640/480/people,821 Rossie Gateway,Jayson Common,850,Lake Kacey,84069-2336,Chad,TD,81.376596,-141.619026
350,Wanda,Kertzmann,josiane.hilpert@gmail.com,18725252690,1941-06-16,female,http://schimmel.info,http://placeimg.com/640/480/people,325 Demarcus Vista Suite 158,Dena Expressway,8839,Port Darien,20610-0889,Solomon Islands,SB,-71.946426,38.140537
351,Shanny,Schultz,lschroeder@gmail.com,15756592066,1968-01-21,female,http://hodkiewicz.com,http://placeimg.com/640/480/people,22340 Maiya Tunnel,Parisian Village,73000,North Orlandoberg,65450,Sierra Leone,SL,-43.804289,7.22614
352,Bailey,Lockman,cassidy.hilpert@hotmail.com,13322632996,1969-01-22,male,http://treutel.com,http://placeimg.com/640/480/people,45638 Juston Flats,Kessler Estate,71489,North Garnett,05438,Namibia,NA,45.133172,-2.041659
353,Shannon,Kohler,alysha.green@morissette.biz,15404548916,1957-08-16,female,http://abbott.com,http://placeimg.com/640/480/people,27230 Baylee Crest,Samson Road,229,Bernitaland,75406,Barbados,BB,79.804196,95.613246
354,Clifton,Reinger,cturner@wuckert.net,12105243564,1950-07-02,male,http://jakubowski.org,http://placeimg.com/640/480/people,65346 Pfannerstill Terrace Apt. 139,Theodore Bypass,581,New Feltonside,25661,Venezuela,VE,-9.498986,-51.74645
355,Catalina,Wisoky,durgan.orin@kirlin.com,15405431149,1974-09-18,female,http://little.com,http://placeimg.com/640/480/people,4872 Koss Center Suite 670,Kailyn Tunnel,36464,East Dallasland,70659,Croatia,HR,-37.313052,122.934798
356,Lila,Dach,xschiller@kihn.com,12345978061,1968-06-02,female,http://morar.com,http://placeimg.com/640/480/people,4701 McLaughlin Springs Apt. 991,Senger Underpass,64937,South Leanneberg,62321,Dominica,DM,-87.327759,-111.714128
357,Casper,Schoen,langworth.vernie@osinski.com,16165526918,1961-01-16,male,http://boyle.com,http://placeimg.com/640/480/people,4329 Little Views,Kunze Land,203,Tinaport,51436,Bangladesh,BD,15.57708,-159.139628
358,Clay,Hane,tjerde@wisozk.com,12295317921,1989-07-04,male,http://bartoletti.biz,http://placeimg.com/640/480/people,6454 Runolfsdottir Crossroad Suite 223,Elyssa Flat,530,North Coleton,91803-6020,Cape Verde,CV,48.405012,-46.578154
359,Joey,Shields,nader.garret@hotmail.com,18639654370,1973-03-01,male,http://huel.info,http://placeimg.com/640/480/people,4516 Lynch Stravenue Apt. 436,Adelle Lodge,2934,Carterfurt,31600,Indonesia,ID,29.595754,-151.558107
360,Dorcas,Dietrich,marcelo52@gmail.com,12834490409,2018-05-16,male,http://gerhold.org,http://placeimg.com/640/480/people,113 Shields Extensions Apt. 526,Douglas Manor,2795,East Sydniview,61887,South Africa,ZA,6.323351,-154.011682
361,Newell,Erdman,koch.marcel@yahoo.com,19527576238,1985-12-26,male,http://schiller.com,http://placeimg.com/640/480/people,5917 Noemy Unions,Xzavier Alley,55015,Evertfort,84683,Cook Islands,CK,-56.232657,104.861444
362,Rosanna,Torp,jayden98@yahoo.com,13419748861,1976-02-19,female,http://kling.com,http://placeimg.com/640/480/people,2741 O'Kon Lake,Terry Mountains,183,East Francesborough,21941,Cameroon,CM,-83.947928,-57.747927
363,Aiden,Rosenbaum,rosalinda28@yahoo.com,15185471311,1949-08-20,male,http://schoen.org,http://placeimg.com/640/480/people,30023 Eulalia Club Apt. 177,Lavina Ports,4135,Lake Bessietown,07592,Qatar,QA,-15.197498,-149.009994
364,Quinn,Weimann,zcassin@gmail.com,19209172355,1960-03-03,male,http://haley.com,http://placeimg.com/640/480/people,50830 Felix Summit Suite 005,Koch Plain,9448,Barrowston,56223,United States,US,-37.723506,-159.703336
365,Giuseppe,Hartmann,vincenzo03@flatley.info,12347814915,1946-05-28,male,http://steuber.com,http://placeimg.com/640/480/people,77056 Kuhlman Causeway Suite 309,Burdette Fords,407,Kraigchester,08681,Zambia,ZM,-50.70206,33.661181
366,Horacio,Boyer,vincent28@yahoo.com,15704642678,1974-09-05,male,http://jacobson.info,http://placeimg.com/640/480/people,73689 West Walks,Murazik Greens,188,West Hollie,50952-3363,Curaçao,CW,81.369455,98.073045
367,Cecil,Beier,watson.fahey@yahoo.com,19479718568,1952-09-12,male,http://armstrong.info,http://placeimg.com/640/480/people,15818 Pfeffer Mission,Marilou Village,496,East Petra,27765,Egypt,EG,50.607695,61.242921
368,Dixie,Gislason,watson.braun@gmail.com,12402091165,1947-07-20,female,http://maggio.com,http://placeimg.com/640/480/people,76924 Kulas Cliff Apt. 193,Harber Dale,185,Romagueratown,81795-9930,Portugal,PT,-53.668402,-20.453965
369,Terrence,Konopelski,elenor.crist@gmail.com,17129813840,1947-01-19,male,http://lakin.com,http://placeimg.com/640/480/people,8887 Konopelski Ford,Americo Forks,490,Reingerfurt,94089,Afghanistan,AF,2.061993,19.621459
370,Mossie,Gibson,hickle.gail@hotmail.com,12676134636,1992-07-05,female,http://bruen.com,http://placeimg.com/640/480/people,1183 Parker Street Suite 722,Beaulah Well,8822,Shanahanbury,65923-0330,Sudan,SD,-35.900688,99.808638
371,Cole,Williamson,gweissnat@lemke.org,17314275849,2000-12-21,male,http://bogan.net,http://placeimg.com/640/480/people,94979 Wilderman Squares,Mayert Center,121,Simonisport,32865-9879,Australia,AU,9.538372,65.831657
372,Blaise,Balistreri,gleichner.leonard@yahoo.com,16787933923,2019-07-26,male,http://mckenzie.info,http://placeimg.com/640/480/people,812 Schmidt Ridges,Bergstrom Harbor,57112,East Clayfort,33648,Jordan,JO,-68.52718,179.891979
373,Jamel,Lehner,kristy48@turner.info,12769069144,2023-06-25,male,http://wintheiser.com,http://placeimg.com/640/480/people,374 Corkery Extensions Suite 487,Madie Shoals,89410,New Lavonneland,78666,Caribbean Netherlands,BQ,22.802205,-16.945018
374,Jacinthe,Kris,cordia.larson@douglas.net,16786951279,2024-02-15,female,http://champlin.biz,http://placeimg.com/640/480/people,74954 Erin Circles,Modesto Junction,355,Karlieland,22093,Martinique,MQ,-0.834153,14.431351
375,Reid,Goodwin,edmund.will@yahoo.com,17125545191,2024-10-11,male,http://hand.com,http://placeimg.com/640/480/people,1989 Gibson Key Apt. 364,Bode Motorway,5501,East Kayleigh,60843-0562,Taiwan,TW,68.782144,-169.055733
376,Tyshawn,Hane,nina81@hotmail.com,18319857812,1966-03-16,male,http://hartmann.org,http://placeimg.com/640/480/people,12593 Torp Highway Apt. 874,Ozella Garden,716,Satterfieldton,39853-6196,Belarus,BY,10.524299,167.528593
377,Laney,Lakin,drempel@grimes.com,17404575539,1986-02-19,female,http://labadie.com,http://placeimg.com/640/480/people,2661 Lacey Mission,Audrey Landing,810,Fredberg,40090-8311,Brazil,BR,-52.429923,-110.766848
378,Alexie,Lebsack,egutmann@kemmer.com,16784028527,2018-08-27,male,http://gutkowski.com,http://placeimg.com/640/480/people,20494 Jewell Branch Apt. 957,Gaylord Brook,3717,New Immanuel,46959-5715,Saudi Arabia,SA,-40.533084,-168.675013
379,Jennifer,Buckridge,susanna.gleichner@hotmail.com,13377428545,2000-11-25,female,http://torp.com,http://placeimg.com/640/480/people,59205 Betty Junction Apt. 350,Corwin Well,768,Salmaview,65034,Saudi Arabia,SA,38.869412,137.154947
380,Vernon,Jacobson,kyra.moore@carter.com,19544674398,1994-07-03,male,http://jerde.com,http://placeimg.com/640/480/people,240 Corkery Lakes,Elvis Greens,256,Port Carmelview,08029-5707,Ethiopia,ET,77.038769,-34.9753
381,Carlotta,Turcotte,carter37@gmail.com,15519982798,1936-12-14,female,http://cruickshank.com,http://placeimg.com/640/480/people,20424 Keeley Green,Collier Haven,805,Onastad,02132,Lesotho,LS,84.344879,179.557723
382,Sunny,Bayer,gerhold.wanda@yahoo.com,13054240227,2006-09-29,female,http://berge.com,http://placeimg.com/640/480/people,591 Gleichner Locks,Kassulke Expressway,17346,Spinkaland,58988-1831,Azerbaijan,AZ,2.485849,-164.938935
383,Scottie,Beahan,sonya.kautzer@gmail.com,19308624886,1940-09-13,male,http://fritsch.org,http://placeimg.com/640/480/people,4884 Margot Neck,Nolan Route,168,North Ida,46002-3465,Antigua & Barbuda,AG,66.304782,70.850443
384,Tressa,Corwin,botsford.ole@waelchi.biz,12025792363,1981-09-30,female,http://klein.biz,http://placeimg.com/640/480/people,88384 Marjory Estates,Wuckert Lake,1821,Port Bernadineland,51005-7189,Finland,FI,-57.642977,-48.170231
385,Janae,Cormier,felicia.hodkiewicz@gmail.com,12533272125,1966-10-30,female,http://stiedemann.com,http://placeimg.com/640/480/people,505 Windler Knoll Apt. 799,Huels Streets,2477,East Dayna,34836,Gibraltar,GI,-76.989768,-80.957127
386,Yesenia,Jones,herman12@gmail.com,17192309282,2008-10-18,female,http://kulas.org,http://placeimg.com/640/480/people,689 Goldner Mission Suite 877,Hazle Lodge,227,Kilbackview,24124-7192,Uruguay,UY,-43.963042,113.958864
387,Horace,Stark,monahan.jamaal@bernier.biz,17545952270,1997-03-15,male,http://gusikowski.com,http://placeimg.com/640/480/people,57138 Strosin Radial,Fisher Manor,3277,Elisabury,92930-6469,Curaçao,CW,17.478016,-169.761988
388,Madelynn,Hessel,tschinner@marks.com,14409329259,2005-05-19,female,http://kessler.com,http://placeimg.com/640/480/people,34597 Kuvalis Locks Apt. 045,Clyde Alley,566,Jonasshire,60871,France,FR,-44.985978,-110.117049
389,Velva,Stracke,okuneva.maybell@stark.com,15202698553,1992-11-19,female,http://bogisich.com,http://placeimg.com/640/480/people,2130 Corbin Knoll Apt. 897,Lueilwitz Freeway,48488,South Ellismouth,33673-3640,Thailand,TH,-75.669481,55.787717
390,Ervin,Steuber,retta77@prosacco.com,16806505694,1972-09-12,male,http://schinner.biz,http://placeimg.com/640/480/people,891 Bauch Green Suite 912,Waelchi Neck,2763,Port Max,95316-7096,Sint Maarten,SX,48.252859,-44.59449
391,Shane,Lakin,kyla.schamberger@feil.com,19412263747,1980-01-10,male,http://cassin.com,http://placeimg.com/640/480/people,635 Jacobi Ridge Apt. 046,Walter Inlet,5056,Lake Alberto,58736-8541,U.S. Virgin Islands,VI,-37.467259,68.853925
392,Ellen,Ondricka,quigley.eula@gmail.com,17245022524,2018-10-20,female,http://kuphal.com,http://placeimg.com/640/480/people,3285 Hyman Isle Apt. 889,DuBuque Mountain,726,West Piper,47288,Belarus,BY,86.576914,88.040249
393,Ethel,Cummings,vicky44@hotmail.com,16806459151,1968-07-29,male,http://connelly.net,http://placeimg.com/640/480/people,5119 Candelario Mountains,Gabrielle Fall,844,South Verlaville,47141,Eswatini,SZ,86.404969,-163.041593
394,Yolanda,Corwin,bradtke.gerry@yahoo.com,18042275367,2022-08-21,female,http://monahan.com,http://placeimg.com/640/480/people,8572 Donnelly Point Apt. 513,Cronin Forest,4888,Lake Kaylah,42039-1448,Iraq,IQ,-57.476073,-179.614239
395,Larry,Friesen,hodkiewicz.georgette@hotmail.com,18087293625,2006-11-02,male,http://welch.biz,http://placeimg.com/640/480/people,551 Vita Fields Apt. 535,Adrien Track,145,North Adolphusland,13706,Lesotho,LS,-38.380351,77.013604
396,Jayda,Gottlieb,walter.osvaldo@bergnaum.com,18328513426,1975-01-03,female,http://bruen.com,http://placeimg.com/640/480/people,111 Hyatt Groves Suite 334,Erin Gardens,26006,Treyshire,52966-7817,Caribbean Netherlands,BQ,40.266656,15.376469
397,Myrtie,Lueilwitz,esmeralda.hodkiewicz@reichel.com,16126463238,1975-11-04,female,http://pagac.com,http://placeimg.com/640/480/people,144 Van Square Apt. 630,Horace Unions,48636,West Murphyland,63728-5095,St. Helena,SH,66.654445,88.746895
398,Gaetano,Maggio,bbashirian@yahoo.com,16512894828,1992-08-14,male,http://rempel.org,http://placeimg.com/640/480/people,5598 Zane Rapid,Savannah Hill,7305,New Kay,37588-9485,Saudi Arabia,SA,-50.909738,-120.400441
399,Lew,Considine,earlene59@hermiston.com,14199624251,1993-05-25,male,http://spinka.com,http://placeimg.com/640/480/people,3199 Schimmel Station,Nicola Track,99269,New Jalen,84243,Rwanda,RW,0.758157,-13.915861
400,Diana,Steuber,reinger.winfield@herman.org,19383547842,1947-01-10,female,http://jones.org,http://placeimg.com/640/480/people,5003 Donnie Wells Suite 272,Narciso Summit,814,North Susan,91133-8557,South Georgia & South Sandwich Islands,GS,7.466641,-83.714584
401,Rosella,Lang,earlene39@barton.com,16679270321,1972-11-19,female,http://powlowski.com,http://placeimg.com/640/480/people,7549 Okuneva Coves Apt. 918,Hackett Route,92336,Colemouth,43414-7934,Turkmenistan,TM,83.185748,-61.488654
402,Lupe,Borer,dfunk@kreiger.org,16072738305,1988-02-19,female,http://haag.net,http://placeimg.com/640/480/people,52926 Leffler Ridge,Katelin Highway,603,Lake Elodyhaven,98167,Burundi,BI,54.176626,133.756261
403,Kiana,Goyette,bianka20@gmail.com,12679518910,1977-07-20,female,http://reichel.com,http://placeimg.com/640/480/people,7063 Effertz Falls,Hammes Island,68344,McKenziehaven,59546,Colombia,CO,10.989272,25.146913
404,Carolyn,Anderson,yblanda@gmail.com,14633565531,1949-12-10,female,http://shields.org,http://placeimg.com/640/480/people,23383 Eli Plains,Treva Well,5066,Wolfside,63275-5955,Australia,AU,-29.698613,160.025287
405,Margarette,Johnston,delphine.jenkins@yahoo.com,15084177873,2022-11-16,female,http://jast.com,http://placeimg.com/640/480/people,67410 Golden Estate,Marvin Cape,455,West Emilie,97710-9310,Montenegro,ME,-2.23892,-119.264299
406,Nova,Hills,una33@hills.biz,17548883029,1972-05-18,female,http://gerhold.com,http://placeimg.com/640/480/people,21100 McDermott Plains,Ignatius Crescent,643,Mattmouth,65240-5706,North Macedonia,MK,-15.532651,88.945034
407,Mitchell,Crooks,kshanahan@yahoo.com,17574499503,2012-09-29,male,http://kertzmann.net,http://placeimg.com/640/480/people,323 Kaylin Greens Suite 504,Muller Ways,9877,West Torranceside,15974,Angola,AO,55.742822,-118.382915
408,Rosie,Trantow,maureen.kozey@ward.com,15702109475,1967-06-12,female,http://schneider.info,http://placeimg.com/640/480/people,72670 Koelpin Summit Apt. 870,Mertz Walks,6361,Port Willowberg,95848-5102,Benin,BJ,3.016509,60.590656
409,Kamille,Pagac,fsporer@yahoo.com,12298640767,2018-12-18,female,http://dooley.biz,http://placeimg.com/640/480/people,9884 Isai Ports,Moses Mall,3180,Colemanberg,56211-5812,Yemen,YE,-43.908096,-35.192217
410,Mandy,Boyer,otis34@mckenzie.org,17437270442,1981-09-19,female,http://gleichner.org,http://placeimg.com/640/480/people,7173 Jermain Rue Apt. 779,Ayden Courts,622,Brianaberg,06249-9098,Philippines,PH,44.016991,38.0819
411,Mitchel,Funk,marielle25@yundt.net,12538656894,2011-06-16,male,http://moore.info,http://placeimg.com/640/480/people,886 O'Kon Summit,Opal Ranch,6313,New Edwina,77461-1040,Haiti,HT,47.587513,136.441346
412,Camille,Goldner,crystel94@weber.com,16609152396,2020-09-21,female,http://torp.com,http://placeimg.com/640/480/people,28010 Eileen Mission,Cassidy Street,40811,Steuberchester,19655,Eritrea,ER,85.354348,-36.70057
413,Colleen,Luettgen,melyna48@gmail.com,17326663492,2007-01-13,female,http://schoen.com,http://placeimg.com/640/480/people,2004 Nyasia Gardens,Tomas Extensions,2353,Gutkowskiville,62682,Azerbaijan,AZ,-21.544962,126.638141
414,Malika,Welch,graham99@hotmail.com,16207044254,1953-12-11,female,http://leannon.com,http://placeimg.com/640/480/people,3423 Rigoberto Brooks,Thompson Parkways,40875,Lubowitzburgh,63548,Caribbean Netherlands,BQ,5.542035,156.381712
415,Lizzie,Reichel,rosendo53@corkery.biz,12079821307,2009-05-11,female,http://hansen.net,http://placeimg.com/640/480/people,5193 Ivah Haven Apt. 463,Bednar Alley,89166,Schimmelville,79379-5848,Christmas Island,CX,9.666155,76.966473
416,Johathan,Schaefer,vschroeder@yahoo.com,12177270353,1950-02-13,male,http://kassulke.com,http://placeimg.com/640/480/people,37065 Klocko Forge,Merl Alley,47695,Beierbury,56476-9179,Sint Maarten,SX,27.320424,-29.279026
417,Rhianna,Ullrich,anissa70@hotmail.com,13048299191,1963-12-28,female,http://bergnaum.com,http://placeimg.com/640/480/people,28288 Johnston Plains Apt. 458,Shanahan Cliff,3922,South Mafalda,94027,Palau,PW,-42.959187,-111.414836
418,Sim,Goyette,sadye.sanford@brown.info,19419242342,1951-11-01,male,http://fay.com,http://placeimg.com/640/480/people,274 Albert Skyway Suite 972,Madelynn Route,6258,West Constantinside,67828,Liechtenstein,LI,-20.243166,-1.393235
419,Cali,Mitchell,delbert14@yahoo.com,17319074893,1983-08-23,female,http://tromp.info,http://placeimg.com/640/480/people,67072 Gusikowski Walks,Lehner Terrace,7110,Loniebury,78379,Cape Verde,CV,21.783324,-179.944142
420,Brody,Becker,candido47@schuppe.com,16605015720,1970-10-05,male,http://swift.com,http://placeimg.com/640/480/people,35299 Corwin Islands Suite 808,Donnelly Road,453,North Toneystad,47210-8316,Namibia,NA,34.119928,-175.691773
421,Willow,Yost,little.flo@kling.com,12524134461,1946-08-11,female,http://moore.com,http://placeimg.com/640/480/people,67473 Betty Valley Suite 831,Ellie River,615,West Isaias,68269-1765,Palestinian Territories,PS,-25.264008,114.189865
422,Scarlett,Doyle,hickle.macy@kuphal.com,18146055711,1963-06-10,female,http://little.com,http://placeimg.com/640/480/people,336 Gislason Prairie,Alva Ferry,360,North Lambertside,73277,Cuba,CU,-44.122834,61.314597
423,Demetrius,Wisoky,sandrine.conn@fadel.com,17706569545,1984-03-20,male,http://marquardt.com,http://placeimg.com/640/480/people,58755 Wehner Hills Suite 952,Hills Mountain,247,Mablemouth,67516-2394,Madagascar,MG,5.545868,109.478098
424,Chandler,Leffler,mruecker@rolfson.biz,18483793018,1980-12-26,male,http://marks.com,http://placeimg.com/640/480/people,2806 Agustina Corner,Franco Square,8727,Emeraldton,13068,Micronesia,FM,-55.966788,148.78951
425,Junius,Schmidt,nienow.fabian@gmail.com,15202003564,2015-02-21,male,http://rodriguez.info,http://placeimg.com/640/480/people,74574 Edison Pine Suite 518,Lubowitz Key,596,Powlowskiberg,42561,British Indian Ocean Territory,IO,-75.002502,-54.893916
426,Jalyn,Hettinger,iroob@rau.com,15737462007,1944-11-13,female,http://bashirian.com,http://placeimg.com/640/480/people,44857 Johann Ridges Suite 972,Bayer Vista,136,Gleasonton,56485,Uruguay,UY,87.517365,-66.750606
427,Reed,Lynch,ewalker@collins.biz,17744447487,1980-04-06,male,http://pacocha.com,http://placeimg.com/640/480/people,358 Price Skyway,Randal Ridge,24774,New Rogelioport,95152-3346,Mali,ML,7.914046,-112.35153
428,Garret,Gulgowski,zaria.schumm@dicki.net,12513319400,1944-06-24,male,http://wilderman.com,http://placeimg.com/640/480/people,49901 Victoria Rapid,Margarette Court,8910,South Wilfrid,27554-3061,Marshall Islands,MH,-51.386242,14.679207
429,Janelle,Morissette,jerad26@steuber.com,14307466491,2018-09-08,female,http://schoen.com,http://placeimg.com/640/480/people,91888 Dagmar Plain Suite 514,Jackson Parks,1439,Satterfieldberg,93617-0099,Ecuador,EC,38.820868,-10.71894
430,Karina,Beier,lwunsch@yahoo.com,19859850541,1950-07-06,female,http://will.org,http://placeimg.com/640/480/people,9348 Hudson Canyon,Hill Harbors,6099,West Javonte,75369,United Kingdom,GB,38.516462,32.130183
431,Sarai,Moen,yullrich@hotmail.com,13049815190,1960-05-03,female,http://yost.com,http://placeimg.com/640/480/people,1095 Holly Orchard Suite 183,Murphy Plaza,48868,Trantowshire,59364,St. Barthélemy,BL,-45.453911,-35.629787
432,Bonita,Block,phyllis51@gmail.com,19412399982,1994-10-18,female,http://lakin.biz,http://placeimg.com/640/480/people,4771 Hammes Mission,Grant Fall,33251,Lake Pricehaven,24935,Sudan,SD,-69.070856,18.737478
433,Violet,Raynor,prohaska.eva@steuber.com,15348431462,1977-01-11,female,http://gibson.com,http://placeimg.com/640/480/people,688 Maurine Land,Pfannerstill Garden,701,West Dawnfort,14809,India,IN,-65.764103,-143.887107
434,Mario,Willms,norval07@rohan.net,13052465964,2024-07-19,male,http://grady.com,http://placeimg.com/640/480/people,37748 Schulist Square,Garry Island,906,East Eribertoport,24055,Svalbard & Jan Mayen,SJ,-5.094184,85.178895
435,Jefferey,Deckow,gretchen69@larson.net,19853687876,1940-05-24,male,http://rice.com,http://placeimg.com/640/480/people,17064 Jayne Pine Apt. 484,Thiel Highway,206,West Kelvinbury,75505,Djibouti,DJ,39.976113,62.785298
436,Jaquan,Kirlin,ciara18@upton.com,12486635344,1940-03-12,male,http://greenholt.biz,http://placeimg.com/640/480/people,196 Braulio Club,Ritchie Fords,12264,East Aracely,34700-8018,Burkina Faso,BF,33.876105,107.632025
437,Cristopher,Feil,baylee.cummings@hotmail.com,16302579686,2019-07-22,male,http://gleichner.com,http://placeimg.com/640/480/people,82145 Feil Crossing,Spinka Valleys,718,Sawaynshire,89215-0181,Croatia,HR,4.906515,139.641729
438,Jovani,Champlin,bashirian.reyna@gmail.com,12813474252,1947-10-18,male,http://rippin.com,http://placeimg.com/640/480/people,40828 Eugenia Drives Apt. 271,Sophia Brooks,63891,South Rudolphside,77842,Aruba,AW,-76.998999,-167.667567
439,Sammie,Lakin,bogan.onie@yahoo.com,15012222474,1996-01-18,male,http://grady.com,http://placeimg.com/640/480/people,89055 Frami Ridge,Renner Square,916,Schillerport,39644-0927,Greenland,GL,29.434048,38.223881
440,Ramiro,Kuhlman,consuelo.steuber@grimes.com,14055954485,1957-11-24,male,http://muller.com,http://placeimg.com/640/480/people,142 Von Estate Suite 242,Bernhard Rapid,338,South Fabian,53926-1627,Spain,ES,0.241655,157.583111
441,Tiara,Ortiz,jaida.deckow@yahoo.com,15394129585,2017-10-12,female,http://brekke.org,http://placeimg.com/640/480/people,9480 Magdalen Radial Suite 953,Rae Park,803,Gradyburgh,18427,Venezuela,VE,61.240693,61.132271
442,Alford,Kovacek,schamberger.claude@schulist.com,18014292877,1966-02-11,male,http://armstrong.com,http://placeimg.com/640/480/people,953 Athena Mountains Apt. 683,Pollich Port,99585,Vadaside,30163-3725,Antigua & Barbuda,AG,69.042641,-45.428526
443,Leon,Barton,grussel@yahoo.com,18703757865,1939-04-14,male,http://kshlerin.org,http://placeimg.com/640/480/people,11703 Haley Turnpike Apt. 034,Wyman Fields,97373,Trevaside,80426-5548,St. Barthélemy,BL,38.230313,-158.394398
444,Katrina,Yost,gorczany.adalberto@labadie.net,13056385917,1974-10-16,female,http://funk.com,http://placeimg.com/640/480/people,6156 Tod Vista Apt. 539,Boyer Spurs,71184,Lake Lambert,06785,Estonia,EE,14.521902,139.262425
445,Enoch,Bogisich,bradtke.dejuan@gmail.com,12057295081,2009-10-18,male,http://hartmann.com,http://placeimg.com/640/480/people,99984 Alexis Divide,Schamberger Mount,98080,West Raoul,07276,Caribbean Netherlands,BQ,-40.761513,108.831197
446,Rafaela,Dietrich,jarvis03@hotmail.com,14582719927,2004-03-03,female,http://dach.net,http://placeimg.com/640/480/people,7409 Jacobson Tunnel Apt. 658,Yundt Knoll,139,Feeneyport,90179,Jordan,JO,66.480289,-36.437874
447,Bertrand,Keeling,kasandra.walter@yahoo.com,14342791207,1937-07-05,male,http://schimmel.com,http://placeimg.com/640/480/people,8421 Kuhlman Cliffs Apt. 020,West Ramp,35537,Schuppeland,62689,Tunisia,TN,-11.182168,-123.116063
448,Johnnie,Kunze,douglas.tamara@yahoo.com,19412267169,2023-09-14,male,http://kling.org,http://placeimg.com/640/480/people,846 Garfield Well Suite 673,Ziemann Flat,61840,West Lavernaland,14896-9991,Svalbard & Jan Mayen,SJ,51.490654,-114.074876
449,Llewellyn,Brekke,macejkovic.myra@gmail.com,18705626007,1983-06-27,male,http://dicki.info,http://placeimg.com/640/480/people,220 Norwood Grove,Hessel Ferry,868,Clemensview,71765,Laos,LA,-37.250507,70.101116
450,Wava,Tillman,jason02@harber.com,17407926130,1992-02-23,female,http://kohler.com,http://placeimg.com/640/480/people,9989 Isabell Avenue Apt. 257,Alene Ridge,920,Lake Adah,47849-8775,Pitcairn Islands,PN,-34.932939,-35.815548
451,Larry,Bogan,jerad.hilpert@blick.biz,16403732445,1992-09-22,male,http://borer.com,http://placeimg.com/640/480/people,3369 Labadie Court,Paucek Gardens,41225,Lazarochester,48981,Bahamas,BS,88.147556,55.838536
452,Trevion,Kohler,bradtke.jeff@yahoo.com,18788795635,1946-06-28,male,http://boyle.com,http://placeimg.com/640/480/people,45008 Schultz Track,Lenna Island,2087,Shaynefort,14433,Montenegro,ME,-66.169983,-93.36343
453,Yasmine,Koelpin,mccullough.alanna@hotmail.com,17313871516,1979-01-05,female,http://corkery.com,http://placeimg.com/640/480/people,420 Mayert Burg,Skiles Overpass,2073,New Davinton,68184,Jamaica,JM,-33.975404,-125.130963
454,Joanie,Waelchi,goconnell@yahoo.com,17313074771,2007-07-19,female,http://keeling.net,http://placeimg.com/640/480/people,30193 Jacquelyn Trail Suite 760,Purdy Loaf,462,South Manuel,90715,Hungary,HU,81.472559,63.486386
455,Danny,Corwin,ledner.isac@gmail.com,18783502788,1937-10-21,male,http://mcdermott.com,http://placeimg.com/640/480/people,40757 Clint Crossroad Apt. 981,Demond Squares,315,Eleanoraside,62758-2947,Mayotte,YT,64.501056,-2.631433
456,Eva,Gusikowski,murphy66@yahoo.com,15596345231,2017-10-21,female,http://veum.org,http://placeimg.com/640/480/people,5248 Fay Lakes Suite 994,Eryn Loaf,96401,Dietrichstad,33995,Pitcairn Islands,PN,-43.50928,-176.5886
457,Johnson,Willms,roscoe39@reynolds.info,13803905156,1962-05-05,male,http://altenwerth.biz,http://placeimg.com/640/480/people,3670 Price Crest,Bobbie Underpass,1214,West Ivy,86544-8491,Lesotho,LS,65.155895,-137.621959
458,Camille,Ondricka,nzulauf@corkery.org,16092907263,1979-06-30,female,http://kris.com,http://placeimg.com/640/480/people,417 Dane Wells,Simonis Burgs,144,Port Isabel,72719-1917,Israel,IL,-30.645441,82.116757
459,Edward,Green,zschroeder@hills.com,19478010902,1977-09-11,male,http://legros.net,http://placeimg.com/640/480/people,5183 Goldner Garden Suite 036,Katelyn Passage,3609,Collinsbury,57341-1767,Chile,CL,-28.893537,107.655578
460,Wilma,Swaniawski,rlang@hotmail.com,16694773099,2011-02-19,female,http://baumbach.com,http://placeimg.com/640/480/people,11301 Mckayla Parks Suite 959,Edwin Centers,7628,East Melvina,37248-4587,Tanzania,TZ,-18.813766,-153.545906
461,Tanya,O'Reilly,brando.schuppe@berge.com,13366515391,1983-03-20,female,http://cassin.com,http://placeimg.com/640/480/people,8232 Lebsack Isle,Keely Knolls,9721,Hankshire,14531,Liechtenstein,LI,-7.445808,-83.13555
462,Harley,Blanda,briana.stokes@hotmail.com,12195209081,1968-03-29,male,http://runolfsson.com,http://placeimg.com/640/480/people,1875 Quigley Street,Kautzer Street,5135,Haleystad,42629-4106,Andorra,AD,-71.809166,14.955458
463,Ettie,Harvey,ytrantow@oberbrunner.biz,15413487002,2005-10-17,female,http://graham.info,http://placeimg.com/640/480/people,658 Roderick Village Apt. 767,Cassin Turnpike,108,East Brielleshire,87679-1218,Cocos (Keeling) Islands,CC,30.015705,-114.458279
464,Russel,Wyman,cmarvin@auer.net,13203750660,2001-10-02,male,http://rutherford.info,http://placeimg.com/640/480/people,703 Icie Heights,O'Reilly Square,90582,South Emanuelburgh,67160,Argentina,AR,77.348224,68.115151
465,Raymond,Haag,myron89@hotmail.com,13039718896,2014-07-04,male,http://frami.com,http://placeimg.com/640/480/people,976 Nayeli Parkway Suite 919,Tillman Lakes,41430,North Gretchen,98320,Bhutan,BT,-48.524622,-56.734824
466,Bessie,Douglas,zwolf@douglas.org,12623878635,1973-10-21,female,http://zemlak.com,http://placeimg.com/640/480/people,2607 Candace Loaf,Elmo Village,899,New Lavinatown,97449,Spain,ES,-56.707395,129.977467
467,Jazmyne,Bruen,susie.bins@yahoo.com,12236847950,1941-04-17,female,http://rau.com,http://placeimg.com/640/480/people,556 Jettie Mission,Jose Landing,1771,Mozellemouth,04376,Madagascar,MG,28.626011,148.104996
468,Anna,Pouros,shayna.gutmann@trantow.com,19084027022,1976-11-18,female,http://wintheiser.biz,http://placeimg.com/640/480/people,87716 Thurman Roads Apt. 499,Payton Inlet,117,Port Delta,05018-2201,Romania,RO,4.854575,12.787375
469,Chadrick,Lueilwitz,stark.fletcher@yahoo.com,13107033640,1959-01-01,male,http://okuneva.net,http://placeimg.com/640/480/people,31617 Ferry Causeway,Gislason Squares,35305,Dejuanside,29122-9495,St. Kitts & Nevis,KN,30.701153,-51.159708
470,Pierre,Schroeder,hank55@gmail.com,15343950784,1981-04-16,male,http://kuhic.com,http://placeimg.com/640/480/people,6340 Witting Dale Suite 256,Oberbrunner Fork,684,Lake Duane,13261-5196,Taiwan,TW,-72.129898,-81.394953
471,Garland,Heathcote,shania.bosco@shields.com,14083068600,1962-02-01,male,http://botsford.com,http://placeimg.com/640/480/people,9225 Emmet Coves Suite 109,Wilkinson Drive,9762,Johnathanhaven,41015-0596,Vanuatu,VU,-2.792794,-44.640506
472,Jovanny,Strosin,hwiegand@gmail.com,19035693854,2000-12-05,male,http://larkin.com,http://placeimg.com/640/480/people,73895 Reichert Mount,Jackson Mews,808,Walterland,30102,Norway,NO,49.305344,-126.733709
473,Joaquin,Koepp,ronaldo.jones@mraz.com,19047358682,1940-05-18,male,http://thiel.com,http://placeimg.com/640/480/people,94822 Bahringer Union Suite 937,Emely Tunnel,8681,Port Micaelaton,75663-8191,Azerbaijan,AZ,87.828643,-146.446702
474,Rosario,Conn,gisselle65@blick.com,17622583696,1955-04-19,male,http://gleichner.info,http://placeimg.com/640/480/people,5701 Alba Common,Koelpin Village,776,Johnstonhaven,44947-5035,Zimbabwe,ZW,-2.797197,-28.639082
475,Samanta,Corkery,imohr@langworth.com,12259804783,1967-12-06,female,http://romaguera.com,http://placeimg.com/640/480/people,54429 Schiller Square,Wiza Square,231,Zulaufhaven,41546-9242,Taiwan,TW,45.483524,-147.520805
476,Chelsea,Jacobs,javon.wisozk@heidenreich.com,12526187022,2017-07-02,female,http://blanda.com,http://placeimg.com/640/480/people,1626 Gleason Road,Kuphal Meadow,6701,Kevinfort,11797,Belarus,BY,8.588105,-12.634042
477,Eldridge,Okuneva,ybrakus@konopelski.com,15403482636,1972-12-17,female,http://champlin.com,http://placeimg.com/640/480/people,338 Johnson Drives,Emmerich Forks,46309,Brandyntown,40198,Venezuela,VE,-22.132933,28.460611
478,Gaston,Veum,cole60@hotmail.com,16068475484,1955-09-06,male,http://simonis.info,http://placeimg.com/640/480/people,4248 Smith Village,Bria Vista,794,Augustborough,04101,New Caledonia,NC,17.786098,170.672537
479,Nettie,Howell,nikko.rice@gmail.com,12314806920,1959-02-19,female,http://barton.org,http://placeimg.com/640/480/people,913 Mack Creek,Camilla Mall,3294,Jacobsonstad,04481-3520,Mongolia,MN,-3.217525,-114.382333
480,Otho,Sporer,halle.rice@williamson.com,16285120655,1958-02-01,male,http://nicolas.com,http://placeimg.com/640/480/people,5907 Reichel Park Suite 761,Hermann Plains,97205,East Domenick,30972-8756,Peru,PE,-4.293223,178.308977
481,Craig,Hudson,selina71@hotmail.com,14428881751,1971-07-23,male,http://hansen.com,http://placeimg.com/640/480/people,59269 Block Lights Suite 438,Fay Stravenue,20226,East Ena,80194,Isle of Man,IM,-82.64067,163.811332
482,Pinkie,Stiedemann,baylee.stark@yahoo.com,15753815333,2001-08-30,female,http://wolff.info,http://placeimg.com/640/480/people,7813 Quitzon Mall Apt. 964,Gaston Fall,696,Port Amira,51528-2303,Colombia,CO,51.853864,100.831642
483,Brandi,Runte,mia.rice@gmail.com,16264452451,1971-12-06,female,http://farrell.com,http://placeimg.com/640/480/people,70346 Louie Views Apt. 810,Lueilwitz Pike,596,Lake Michelle,60804,Gambia,GM,-85.556788,-131.781152
484,Myrtie,Braun,walker.carmelo@yahoo.com,15803131437,2005-04-20,female,http://miller.com,http://placeimg.com/640/480/people,9394 Smith Expressway Apt. 814,Ramiro Ports,593,South Nyasiaville,66044,Cocos (Keeling) Islands,CC,20.08779,57.410069
485,Nicole,Abernathy,htrantow@gmail.com,16512971086,1937-04-16,female,http://corkery.org,http://placeimg.com/640/480/people,44812 Jaskolski Island Suite 471,Hyatt Streets,804,Maybellburgh,69333,Bahrain,BH,-50.015702,-97.234458
486,Rahsaan,Ullrich,dimitri70@hotmail.com,15415175829,2017-12-13,female,http://rosenbaum.info,http://placeimg.com/640/480/people,271 Deckow Falls Suite 959,Frami Vista,89732,Port Elmira,18618,Sweden,SE,85.476222,131.557919
487,Bettye,Windler,aurelio31@yahoo.com,13049467644,2024-08-12,female,http://roob.com,http://placeimg.com/640/480/people,977 Eveline Plains,Chris Road,10397,Docktown,29208,Eswatini,SZ,-16.443803,122.311235
488,Tressa,Bednar,howell.rocio@gmail.com,14584605560,1961-02-13,female,http://okeefe.com,http://placeimg.com/640/480/people,774 Titus Knolls,Charlene Brooks,929,South Rolandoview,03235,Moldova,MD,-54.9459,-116.399759
489,Amy,Zulauf,wintheiser.christine@hotmail.com,16519486772,2002-12-08,female,http://powlowski.com,http://placeimg.com/640/480/people,606 Glenda Drive Suite 911,Padberg Path,907,Port Isabellview,16290-8606,Benin,BJ,-49.571949,163.823146
490,Milan,Huels,cmcglynn@gmail.com,13204475903,1970-06-03,male,http://herzog.com,http://placeimg.com/640/480/people,9099 Gilbert Unions,Schimmel Square,523,Armstrongland,44118-4146,Grenada,GD,37.390278,-34.59477
491,Kody,Jones,mafalda.farrell@yahoo.com,15517954080,1953-12-17,male,http://dubuque.com,http://placeimg.com/640/480/people,5768 Willms Harbors,Schoen Unions,158,Terrymouth,87702-5700,Albania,AL,-30.400318,111.655368
492,Darrion,Leffler,haylie23@goldner.biz,16193279122,1977-09-03,male,http://ruecker.com,http://placeimg.com/640/480/people,3638 Adalberto Drive Apt. 356,Bartell Station,250,Lake Destini,68880-4722,Aruba,AW,79.640392,-171.850566
493,Hillary,Herman,cruickshank.kenneth@hotmail.com,17342567936,2022-07-26,female,http://ziemann.com,http://placeimg.com/640/480/people,1952 Donny Keys Apt. 556,Konopelski Terrace,8325,Destanyport,18398-0756,Mexico,MX,-60.400278,111.479987
494,Orlo,Krajcik,zola.fay@gmail.com,15863134153,2024-07-22,male,http://kihn.info,http://placeimg.com/640/480/people,6991 Sienna Cove,Torphy Falls,1626,Johnsonchester,53509,Lebanon,LB,34.612147,73.778932
495,Ollie,Moen,lmurray@reilly.org,13156208875,1999-03-01,female,http://wilkinson.com,http://placeimg.com/640/480/people,28017 Cassin Mountains,Wilfredo Burgs,9900,Lake Bessieton,18017-7913,Sint Maarten,SX,18.907616,-36.424767
496,Amber,Paucek,gwen73@hotmail.com,12148511783,2007-02-15,female,http://wiegand.com,http://placeimg.com/640/480/people,1639 Jermey Fords Suite 314,Brakus Highway,241,West Faustino,80111,Niue,NU,-34.143822,0.920717
497,Dino,Marquardt,gutmann.demarco@yahoo.com,18457128449,1994-09-18,male,http://corwin.org,http://placeimg.com/640/480/people,4103 Collier Lane,Robel Route,97604,Mattstad,12790,Djibouti,DJ,-71.934275,-121.391495
498,Ricky,Batz,myrna98@waters.com,17169065443,2010-07-16,male,http://king.com,http://placeimg.com/640/480/people,4391 Marley Stravenue Apt. 927,Mark Mountain,6367,Lake Jayceemouth,86338-0577,Bermuda,BM,81.555331,-86.822856
499,Gavin,Schmeler,terence23@gmail.com,15642760833,2022-02-28,male,http://jenkins.org,http://placeimg.com/640/480/people,474 Pietro Cape,Terry Meadows,3307,Delphiaberg,44915,St. Vincent & Grenadines,VC,-74.956813,-136.184935
500,Junior,Stark,jacobson.alyce@robel.biz,16204560441,1968-08-25,male,http://spencer.com,http://placeimg.com/640/480/people,828 King Drive,Curtis Wells,2201,East Eduardo,82914,Western Sahara,EH,24.439219,-56.396464
501,Lina,Bechtelar,liana.schaefer@yahoo.com,16015646055,1946-04-18,female,http://bosco.com,http://placeimg.com/640/480/people,93927 Zechariah Parkways,Arturo Plaza,4469,Trantowborough,15309,Tunisia,TN,73.779382,57.738935
502,Erling,Schimmel,runte.carmen@gmail.com,16817577056,1983-02-11,male,http://franecki.com,http://placeimg.com/640/480/people,217 White Viaduct Apt. 123,Feeney Creek,1412,Volkmanburgh,18259-6068,Congo - Kinshasa,CD,30.905036,25.419835
503,Ava,Waters,ahansen@gmail.com,12405528819,1986-04-05,female,http://bradtke.org,http://placeimg.com/640/480/people,132 Marks Mountain,Sanford Cliffs,353,Lake Ritatown,50814-1581,Mayotte,YT,-42.502796,46.525734
504,Cecil,Boehm,joyce78@roberts.com,18472706489,2021-06-19,male,http://jones.com,http://placeimg.com/640/480/people,77532 Gutmann Avenue Apt. 671,Bernhard Shore,670,Lake Leonieshire,59895,Brunei,BN,2.14096,136.712994
505,Watson,Kulas,yfisher@hotmail.com,14172018438,2012-03-30,male,http://orn.org,http://placeimg.com/640/480/people,4423 Devan Trail Suite 966,Senger Haven,911,Haaghaven,60556,North Korea,KP,20.565572,24.421962
506,Horacio,Macejkovic,altenwerth.kamille@durgan.org,13322188477,2000-08-20,male,http://mosciski.com,http://placeimg.com/640/480/people,19470 Roman Meadows,Bernier Freeway,97800,New Mia,26717,Spain,ES,-11.585372,-54.792895
507,Antwan,Skiles,maybell.bruen@yost.net,15308245133,1982-08-24,male,http://halvorson.info,http://placeimg.com/640/480/people,697 Rempel Mountains,Kerluke Roads,89885,Lake Nels,51469,Gambia,GM,-16.832673,5.349096
508,Jaylen,Kuhic,anderson.cassandra@feest.com,16815370171,1997-05-09,male,http://robel.com,http://placeimg.com/640/480/people,7847 Eudora Island Suite 855,Rylan Drive,48876,Myrtisburgh,55429,Tuvalu,TV,-27.247819,-129.030475
509,Ken,Cronin,hullrich@yahoo.com,18104123477,1977-05-29,male,http://christiansen.com,http://placeimg.com/640/480/people,112 Bergstrom Drive Suite 460,Audreanne Locks,6083,Jackborough,98051,French Guiana,GF,74.254311,-105.504401
510,Gretchen,Hahn,shaun.boyer@corwin.org,17478238197,1942-10-31,female,http://roberts.com,http://placeimg.com/640/480/people,5031 Harold Rue,Terrence Tunnel,2497,Jenniferfurt,31506,U.S. Outlying Islands,UM,15.504709,-15.228909
511,Marcellus,Marvin,anita71@yahoo.com,17137862723,2000-09-02,male,http://welch.org,http://placeimg.com/640/480/people,820 Jenkins Wall Suite 731,Karlee Estate,59339,Eichmannport,57760,Cocos (Keeling) Islands,CC,73.417971,-9.105683
512,Kristina,Kunde,wendy57@gmail.com,19726578050,1960-06-23,female,http://kutch.net,http://placeimg.com/640/480/people,23580 Shanny Forges Suite 028,Kris Parkways,58046,Audreanneview,81524-7418,Cuba,CU,72.72384,4.70908
513,Dixie,Armstrong,oreilly.susan@hotmail.com,19304706366,1984-04-29,female,http://tillman.com,http://placeimg.com/640/480/people,382 Schmeler Walk,Pfannerstill Common,40262,New Caleighport,89451-5319,Estonia,EE,-61.928372,-173.08633
514,Billie,Johns,cornelius36@weissnat.org,12075386377,2024-08-01,female,http://herman.com,http://placeimg.com/640/480/people,242 Corwin Drive Suite 946,Crist Burgs,86606,Hermistonbury,26998,Costa Rica,CR,56.162392,43.05472
515,Marcelino,Purdy,wgerhold@yahoo.com,16408839897,2018-10-17,male,http://kuhic.com,http://placeimg.com/640/480/people,235 Jones Pike,Considine Knolls,2489,Purdyfort,16758-0136,Botswana,BW,-47.45966,-114.279085
516,Octavia,Ruecker,funk.mozell@gmail.com,13234483515,1972-12-31,female,http://terry.com,http://placeimg.com/640/480/people,33007 Freda Plaza,Crona Land,2186,West Camillebury,45187,Slovakia,SK,3.086399,52.36217
517,Dolly,O'Reilly,wroob@hessel.com,15017854877,2010-03-19,female,http://moen.net,http://placeimg.com/640/480/people,762 McGlynn View,Seamus Village,64616,West Lesliemouth,43277-7581,Isle of Man,IM,-52.273042,117.7681
518,Amira,Macejkovic,jwitting@hauck.com,12837149972,2024-01-30,female,http://white.com,http://placeimg.com/640/480/people,51950 Greenfelder Bypass,Stanton Ways,2460,Zettaview,80731-1766,Türkiye,TR,43.872057,-166.745669
519,Tania,Leannon,ybauch@kirlin.com,12535208891,2017-01-14,female,http://wisoky.com,http://placeimg.com/640/480/people,6709 Carson Loaf Apt. 706,Citlalli River,625,Bergeport,60973-1759,Hungary,HU,71.981131,-131.442195
520,Kaitlin,Jaskolski,wisozk.mathilde@orn.biz,19868463518,2006-04-03,female,http://lockman.com,http://placeimg.com/640/480/people,9209 Gleason Meadow Suite 184,Hermiston Falls,239,Whiteville,03715,North Macedonia,MK,-18.90569,95.02573
521,Ford,Homenick,white.roma@hintz.org,18606050326,1995-02-18,male,http://grant.com,http://placeimg.com/640/480/people,42506 Beulah Overpass,Celia Manors,51222,North Andreane,78270-0855,Haiti,HT,-63.057365,112.014513
522,Ruthie,Cummings,kovacek.jazmin@gmail.com,17086437704,2019-09-28,female,http://monahan.org,http://placeimg.com/640/480/people,751 Keith Roads Suite 934,Johnston Walks,123,Ornland,97582,Seychelles,SC,-60.460512,-67.42641
523,Presley,Gleason,jewel.west@yahoo.com,12087629813,1964-09-15,male,http://hill.com,http://placeimg.com/640/480/people,52769 Dewayne Island,Nakia Causeway,6554,North Gustave,94138,Faroe Islands,FO,-41.44928,-96.518478
524,Dagmar,Schumm,conrad65@gmail.com,16236999296,1982-08-10,male,http://baumbach.info,http://placeimg.com/640/480/people,54064 Durgan Dale,Koelpin Greens,6104,Steuberhaven,05051,Pakistan,PK,-47.146536,120.15786
525,Tristian,Sawayn,margaretta22@hotmail.com,13642254973,1951-07-11,male,http://boehm.com,http://placeimg.com/640/480/people,5650 Berge Light,Edythe Walks,5060,Lake Arneborough,19715-4512,American Samoa,AS,-46.193428,-107.847
526,Harvey,Hermann,addie33@gmail.com,13512995660,2011-01-27,male,http://haag.com,http://placeimg.com/640/480/people,784 Crona Mountains,Rahul Mountain,240,Port Mattie,46091-5445,Djibouti,DJ,-84.910523,-140.333507
527,Xander,Blanda,kennedy76@hotmail.com,19156603695,1938-07-03,male,http://west.com,http://placeimg.com/640/480/people,2183 Pfeffer Groves Apt. 379,Hank Run,206,Linastad,76995,Hungary,HU,-43.259531,64.79466
528,Gustave,King,yundt.kaitlyn@yahoo.com,19364490052,2024-09-08,male,http://kerluke.info,http://placeimg.com/640/480/people,413 Maggie Courts Apt. 367,Gerhard Lodge,250,Brakusbury,92009,China,CN,-26.989062,-128.091153
529,Bryon,Conn,amayer@rohan.com,16289984766,1994-11-08,male,http://langworth.com,http://placeimg.com/640/480/people,287 Cassandra Lock Suite 027,Metz Rapid,5104,North Olemouth,98206-0646,St. Martin,MF,47.574676,154.911821
530,Destiney,Bartoletti,jocelyn94@hotmail.com,16572360040,1975-09-16,female,http://gerhold.com,http://placeimg.com/640/480/people,85389 Cleveland Glens Suite 884,Kertzmann Dam,14188,Cruickshankfort,46724-3547,Rwanda,RW,10.42065,-73.272378
531,Emmett,McClure,lauryn.damore@fisher.com,14842448725,1994-09-15,male,http://breitenberg.com,http://placeimg.com/640/480/people,1888 Bauch Ranch,Cassidy Camp,143,Connborough,72474,Jordan,JO,-10.381564,112.306102
532,Esta,Bernhard,luettgen.antonina@ebert.com,18138414735,2000-07-13,female,http://kuhic.biz,http://placeimg.com/640/480/people,438 Belle Gardens,Koss Square,32863,Quitzonside,44151-0817,Moldova,MD,-57.067429,-129.504566
533,Leland,Glover,elisa73@macejkovic.com,12405722826,2012-01-29,male,http://white.com,http://placeimg.com/640/480/people,656 Von Forges Suite 242,Ryan Points,240,Kohlerburgh,34371-7076,Guyana,GY,-48.462042,-116.376651
534,Electa,Purdy,veum.lina@krajcik.com,15863903624,1983-08-08,female,http://parker.com,http://placeimg.com/640/480/people,68484 Larson Lake Apt. 701,Bettye Inlet,1475,Caesarside,88618-2864,United States,US,36.499848,-27.438723
535,Trace,Lowe,parisian.angelo@homenick.net,13477648490,1972-09-11,male,http://muller.com,http://placeimg.com/640/480/people,5719 Kayden Walk,Swaniawski Estate,25322,Wymanville,89938,Wallis & Futuna,WF,-59.666517,156.941319
536,Kendra,Ward,blake66@yahoo.com,16672400229,1989-01-05,female,http://nolan.net,http://placeimg.com/640/480/people,54665 Willa Turnpike,Wolff Extensions,879,East Mark,08963,Grenada,GD,-61.720082,-118.233365
537,Jazmyn,Reinger,romaguera.emerson@yahoo.com,18708345785,1945-09-24,female,http://mohr.com,http://placeimg.com/640/480/people,4694 Towne Ramp Suite 007,Flatley Groves,2155,Mullerburgh,53626-9402,St. Lucia,LC,63.552144,177.671747
538,Alysson,Pouros,sandy.hansen@hotmail.com,13106966247,1996-04-10,female,http://kemmer.info,http://placeimg.com/640/480/people,47548 Pfeffer Burg,Malvina Fall,9008,Hillarybury,86080-5876,Panama,PA,-28.290486,-63.974745
539,Lucious,Hackett,leanne.kuphal@medhurst.com,16148495890,2005-06-11,male,http://harber.net,http://placeimg.com/640/480/people,3145 Graham Wells,Daniel Shore,6157,Port Jackelinehaven,99448,Seychelles,SC,60.201717,55.317552
540,Gillian,Mayer,boehm.madie@hotmail.com,15348973868,1979-07-29,male,http://eichmann.com,http://placeimg.com/640/480/people,41809 Juana Trail,Colten Heights,6819,North Glenmouth,41059,Bulgaria,BG,35.896268,40.43194
541,Rossie,McCullough,jace.hansen@oreilly.com,17812948013,1939-11-08,female,http://sporer.biz,http://placeimg.com/640/480/people,74606 Hand Crest Suite 396,Donnelly Rapid,122,Muellerport,70672,Dominica,DM,80.763636,48.934864
542,Gust,McLaughlin,matilde06@hotmail.com,17347510580,1954-07-19,male,http://walsh.info,http://placeimg.com/640/480/people,53972 Rodrigo Springs,Balistreri Brooks,350,Lake Robb,73856,Cyprus,CY,-40.918642,-169.807442
543,Kaycee,Grady,josefa15@hotmail.com,16312341539,2021-11-12,female,http://schoen.biz,http://placeimg.com/640/480/people,457 Mustafa Drive Suite 402,Otto Village,729,Thurmanfurt,81681,Iceland,IS,-28.053367,71.494462
544,Edmond,Kling,trey.wilderman@frami.com,13802042029,1958-06-15,male,http://eichmann.com,http://placeimg.com/640/480/people,79034 Unique Turnpike Apt. 105,Graham Rue,2958,Lake Guy,40586,Seychelles,SC,-9.121103,121.554545
545,Emie,Glover,pacocha.darian@rice.com,16233634751,1996-06-26,female,http://russel.biz,http://placeimg.com/640/480/people,4929 Lawrence Port,Uriel Ranch,8934,Augustville,03889-0500,Indonesia,ID,10.851648,133.802145
546,Akeem,Lesch,hodkiewicz.maynard@haag.info,17349461659,1990-05-28,male,http://roberts.info,http://placeimg.com/640/480/people,6857 Hirthe Brooks,Pierre Stravenue,690,Haleighberg,11253-1828,Oman,OM,-39.415315,17.905505
547,Brain,Towne,jalyn63@hotmail.com,15802167626,1997-08-29,male,http://pollich.com,http://placeimg.com/640/480/people,13221 Armando Bridge Suite 108,Jordi Pines,161,Lake Maybellside,92466,Togo,TG,8.57045,65.334917
548,Kaleb,Goldner,katrina32@swaniawski.net,17856332304,1998-08-14,male,http://hamill.org,http://placeimg.com/640/480/people,215 Roberts Ferry,Collins Estates,49980,East Felicitaton,62511-3642,Papua New Guinea,PG,-55.039043,6.677324
549,Annie,Hill,ckuhic@marks.com,15712440392,2015-03-23,female,http://hane.com,http://placeimg.com/640/480/people,8348 Runolfsdottir Underpass Suite 230,Gwen Spurs,1936,Ortizville,11641,North Macedonia,MK,18.009457,40.991295
550,Ladarius,Bogisich,twiza@hotmail.com,18479561989,2019-06-07,male,http://terry.com,http://placeimg.com/640/480/people,672 Mitchell Union Apt. 560,Janis Estate,426,Lake Moshe,57826-2705,Lithuania,LT,-66.15414,-105.736124
551,Marlen,Bradtke,murphy.haley@yahoo.com,15314674910,1997-12-28,female,http://grimes.com,http://placeimg.com/640/480/people,58989 Paul Knolls,Erna Spring,47651,Chetville,42970,Lesotho,LS,46.652894,-50.773092
552,Evangeline,Leuschke,woodrow63@gmail.com,13646541572,1942-10-05,female,http://mosciski.com,http://placeimg.com/640/480/people,91100 Yasmin Square,Leannon Port,80865,Donnellyville,42138-3665,Serbia,RS,-49.857271,-175.32385
553,Kayden,Mosciski,xfahey@yahoo.com,18565906941,2019-09-15,male,http://toy.com,http://placeimg.com/640/480/people,67829 Kitty Throughway Apt. 584,Crooks Mission,61789,Lake Abdul,20050-2660,Aruba,AW,1.164903,-77.167122
554,Jack,Koelpin,brakus.garland@corwin.net,15093000783,2014-10-07,male,http://hahn.com,http://placeimg.com/640/480/people,20796 Erwin Squares Suite 522,Bennett Common,81655,New Dewitt,15823-0520,Germany,DE,77.934971,6.488486
555,Janet,Volkman,ettie.harvey@mertz.info,15415497257,1943-03-11,female,http://moen.com,http://placeimg.com/640/480/people,204 Thompson Place,Warren Lane,93117,Cartwrightville,83377-9499,Italy,IT,-19.866103,141.041191
556,Holden,Larkin,mkuhlman@johnston.com,12039752234,1950-04-18,male,http://fahey.com,http://placeimg.com/640/480/people,2233 Hane Forge,Stokes Ferry,88188,Alexysview,00484,South Sudan,SS,69.153753,161.776629
557,Baylee,Hayes,klein.larissa@klein.org,16122623405,1990-10-19,male,http://eichmann.com,http://placeimg.com/640/480/people,9449 Block Islands Apt. 747,Meagan Garden,607,Lake Breanneberg,91530,United Kingdom,GB,10.340701,76.863125
558,Cameron,Monahan,elody.volkman@west.com,15856233077,1990-01-28,male,http://bernier.com,http://placeimg.com/640/480/people,1039 Legros Spring Apt. 966,Mraz Trail,76601,Randyland,00623-9971,Fiji,FJ,68.650583,111.784701
559,Nicola,Monahan,tromp.francesco@hotmail.com,19472331442,1940-02-13,male,http://fritsch.com,http://placeimg.com/640/480/people,334 Tremblay Island,Jasmin Shore,39669,Stephanieborough,66687-7306,Indonesia,ID,30.871885,64.719885
560,Hortense,O'Kon,bechtelar.cyril@hahn.com,12704435994,1991-06-21,female,http://weber.info,http://placeimg.com/640/480/people,115 Christian Shoals Suite 832,Aidan Forges,703,Port Lamar,13002-5678,British Indian Ocean Territory,IO,63.526265,124.338133
561,Juanita,Homenick,sipes.chet@flatley.com,19406885315,1949-06-13,female,http://buckridge.com,http://placeimg.com/640/480/people,43138 Hershel Meadow Apt. 283,Ernser Stream,54251,New Elseshire,37861,Namibia,NA,-17.103738,-10.279678
562,Gracie,McLaughlin,adella.bednar@hotmail.com,15314996652,1941-10-31,female,http://kihn.net,http://placeimg.com/640/480/people,740 Dickinson Center,Lelia Lights,3528,Caryside,09227-9494,Cuba,CU,81.472981,-91.83225
563,Doug,Hayes,zschroeder@gerlach.com,19415678492,2013-03-21,male,http://brown.com,http://placeimg.com/640/480/people,484 Fisher Pine Apt. 165,Parisian Parkway,69112,Lake Lamarville,52038-5611,Papua New Guinea,PG,46.802402,45.71348
564,Federico,Fay,dannie71@robel.org,16267188371,1951-04-30,male,http://koelpin.com,http://placeimg.com/640/480/people,8652 Schiller Plains,Santino Port,6278,Dulceview,60966-2782,Tanzania,TZ,-68.189111,-56.680275
565,Arianna,Carter,ratke.tyree@schroeder.com,12342259925,1954-10-17,female,http://schaden.net,http://placeimg.com/640/480/people,4904 Asha Lock Apt. 643,Borer Corner,8067,Parkerland,93194,Macao SAR China,MO,-57.548434,-23.824547
566,Rosanna,Weber,haag.courtney@yahoo.com,18645556367,1966-01-15,female,http://blick.com,http://placeimg.com/640/480/people,4997 Kovacek Crescent Suite 734,Blick Creek,836,Halvorsonport,19048,United Kingdom,GB,-24.619775,-41.448333
567,Elbert,Reinger,rolfson.janae@hotmail.com,14708164438,2004-10-11,male,http://schowalter.com,http://placeimg.com/640/480/people,3856 Orlo Plains,Alice Village,469,East Odellville,04611,Moldova,MD,6.028213,-179.732591
568,Luna,Larkin,kaylee14@gmail.com,13616059310,2025-01-14,female,http://schmitt.com,http://placeimg.com/640/480/people,726 Ratke Oval Suite 123,Beau Ranch,30074,Port Anais,54454-7745,Pakistan,PK,53.189963,76.369166
569,Eloisa,Lueilwitz,phudson@hotmail.com,16617906264,1954-03-31,female,http://keeling.org,http://placeimg.com/640/480/people,1390 Elyse Stream Apt. 633,Hills Trafficway,831,Lake Ola,64328,Norway,NO,-84.074294,75.189144
570,Carlie,Sporer,kristian.gutkowski@hackett.com,12408500496,1997-01-19,female,http://quigley.com,http://placeimg.com/640/480/people,567 Alberto Rue Apt. 875,Marianna Flat,60163,East Myleneborough,30568,Syria,SY,-82.682124,155.953125
571,Vivian,Feest,green.raynor@little.com,13619309829,2009-07-14,female,http://bogan.com,http://placeimg.com/640/480/people,932 Darrin Terrace Suite 379,Obie Wells,523,New Cristalfurt,77304,Myanmar (Burma),MM,19.593526,-140.006156
572,Nakia,Rosenbaum,darien64@yahoo.com,14048351151,1957-05-22,female,http://braun.com,http://placeimg.com/640/480/people,750 Kutch Crossroad Suite 338,Schowalter Loop,2118,Craigfort,80268-1016,Gibraltar,GI,13.650012,-22.201917
573,Arnulfo,Prosacco,mireya21@bahringer.org,19495600601,1961-08-04,male,http://ondricka.com,http://placeimg.com/640/480/people,61637 DuBuque Rapids,Becker Forge,2737,Swaniawskiport,40629-6232,Canada,CA,-46.106429,25.730421
574,Deron,Stark,mpacocha@gmail.com,19592021049,1950-08-25,male,http://mills.org,http://placeimg.com/640/480/people,736 Audrey Dam,Jacynthe Pass,2217,Lake Arne,42562-2423,Bahrain,BH,88.977489,-35.162353
575,Elwin,Stoltenberg,frederick98@yahoo.com,15044548441,2006-03-26,male,http://oberbrunner.net,http://placeimg.com/640/480/people,85649 Tre Drive Suite 017,Lorenz Spring,612,Hershelfort,83050,Equatorial Guinea,GQ,-83.959968,1.540648
576,Ernie,Shanahan,stacy.jaskolski@gmail.com,16144332928,1990-04-05,male,http://nikolaus.org,http://placeimg.com/640/480/people,3593 Erdman Island,Trycia Trafficway,7818,East Kelsi,03943-0342,South Korea,KR,30.880032,144.616336
577,Helmer,Monahan,velma08@yahoo.com,15806006663,1994-12-25,male,http://beahan.com,http://placeimg.com/640/480/people,994 Mabel Corners Apt. 397,Hudson Locks,310,Spencerton,08628,Bangladesh,BD,-65.041365,159.905641
578,Travon,Zieme,rokon@jaskolski.com,13618825707,1966-12-09,male,http://homenick.com,http://placeimg.com/640/480/people,1418 Idell Glen,Emard Greens,3359,West Silas,71976-9777,United States,US,-49.814988,-62.757521
579,Tiffany,Senger,rboehm@smitham.com,17729751843,1960-10-27,female,http://schmitt.com,http://placeimg.com/640/480/people,33533 Reagan Rapid Suite 153,Marlene Mountains,2614,Lake Golda,85680-4601,French Southern Territories,TF,-66.366889,-14.317298
580,Edward,Steuber,stephany62@yahoo.com,15616052067,1985-11-11,male,http://ratke.com,http://placeimg.com/640/480/people,7364 Runolfsson Parks Apt. 252,Ayden Estate,94162,Harrisshire,99655,Congo - Brazzaville,CG,-53.563603,-0.749042
581,Danika,Shields,sebastian31@yahoo.com,15088685352,1986-09-27,female,http://conn.com,http://placeimg.com/640/480/people,83554 Selmer Loaf,Wade View,12994,Port Haleigh,77119-5235,Niger,NE,-33.34767,18.108715
582,Garry,O'Connell,anderson.eino@gmail.com,17135487493,1980-11-17,male,http://flatley.com,http://placeimg.com/640/480/people,454 Araceli Streets,Gislason Path,2316,New Cordie,20705,Northern Mariana Islands,MP,31.752702,-172.6573
583,Orpha,Goyette,mjacobi@hotmail.com,12679411950,2019-05-13,female,http://stamm.com,http://placeimg.com/640/480/people,3421 Mabelle Plaza,Hill Gateway,2173,Prohaskastad,33960-5743,Austria,AT,-73.359922,167.431373
584,Shaina,Nikolaus,yherman@baumbach.com,18605796845,2015-09-24,female,http://marks.com,http://placeimg.com/640/480/people,35839 Douglas Heights Apt. 586,Heloise Field,3463,Lake Tyreek,37504,Mali,ML,-51.539452,169.493255
585,Tiara,Keebler,morissette.clovis@hotmail.com,12167492223,1989-12-21,female,http://altenwerth.biz,http://placeimg.com/640/480/people,7948 Nienow Manor,Hansen Well,56309,Veumhaven,13332-1583,Mongolia,MN,-42.929805,59.343779
586,Pinkie,Goyette,kian40@kuhn.net,17572366361,1948-11-25,female,http://botsford.org,http://placeimg.com/640/480/people,282 Alena Coves,Stamm Circle,42563,Lake Robinside,50918,Malaysia,MY,3.988454,19.522998
587,Kyler,Romaguera,keshaun.runolfsdottir@hotmail.com,12606848285,1988-12-12,male,http://lubowitz.com,http://placeimg.com/640/480/people,163 Laury Green Suite 694,Schulist Orchard,31319,Koeppmouth,31398-0873,Iran,IR,21.343469,-76.500294
588,Adeline,Howell,hailey89@yahoo.com,15207186867,2023-07-21,female,http://wiza.org,http://placeimg.com/640/480/people,24194 Sarina Island Suite 582,McGlynn Expressway,14467,Port Karolann,54220-3705,Bhutan,BT,-80.230664,100.072903
589,Gerhard,Leannon,kmante@yahoo.com,12839738522,2016-10-17,male,http://bernier.com,http://placeimg.com/640/480/people,1593 Mante Estates,Feest Cliffs,604,Karenmouth,83222-7303,Andorra,AD,39.156031,-102.966254
590,Alena,Von,sarah48@gmail.com,18783749875,2006-02-07,female,http://fay.net,http://placeimg.com/640/480/people,5807 O'Keefe Mountains,Colleen Manors,6781,Morissettefurt,15952,Dominica,DM,-16.172936,-80.956463
591,Caesar,Schneider,misty09@buckridge.com,13607319871,1958-01-14,male,http://goodwin.com,http://placeimg.com/640/480/people,73914 Herzog Drive Apt. 084,Hamill Springs,8173,Stehrview,78369,Honduras,HN,65.69032,176.852548
592,Unique,Boehm,malvina.rath@ondricka.com,15208973436,1962-02-03,male,http://reilly.biz,http://placeimg.com/640/480/people,404 Lia Forges,Leila Valleys,737,O'Konborough,85046,Croatia,HR,20.250383,-1.72572
593,Sherwood,Keebler,grady.bradtke@sipes.com,15408647377,2009-02-08,male,http://muller.com,http://placeimg.com/640/480/people,641 Goyette Land Apt. 774,Hessel Ramp,71092,Port Keyonton,07232-9624,Seychelles,SC,-78.113619,-41.898595
594,Arden,Breitenberg,marcellus16@breitenberg.org,15407544064,1999-05-03,male,http://kerluke.com,http://placeimg.com/640/480/people,95549 Oberbrunner Village,Clifton View,1428,Runteshire,99913,Bahrain,BH,58.379778,62.257806
595,Reymundo,Runte,drodriguez@yahoo.com,12123599703,1983-12-23,male,http://stiedemann.com,http://placeimg.com/640/480/people,140 Rohan Mountain Apt. 755,Karlie Stream,8359,North Brendaport,69737-6556,Maldives,MV,13.578071,43.508768
596,Hillary,Streich,wwalker@gleason.info,13167607856,1968-05-22,female,http://bayer.com,http://placeimg.com/640/480/people,1192 Altenwerth Knoll Apt. 290,Towne Pass,86124,Port Paris,71414-1779,South Korea,KR,79.946615,73.350882
597,Alexandrine,Mayer,thora.hessel@hotmail.com,19728050846,2019-12-08,female,http://fritsch.net,http://placeimg.com/640/480/people,485 Kyle Parkways Apt. 928,Schimmel Trace,41318,Ignatiusmouth,23660-1418,Anguilla,AI,22.410587,-80.18258
598,Ricardo,Heller,curtis75@hammes.net,19107640851,2007-12-22,male,http://stark.info,http://placeimg.com/640/480/people,6005 Heaney Trail Apt. 844,Quitzon Orchard,8096,Beckerstad,93603-4142,Macao SAR China,MO,78.135797,2.288391
599,Katharina,Heathcote,pablo.grady@yahoo.com,16577741730,2003-05-24,female,http://quitzon.org,http://placeimg.com/640/480/people,77619 Mraz Mills,Lavinia Green,28390,South Raymondmouth,00130,Solomon Islands,SB,-35.126671,52.258592
600,Fern,Pacocha,yrowe@hotmail.com,15052317808,2024-12-05,male,http://kunde.biz,http://placeimg.com/640/480/people,98488 Reed Manors,Mohammad Grove,9429,Ethanbury,68844-1690,Brunei,BN,28.633487,-134.349891
601,Karley,Hodkiewicz,mgusikowski@gmail.com,12196261993,1979-01-06,male,http://schumm.net,http://placeimg.com/640/480/people,305 Lia Turnpike,Miller Village,92999,Bayerside,30071-7797,Dominica,DM,-7.858973,54.095012
602,Lew,Hartmann,ernser.lacy@hotmail.com,13807404062,1983-10-04,male,http://stamm.com,http://placeimg.com/640/480/people,8503 Carlie Tunnel,Reichel Shore,730,South Ladarius,63396-1738,Micronesia,FM,-73.234255,-81.1038
603,Afton,Hane,marjorie.quigley@yahoo.com,13309638163,1989-07-09,male,http://gottlieb.com,http://placeimg.com/640/480/people,2556 Klocko Square,Bobbie Plaza,6247,Bridiehaven,74215,Caribbean Netherlands,BQ,-17.701514,-178.647889
604,Daniela,Hessel,chester39@gmail.com,19288503727,2015-07-28,female,http://veum.com,http://placeimg.com/640/480/people,8782 Mylene Neck,O'Kon Skyway,652,New Sarahland,66147-0221,British Indian Ocean Territory,IO,-8.732919,66.177647
605,Oren,Jenkins,nicklaus.lemke@keebler.org,19373347250,1957-05-28,male,http://reichel.com,http://placeimg.com/640/480/people,6605 Fritsch Pike Suite 532,Karina Pine,657,Jacobsonport,08959-5732,Samoa,WS,45.907522,-9.208358
606,Vada,Beahan,keyshawn.boehm@harber.com,15076348673,2007-08-20,female,http://reilly.com,http://placeimg.com/640/480/people,5709 Halvorson Street,Chyna Brook,7880,New Ellisstad,45470,Cyprus,CY,-81.562594,-94.794613
607,Ophelia,Streich,jacinthe21@yahoo.com,15036474831,2009-04-03,female,http://becker.com,http://placeimg.com/640/480/people,21504 Jarret Roads Suite 861,Wilkinson Corners,95241,South Isabelle,52351,Eswatini,SZ,73.113814,-26.582569
608,Kay,Gerlach,theodore.deckow@hotmail.com,17166014746,2006-12-02,male,http://schowalter.com,http://placeimg.com/640/480/people,96559 Kasey Alley,Keeling Street,982,North Torrance,00388,Kenya,KE,-13.359437,-52.996737
609,Jabari,Heaney,xschuster@waelchi.com,16308663617,1956-10-17,male,http://kunze.net,http://placeimg.com/640/480/people,2839 Mills Roads Apt. 820,Enid Union,91091,Elmoreview,93102,Antarctica,AQ,48.608601,26.374363
610,Ashleigh,Kiehn,okautzer@yahoo.com,16263786797,2012-08-19,female,http://lang.com,http://placeimg.com/640/480/people,2235 Little Isle,Reva Ports,920,North Hollis,15221-4641,Paraguay,PY,-47.755254,16.686411
611,Liana,Schimmel,kallie14@klocko.com,16415966784,1980-03-23,female,http://kuhic.com,http://placeimg.com/640/480/people,795 Terry Crest Suite 746,Rath Summit,948,Ivahstad,97968,Iceland,IS,-75.87832,77.934451
612,Halle,Walter,bernhard.dannie@hotmail.com,15419040555,2011-10-02,male,http://kirlin.com,http://placeimg.com/640/480/people,65557 Durgan Unions,Zelma Creek,596,North Dessie,29861-5091,Burundi,BI,-80.58097,177.367782
613,Amya,Monahan,edmund68@schmitt.com,12059295196,2001-05-11,female,http://bernier.com,http://placeimg.com/640/480/people,26922 Marquardt Square Suite 529,Orpha Vista,2274,Dooleytown,94463-2973,Aruba,AW,55.441427,176.160692
614,Adaline,Gerlach,spencer.joannie@nienow.net,17317267379,1974-03-06,female,http://carter.net,http://placeimg.com/640/480/people,99434 Margaret Throughway,Quentin Ports,11925,New Schuyler,87094,Fiji,FJ,80.212975,-91.43175
615,Madelynn,Schaden,sid65@yahoo.com,13216654550,1957-02-01,female,http://keeling.com,http://placeimg.com/640/480/people,2286 Icie Place Apt. 221,Earnest Ways,314,Volkmanport,78865-0377,Liechtenstein,LI,81.503737,157.67411
616,Gaylord,Fisher,beth.reynolds@hintz.com,14124071254,1951-08-17,male,http://harris.net,http://placeimg.com/640/480/people,4213 Kreiger Isle Apt. 855,Mona Green,92147,Katelinfort,85197-4152,North Macedonia,MK,56.667894,-115.890404
617,Isaias,Fritsch,kuphal.johnpaul@kuhic.com,18388454858,2014-11-17,male,http://monahan.com,http://placeimg.com/640/480/people,4359 Kennedi Ferry Suite 271,Cummings Gardens,5873,Gutkowskichester,05193-6892,Nauru,NR,-58.886319,-65.961336
618,Pearlie,Carroll,paucek.norris@jacobs.net,18025447211,1954-12-25,female,http://williamson.com,http://placeimg.com/640/480/people,71699 Millie Garden,Zula Turnpike,341,East Laneybury,77293-8562,Romania,RO,10.412648,-162.29228
619,Bessie,Pfeffer,kristin24@yahoo.com,14354541254,1938-04-12,female,http://dibbert.biz,http://placeimg.com/640/480/people,8225 Abelardo Tunnel Apt. 939,Mina Stream,418,East Christaport,94481-8643,Afghanistan,AF,-77.725385,-52.096887
620,Travis,Abernathy,fpfannerstill@gmail.com,13465289640,1960-09-26,male,http://harris.com,http://placeimg.com/640/480/people,55577 Garnett Lodge Apt. 320,Balistreri Mountain,4257,D'Amoreland,36324-9256,Greece,GR,-15.258198,1.417032
621,Jerad,Yost,stanford50@dibbert.net,18704628922,1982-06-03,male,http://gerlach.com,http://placeimg.com/640/480/people,51451 Hilpert Squares Apt. 331,Alvera Way,1755,New Krystina,47153,St. Vincent & Grenadines,VC,-84.104301,144.999212
622,Hank,O'Keefe,albert99@parker.com,14084150552,1972-11-23,male,http://bogisich.com,http://placeimg.com/640/480/people,65019 Nikolaus Avenue,Kub Glen,13968,Dandrefort,94627-4178,British Virgin Islands,VG,-28.412997,147.391523
623,Macie,Paucek,hermiston.selina@ohara.biz,18389889647,2021-11-24,female,http://jakubowski.org,http://placeimg.com/640/480/people,9712 Bode Rest,Bashirian Port,34401,Port Robertaberg,95396,Cape Verde,CV,-43.387229,161.55485
624,Lawrence,Little,bartell.woodrow@maggio.net,15703332240,1978-10-22,male,http://muller.com,http://placeimg.com/640/480/people,318 Parker Center Suite 904,Henderson Fall,73390,Muellerhaven,86429-2690,Panama,PA,25.281321,-144.581216
625,Aliya,Bashirian,kennedi.crooks@grant.org,17545534805,2014-06-07,female,http://watsica.org,http://placeimg.com/640/480/people,60970 Jaime Wall,Richmond Stravenue,5230,Lake Nora,02827,Libya,LY,87.956155,68.330276
626,Audie,Eichmann,kendrick.macejkovic@gmail.com,18484226558,2022-07-08,female,http://williamson.com,http://placeimg.com/640/480/people,83629 Napoleon Landing Suite 233,Morar Manors,911,Kobyside,10381-6985,Guam,GU,-71.659995,-88.612274
627,Edwina,Brakus,wendell.oconnell@erdman.org,17702941121,1981-06-08,female,http://durgan.com,http://placeimg.com/640/480/people,74249 Bogisich Route,Armani Stream,993,Athenafurt,29691,Guinea-Bissau,GW,3.273825,39.067657
628,Rita,Marks,pat96@hotmail.com,12727772970,1943-01-28,female,http://heathcote.org,http://placeimg.com/640/480/people,48068 Frami Freeway,Halvorson Orchard,46512,South Madonnatown,73670,Angola,AO,27.207844,107.147804
629,Nestor,Flatley,vtreutel@gibson.com,19149121586,1966-01-21,male,http://ferry.com,http://placeimg.com/640/480/people,557 Kennedi Wells,Dare Parkways,172,Emilfurt,46930,Azerbaijan,AZ,-12.583239,53.081721
630,Glenda,Bayer,cartwright.augustus@hotmail.com,17402478546,2012-06-02,female,http://klein.org,http://placeimg.com/640/480/people,61913 DuBuque Road Suite 918,Gregg Vista,244,South Urielfurt,75943,Algeria,DZ,30.533324,-58.3318
631,Luciano,Bode,greilly@upton.com,13023241146,1947-04-05,male,http://murazik.com,http://placeimg.com/640/480/people,9304 Ova Creek Apt. 509,Shaun Prairie,8439,Uptonberg,35605-0991,Ireland,IE,-72.722959,18.252621
632,Rhoda,Bernhard,aosinski@hotmail.com,19724565108,2011-12-14,female,http://powlowski.com,http://placeimg.com/640/480/people,925 Muller Plains,Uriah Ville,37715,Port Mandy,86091-2494,Sierra Leone,SL,25.121591,-62.690807
633,Alexzander,Larkin,dgorczany@yahoo.com,12318380272,1972-02-23,male,http://ernser.com,http://placeimg.com/640/480/people,28611 Amalia Rue Apt. 045,Mallie Haven,657,North Pollyland,34336,Malawi,MW,-19.004581,-130.86837
634,Hannah,Shanahan,markus49@gmail.com,15346332808,1970-04-17,female,http://fahey.com,http://placeimg.com/640/480/people,560 Pfeffer Street Apt. 799,Gottlieb Estates,39071,South Luis,48662-1668,Honduras,HN,-59.084697,-56.976514
635,Darryl,Marquardt,white.halle@spinka.com,14357447466,1946-03-12,male,http://farrell.com,http://placeimg.com/640/480/people,1880 Schuster Square,Wolff Shoal,77292,Jevonton,39264,Norway,NO,24.955925,-89.959959
636,Wilhelmine,Quitzon,olegros@gmail.com,13193633720,2011-07-16,female,http://schmidt.com,http://placeimg.com/640/480/people,289 Gutkowski Extension,Madisen Dale,16167,South Aidan,49754,St. Kitts & Nevis,KN,56.007097,52.401534
637,Gabe,Stiedemann,cremin.veronica@lehner.com,14254189532,1958-11-16,male,http://zboncak.com,http://placeimg.com/640/480/people,90993 Madisen Coves Apt. 878,Justine Mountain,25335,Melanychester,87679,Croatia,HR,34.363869,-148.967045
638,Kylie,Walter,sanford.letha@daugherty.net,15019999929,1947-05-03,female,http://simonis.org,http://placeimg.com/640/480/people,386 Flatley Avenue Suite 424,Iliana Field,262,East Talia,67391-5906,Finland,FI,21.017509,-64.626433
639,Edna,Carter,schultz.shayne@yahoo.com,16267899651,2004-03-01,female,http://daugherty.com,http://placeimg.com/640/480/people,1324 Shyann Unions Suite 373,Caterina Stravenue,4937,Gutkowskibury,46948-8298,Faroe Islands,FO,-67.661878,-2.249715
640,Arlie,Bins,shannon22@aufderhar.com,18786955192,2021-12-19,female,http://rath.net,http://placeimg.com/640/480/people,673 Zachariah Tunnel,Dooley Road,9901,West Hugh,63538-6253,North Korea,KP,62.033502,142.763171
641,Cary,Rolfson,casandra88@kuphal.com,16507845711,1952-11-25,male,http://johnston.com,http://placeimg.com/640/480/people,21641 Willms Court Suite 248,Connor Greens,305,South Moriah,72461,Solomon Islands,SB,-5.942344,-128.865461
642,Garrick,Shanahan,beverly.heathcote@yahoo.com,14706682189,1975-02-13,male,http://little.com,http://placeimg.com/640/480/people,29962 Reilly Course,Reba Road,400,North Justus,89757-8631,Ecuador,EC,-51.679198,-2.407316
643,Stuart,Homenick,jaylan.mayert@gmail.com,18437534093,1983-07-17,male,http://jacobson.com,http://placeimg.com/640/480/people,6099 Nienow Mountains Apt. 080,Webster Creek,3118,Chaseville,36388,Morocco,MA,83.455656,169.926703
644,Adelle,Abbott,sortiz@yahoo.com,13099164040,2025-10-28,female,http://breitenberg.info,http://placeimg.com/640/480/people,14329 Palma Burg,Funk Glens,385,New Malikaside,63493-9169,Paraguay,PY,74.678645,-84.822428
645,Mozelle,Maggio,reggie.walter@gmail.com,17868983053,1974-10-05,female,http://schulist.com,http://placeimg.com/640/480/people,27439 Maddison Rapids,Ebert Shores,2094,East Electa,51963-1354,Russia,RU,86.747999,-43.329892
646,Solon,Schaden,wmoen@bradtke.com,17249422892,1939-02-05,male,http://schmidt.com,http://placeimg.com/640/480/people,8909 Gertrude Causeway,O'Conner Avenue,58921,West Leatha,42801-5525,Laos,LA,-11.929122,132.468587
647,Darrion,Kunze,sgrimes@kassulke.com,16068655807,2008-02-21,male,http://funk.net,http://placeimg.com/640/480/people,498 Imelda Dam,Roberta Canyon,4908,Cooperborough,49184-6874,Germany,DE,-25.244105,169.220775
648,Hope,Turcotte,zetta.schiller@beier.biz,12396911517,1992-05-12,female,http://ondricka.com,http://placeimg.com/640/480/people,66100 Edna Squares Apt. 218,Mossie Shoal,19725,Lake Justyn,09301-0379,Bahrain,BH,-48.274592,-143.650299
649,Dawn,Smitham,becker.vincent@gmail.com,13258947053,2002-01-29,female,http://jacobi.org,http://placeimg.com/640/480/people,8265 Mertie Prairie Suite 527,Anna Unions,486,New Ignatiusport,28322,U.S. Virgin Islands,VI,44.104258,134.625805
650,Alejandra,Tromp,runolfsson.carlo@cole.com,19206981420,1977-09-27,female,http://torphy.info,http://placeimg.com/640/480/people,2521 Heathcote Throughway Apt. 240,Clementine Wall,2195,West Carolanneshire,39884,Togo,TG,32.080045,139.654342
651,Alexane,Goyette,madisyn17@kuvalis.com,12602790829,1998-05-26,female,http://buckridge.com,http://placeimg.com/640/480/people,44246 Waylon Port,Julius Crest,601,East Felicity,20726-7006,Togo,TG,58.564296,-52.893595
652,Veda,Dach,hahn.edison@torp.com,12153664432,1995-01-29,female,http://paucek.com,http://placeimg.com/640/480/people,655 Jeramie Pike Apt. 372,Archibald Plaza,3324,Jaquelineburgh,95964-1219,Malaysia,MY,51.037959,-136.823169
653,Rhianna,Fay,ulises.barton@lynch.com,19714020710,1954-01-11,female,http://kub.com,http://placeimg.com/640/480/people,519 Mosciski Squares,Tillman Lock,11718,Corneliustown,25393,Cuba,CU,75.967263,45.315804
654,Herbert,Marks,karen.ernser@gmail.com,18726943306,1942-12-23,male,http://lakin.com,http://placeimg.com/640/480/people,63658 Willa Knolls Suite 257,Rohan Centers,1575,West Mohamedside,49539,Oman,OM,50.347615,157.457177
655,Humberto,McDermott,yschmeler@gmail.com,17545125589,2015-06-18,male,http://koss.info,http://placeimg.com/640/480/people,547 Mertz Knoll Suite 691,Williamson Haven,987,Lake Golda,65882-7979,Montenegro,ME,-50.642734,134.27485
656,Laurence,Konopelski,rcormier@gmail.com,14194922667,1951-07-29,female,http://raynor.info,http://placeimg.com/640/480/people,9977 Madalyn Place,Labadie Lane,675,Port Maureenview,84180-5860,Armenia,AM,-84.314468,0.391747
657,Antonietta,Herzog,kunde.zackary@yahoo.com,13036296661,1950-01-08,female,http://graham.com,http://placeimg.com/640/480/people,826 Lindgren Views Suite 182,Brant Manors,192,South Breana,97759,Australia,AU,75.973876,-95.227746
658,Muriel,Dickinson,feest.eddie@gmail.com,17072455059,1959-03-24,female,http://schowalter.net,http://placeimg.com/640/480/people,84078 Meghan Ferry Suite 108,Kamille Shoal,393,Norbertoland,19331,Somalia,SO,-16.222119,148.456604
659,Alanna,Hartmann,marlon22@brekke.com,18707216086,2006-02-04,female,http://eichmann.info,http://placeimg.com/640/480/people,542 Okuneva Rapid,Lynn Manors,6970,Amberborough,78611-0926,Israel,IL,23.281998,12.609677
660,Jakayla,Schmitt,bernard.glover@gmail.com,18569277003,1971-08-12,female,http://reinger.com,http://placeimg.com/640/480/people,7878 Garth Crescent Suite 240,McGlynn Bridge,4973,Brendaland,78858,Tanzania,TZ,-79.491325,-156.9058
661,Shana,Nicolas,zbode@gmail.com,18385601503,2000-11-17,female,http://heathcote.com,http://placeimg.com/640/480/people,1298 Adams Ville,Gilbert Ridge,856,Rempelview,65961,Sudan,SD,-3.627197,109.387026
662,Simone,Nikolaus,bechtelar.nellie@hills.com,14124203486,1971-07-30,female,http://dickens.biz,http://placeimg.com/640/480/people,4464 Reagan Ford Apt. 521,Pfeffer Forks,460,East Jabari,29298-3642,Togo,TG,12.758897,33.047891
663,Kailee,Crooks,jakubowski.jessica@gmail.com,14155573699,1971-11-05,female,http://wunsch.com,http://placeimg.com/640/480/people,1595 Kuvalis Lane,Alanna Mount,3867,North Marjorie,74039,Vanuatu,VU,-70.570823,-22.57768
664,Kaitlyn,Zboncak,brisa.daugherty@gmail.com,14427205335,1982-04-13,female,http://smith.org,http://placeimg.com/640/480/people,111 Reed Stream,Adele Camp,538,Murphyfurt,70391-0185,Pakistan,PK,-30.853667,108.064408
665,Roxanne,Kuhn,wbeahan@hotmail.com,16129518837,2015-10-23,female,http://shanahan.com,http://placeimg.com/640/480/people,763 Louisa Station,Hills Summit,185,Port Walker,77051-8870,Canada,CA,-8.514465,-62.867443
666,Stanford,Bernier,cathy80@yahoo.com,14789923716,1994-02-09,male,http://kautzer.net,http://placeimg.com/640/480/people,736 Lehner Stream Suite 279,Roberts Fork,9729,Port Mallieberg,65422,Uzbekistan,UZ,-28.532109,45.201444
667,Marcos,Herzog,grover51@mcdermott.info,18206034778,1968-03-21,male,http://collins.org,http://placeimg.com/640/480/people,65929 Ewell Fall,Monahan Parks,645,Fayhaven,02694-2046,Senegal,SN,2.113587,-4.162722
668,Miles,Larson,annalise.jacobs@gmail.com,13207249327,1956-07-06,male,http://bartoletti.com,http://placeimg.com/640/480/people,12885 Garrick Corner,Helena Keys,43204,Lake Josefatown,26464,United Arab Emirates,AE,-72.479069,172.880458
669,Thomas,Stanton,eanderson@pacocha.com,13204947876,1997-12-18,male,http://moen.com,http://placeimg.com/640/480/people,7745 Steuber Drive Suite 704,Hyman Forges,6856,Runtemouth,93573,Gambia,GM,57.22338,77.186987
670,Aileen,Wolff,umohr@jakubowski.org,18455524530,1974-12-14,female,http://sawayn.biz,http://placeimg.com/640/480/people,799 Rowe Radial Suite 175,Koelpin Common,56490,North Lamontchester,66351-3992,St. Helena,SH,-31.786731,-29.701038
671,Tate,Russel,joe42@gmail.com,14248692769,1995-06-15,male,http://little.com,http://placeimg.com/640/480/people,29330 Ofelia Union Apt. 019,Virgil Terrace,1968,Jeramiefurt,34362,Liberia,LR,-88.001451,50.700056
672,Walton,Dickens,gottlieb.reymundo@hotmail.com,14799123623,1942-02-20,male,http://stiedemann.com,http://placeimg.com/640/480/people,33014 Ezequiel Ramp,Theresa Court,302,Port Josebury,19388-8045,Indonesia,ID,75.052537,-120.502985
673,Erik,Shields,ukilback@gmail.com,19299040917,1977-04-05,male,http://block.com,http://placeimg.com/640/480/people,7971 Kassulke Divide,Howell Light,25204,Keanuton,63583,Côte d’Ivoire,CI,-4.409233,137.167863
674,Merl,Huel,bertha67@boyer.org,12722407578,1988-08-03,male,http://frami.org,http://placeimg.com/640/480/people,80500 Robel Crescent Suite 254,Beer Ways,670,Mrazchester,80210-3540,Czechia,CZ,19.674865,17.974516
675,Jacey,Senger,burdette.adams@green.com,12838124561,1954-03-10,male,http://mcdermott.com,http://placeimg.com/640/480/people,71008 Keebler Hills,Mraz Locks,926,East Yasmeen,44770,U.S. Outlying Islands,UM,51.505438,-80.307414
676,Clement,Dietrich,greenfelder.ansley@jaskolski.com,13524739393,1965-11-27,male,http://ohara.com,http://placeimg.com/640/480/people,551 Crystel Fork Apt. 312,Wendy Crescent,105,Koelpinburgh,66100-9880,Uganda,UG,-65.482171,-173.629305
677,Buford,Walsh,kilback.delmer@gmail.com,13072762219,1978-10-16,male,http://kiehn.com,http://placeimg.com/640/480/people,675 Fadel Walk,Melany Street,8337,Chandlerchester,43098-6393,Vatican City,VA,44.537435,-55.346958
678,Bridie,Volkman,emil81@yahoo.com,17063743984,1979-09-04,female,http://strosin.com,http://placeimg.com/640/480/people,33918 Berenice Greens,Pink Plain,383,Jessieshire,91169-5932,Iraq,IQ,-32.764925,-91.668534
679,Felicity,Ferry,lisa.dicki@hotmail.com,19729544090,1945-11-07,female,http://schinner.com,http://placeimg.com/640/480/people,12705 Maggio Fort Apt. 417,Hills Stravenue,6581,Treutelchester,63476-3065,South Georgia & South Sandwich Islands,GS,34.558642,21.538241
680,Shany,Bosco,khills@yahoo.com,15414719930,1940-07-03,female,http://cassin.net,http://placeimg.com/640/480/people,90068 Wisozk Bypass,Kaley Hollow,619,South Rhoda,07777,France,FR,-64.135314,-0.426593
681,Rod,Yundt,tristian.gibson@gmail.com,19599276119,1971-02-23,male,http://hoppe.com,http://placeimg.com/640/480/people,178 Reilly Greens,Curt Terrace,8988,New Velda,75731,Taiwan,TW,89.793496,74.608792
682,Eudora,Wehner,lafayette96@gmail.com,17314244212,1976-07-07,female,http://zieme.com,http://placeimg.com/640/480/people,55418 Arely Plain Apt. 126,Percival Circle,7516,Emmetborough,89303-6028,St. Pierre & Miquelon,PM,13.101038,118.386402
683,Keagan,Donnelly,gleason.maia@hamill.com,14403238839,1982-03-07,male,http://tromp.com,http://placeimg.com/640/480/people,7523 Bednar Curve Suite 675,Braun Row,452,Vandervortstad,76620,Canada,CA,-85.632448,-86.402958
684,Juwan,Gibson,kfadel@blick.info,17402992898,2023-11-16,male,http://stroman.biz,http://placeimg.com/640/480/people,79453 Kemmer Ville,River Grove,86486,North Derricktown,04886,Algeria,DZ,-5.977238,-81.106046
685,Marcella,Flatley,kuhlman.jimmie@gmail.com,19134087553,1968-04-04,female,http://wiza.com,http://placeimg.com/640/480/people,6597 Doyle Circle,Graham Neck,601,Marlenetown,74483,Niue,NU,14.434605,-144.604312
686,Hosea,Turcotte,lucile.carter@kihn.info,12023623154,1982-02-03,female,http://pacocha.org,http://placeimg.com/640/480/people,25399 Schinner Rest Suite 477,Bruen Extensions,1383,East Wernerbury,46545-6514,Moldova,MD,-30.892871,45.305976
687,Emile,Mann,smitham.katheryn@bayer.com,12482785803,2005-06-30,male,http://langosh.com,http://placeimg.com/640/480/people,62812 Padberg Ports Apt. 255,Dayana Ferry,282,Amanishire,25397-0246,Guam,GU,59.692907,-110.793666
688,Gerard,Wolff,rosalind47@hotmail.com,19807960296,1939-03-31,male,http://ritchie.com,http://placeimg.com/640/480/people,8112 Clinton Corner Apt. 654,Windler Crescent,54292,Kyleefurt,07524,Kiribati,KI,-56.834095,-6.348784
689,Miles,Greenholt,xbecker@predovic.net,18175750769,1939-05-21,male,http://stracke.com,http://placeimg.com/640/480/people,2230 Boehm Spring Apt. 032,Petra Burgs,230,North Elta,99423,Trinidad & Tobago,TT,16.90767,74.433614
690,Dan,Lowe,nbradtke@hane.info,17328437632,1978-04-08,male,http://stroman.com,http://placeimg.com/640/480/people,1965 Rodolfo Fall,Balistreri Squares,4458,Dooleyberg,22212,Maldives,MV,-57.41162,79.947511
691,Darrel,Gusikowski,wwalter@langworth.com,17045160483,1957-03-30,male,http://feeney.com,http://placeimg.com/640/480/people,7659 Mohr Cliff Apt. 678,Dina Via,5426,Napoleonshire,01843-8505,Gambia,GM,-1.466673,163.689425
692,Clarissa,Torp,dibbert.rebeka@gmail.com,16179335900,1940-08-26,female,http://mayer.com,http://placeimg.com/640/480/people,396 Noe Corners Apt. 329,Bogan Wells,731,Adanville,37273-2112,Tuvalu,TV,12.447896,102.133845
693,Reta,Hand,kulas.crawford@nitzsche.org,16577575550,1961-10-18,female,http://skiles.com,http://placeimg.com/640/480/people,51743 Letitia Tunnel Apt. 020,Barton Mountain,709,Dewittstad,94979-1231,British Virgin Islands,VG,72.415455,-5.656315
694,Sadye,Corwin,dusty56@littel.biz,16502440147,1952-02-20,female,http://keebler.com,http://placeimg.com/640/480/people,2785 Metz Turnpike Apt. 752,Anderson Canyon,836,West Alberthaport,55337-7030,Spain,ES,31.957781,-119.242465
695,Ryder,Vandervort,letitia62@hotmail.com,17723216776,1945-08-30,male,http://marquardt.biz,http://placeimg.com/640/480/people,73988 Bryon Land Suite 230,Ward Pine,4028,Rennerborough,92338,Equatorial Guinea,GQ,-34.48971,-22.441387
696,Dominic,Sauer,kory13@yahoo.com,14234730282,1994-02-14,male,http://windler.org,http://placeimg.com/640/480/people,341 Dickinson Flat Suite 190,Joesph Orchard,490,West Lynnburgh,84931,Congo - Brazzaville,CG,58.311623,-115.697865
697,Casper,Erdman,quinton52@davis.com,14452885723,1974-04-12,male,http://wuckert.com,http://placeimg.com/640/480/people,890 Norval Port,Felicita Station,7121,North Unique,21310-4101,Guadeloupe,GP,40.312956,-170.701083
698,Isabel,Mitchell,hbotsford@schultz.com,12794164849,1983-05-31,female,http://cormier.com,http://placeimg.com/640/480/people,41531 Batz Walk,Geovany Cove,72397,South Fritz,45202,Malta,MT,25.832609,26.276997
699,Sabina,Greenholt,dorthy08@gmail.com,19365778891,1997-10-29,female,http://fisher.biz,http://placeimg.com/640/480/people,456 Kozey Centers Suite 418,Chesley Plaza,54450,West Franz,37612-0382,Niue,NU,-18.091807,-144.374246
700,Edyth,Walsh,yreynolds@hotmail.com,19076040827,1978-05-08,female,http://mcglynn.com,http://placeimg.com/640/480/people,1519 Monahan Shoals Apt. 343,O'Kon Mills,673,Kingview,70108-8383,Angola,AO,42.546143,-159.858468
701,Emilie,Rempel,yundt.elijah@hotmail.com,19788572101,2013-08-02,female,http://barton.org,http://placeimg.com/640/480/people,32359 Marcel Courts Apt. 497,Eliza Avenue,5113,McLaughlinhaven,15979-3553,Mauritania,MR,-84.775265,-16.307476
702,Erik,Volkman,skuhn@kerluke.net,17854812676,1964-11-18,male,http://crist.net,http://placeimg.com/640/480/people,310 Destini Well,Nicolas Shores,248,Carrollshire,82367-8571,Antigua & Barbuda,AG,85.111478,-127.982371
703,Brannon,Schiller,giovanni88@gmail.com,13093495007,2022-03-14,male,http://kovacek.com,http://placeimg.com/640/480/people,482 Guillermo Green Suite 818,Erika Circles,762,Baumbachchester,86940,Bermuda,BM,-19.444492,-78.122516
704,Otilia,Purdy,champlin.jacinto@yahoo.com,14082555977,1958-03-29,female,http://dooley.com,http://placeimg.com/640/480/people,75607 Cecilia Village Suite 238,Donnelly Rapids,5305,Lake Julianaside,82595-4746,Netherlands,NL,29.55034,-93.387215
705,Tony,Roberts,caterina68@hotmail.com,16063788844,1965-07-09,male,http://von.com,http://placeimg.com/640/480/people,183 Lillian Springs,Casimir Fields,384,Lake Armando,18022-3831,Myanmar (Burma),MM,-66.001718,150.42619
706,Ivy,Collier,thurman.bailey@swaniawski.com,18708024396,1988-04-30,female,http://batz.biz,http://placeimg.com/640/480/people,4389 Torphy Rest Suite 683,Fidel Circles,4713,North Kendallmouth,95310,Monaco,MC,26.024588,2.802177
707,Bartholome,Bosco,justus.trantow@hotmail.com,17624767387,1963-07-03,male,http://ankunding.com,http://placeimg.com/640/480/people,657 Gino Mission,Brannon Viaduct,8972,Thompsonchester,76200,Réunion,RE,48.859955,-32.902719
708,Candida,Brekke,dare.graham@hahn.com,19295746913,2000-10-16,female,http://muller.info,http://placeimg.com/640/480/people,92452 Powlowski Mountain,Matilda Divide,67813,Lake Breanneland,73076-5114,India,IN,34.897602,91.1946
709,Nathanial,Barrows,aauer@gmail.com,12396933192,1999-03-20,male,http://denesik.com,http://placeimg.com/640/480/people,93841 Marquardt Trafficway,Zoie Canyon,633,Jabaritown,02036,Guernsey,GG,-28.210644,42.000906
710,Jordy,Shields,cummings.leonie@hotmail.com,16788936369,2011-08-26,male,http://rippin.com,http://placeimg.com/640/480/people,28690 Maximillian Grove Suite 272,Brayan Turnpike,23132,East Eileen,33676-5589,Tokelau,TK,89.092564,124.441085
711,Ashley,Marvin,denesik.margot@yahoo.com,12832277585,1976-10-25,female,http://auer.com,http://placeimg.com/640/480/people,139 Jan Wells Suite 676,Adams Vista,767,Abshireland,66444,Georgia,GE,84.087067,1.945864
712,Cristobal,Weber,eusebio54@gmail.com,17208405353,2024-10-17,male,http://stiedemann.net,http://placeimg.com/640/480/people,18270 Braeden Highway Apt. 192,Kraig Parkways,51248,Halvorsonfort,95763-6876,Russia,RU,79.049084,-105.919329
713,Pat,Flatley,gibson.janae@hotmail.com,18085442613,1966-11-14,female,http://rowe.net,http://placeimg.com/640/480/people,69529 Price Pike Apt. 037,Ward Place,2053,Heathcotestad,90089-3292,Slovakia,SK,-30.06093,157.45163
714,Amely,Von,ena.casper@gmail.com,16295210376,2015-01-02,female,http://russel.com,http://placeimg.com/640/480/people,714 Cristobal Mills,Brianne Green,7965,Araborough,20757-2428,Norfolk Island,NF,-5.711073,15.878386
715,Dimitri,Hoeger,jdicki@yahoo.com,16412487631,1965-02-09,male,http://wehner.com,http://placeimg.com/640/480/people,52316 Jessyca Drive,Feil Avenue,8643,South Francescaview,04391-5451,Isle of Man,IM,45.391996,-117.214329
716,Keyshawn,Gutmann,beahan.heloise@hotmail.com,13232327066,1937-02-12,male,http://bartoletti.net,http://placeimg.com/640/480/people,6071 Jones Centers Apt. 903,Laila Port,615,Bradenhaven,11899,Guernsey,GG,-7.562418,-36.538284
717,Elsie,Kassulke,rempel.verona@halvorson.com,15638809259,2014-04-14,female,http://kemmer.com,http://placeimg.com/640/480/people,87842 Dietrich Radial,Heaven Corner,77093,West Garretland,30435,Mali,ML,57.642215,179.752282
718,Franco,Green,leatha.lubowitz@hotmail.com,17375629728,1944-03-25,male,http://fadel.biz,http://placeimg.com/640/480/people,119 Eichmann Haven,Huel Green,30881,New Enriquefort,63371,North Korea,KP,-76.024205,154.674735
719,Braeden,Zemlak,nader.katlynn@yahoo.com,18063635466,2005-02-18,male,http://romaguera.net,http://placeimg.com/640/480/people,73245 Schowalter Ways Apt. 476,Jacobs Cliffs,476,Reynafurt,28769,Caribbean Netherlands,BQ,-61.232843,-12.246089
720,Ignatius,King,qfeil@beahan.net,16402343555,2019-02-03,male,http://littel.org,http://placeimg.com/640/480/people,99915 Angelica Forest,Bashirian Mount,9951,Port Adrienne,20918-0629,Malawi,MW,-23.976066,47.540096
721,Kristoffer,Kunze,rippin.kaylin@yahoo.com,14755294408,1985-11-05,male,http://schimmel.com,http://placeimg.com/640/480/people,791 Corbin Glen Apt. 416,Wolf Camp,1602,Lake Madelyn,42769-5680,Madagascar,MG,-30.334118,-170.478784
722,Shad,Mueller,merl14@dickens.org,16786135294,1955-09-19,male,http://hilpert.org,http://placeimg.com/640/480/people,95447 Zulauf Springs Apt. 850,Lawrence Coves,5043,Louborough,15787,Chile,CL,12.682763,93.644308
723,Daphne,Ritchie,grayce99@yahoo.com,18043978202,2005-07-20,female,http://gibson.biz,http://placeimg.com/640/480/people,16075 Cleta Port Apt. 296,Hailie Courts,345,Lubowitzville,14953-4708,Micronesia,FM,-29.80276,54.322324
724,Velva,Herman,rath.toy@greenfelder.biz,12027018222,1936-06-23,female,http://vonrueden.com,http://placeimg.com/640/480/people,6677 Breitenberg Rapids Suite 739,Arch Parkway,56646,West Aidanland,43135,Saudi Arabia,SA,-10.816547,122.007498
725,Amos,Braun,yvette91@gmail.com,16313980638,2020-09-25,male,http://mante.com,http://placeimg.com/640/480/people,5659 Lura Vista,Kuvalis Ramp,28323,East Sidneyfort,31777,Serbia,RS,73.905095,158.340312
726,Kattie,Streich,wtremblay@swaniawski.com,16787196503,1987-01-13,female,http://lowe.com,http://placeimg.com/640/480/people,11789 Jaren Ports Apt. 213,Brown Divide,439,North Judah,41974,Burundi,BI,-35.654807,104.746258
727,Frederic,Dickinson,johann23@dicki.biz,14807377635,2017-10-07,male,http://homenick.com,http://placeimg.com/640/480/people,496 Block Cove,Janessa Summit,68242,North Alexandreafort,66744-0465,Indonesia,ID,-66.197526,-178.423672
728,Deven,Rutherford,cbeahan@roberts.com,12838131298,1943-09-03,male,http://breitenberg.biz,http://placeimg.com/640/480/people,445 Amber Islands,Veum Stravenue,214,Pfefferville,72000,Senegal,SN,38.931386,-123.828472
729,D'angelo,Gleichner,bdooley@dach.com,12547482954,1966-06-15,male,http://bahringer.biz,http://placeimg.com/640/480/people,35574 Davonte Crossing Apt. 487,Beier Bypass,9745,Eduardohaven,30400-1120,Slovenia,SI,-2.569883,61.478919
730,Dylan,Herzog,kris.eleazar@hotmail.com,19142232992,1984-02-09,male,http://keebler.org,http://placeimg.com/640/480/people,21270 Bill Station Apt. 708,Damien Fields,24963,Lake Jaredmouth,13304-7402,Cameroon,CM,-49.446119,2.892372
731,Dana,Hyatt,hagenes.kale@gmail.com,12082208074,2004-02-01,female,http://skiles.com,http://placeimg.com/640/480/people,2993 Walker Forge,Tatyana Road,32012,South Ashlyport,45192-8199,Lesotho,LS,53.449133,115.219943
732,Marge,Wintheiser,shyann03@hotmail.com,19287271537,2002-09-18,female,http://harris.net,http://placeimg.com/640/480/people,645 Grimes Heights Apt. 163,Schuster Highway,4985,Lake Maybellefort,81145-2220,Malta,MT,31.659343,96.591054
733,Manley,Bins,lupe.spinka@yahoo.com,14639154626,1962-05-23,male,http://rosenbaum.org,http://placeimg.com/640/480/people,42510 Chanel Loaf,Volkman Ramp,108,South Jordonchester,39320-7647,Vatican City,VA,32.868482,52.913413
734,Kyle,Robel,nitzsche.arvel@considine.com,14588807703,1977-12-24,male,http://towne.biz,http://placeimg.com/640/480/people,3363 Judd Lake,Grimes Harbors,651,Jacobichester,50930,Kuwait,KW,-80.220609,-96.588532
735,Georgette,Reichel,ansel85@daugherty.com,16577567517,1957-03-17,female,http://heller.com,http://placeimg.com/640/480/people,514 Natasha Prairie Suite 295,Dan Route,82568,New Everettville,11914,Iran,IR,-35.89983,7.521574
736,Queen,Hills,langosh.elissa@gmail.com,14809664651,1998-06-16,female,http://adams.com,http://placeimg.com/640/480/people,346 Neil Walks,Purdy Plaza,149,East Teagan,66807,Algeria,DZ,-7.10461,-16.263081
737,Isidro,Buckridge,wgleason@cummings.com,14124099512,2003-02-19,male,http://dibbert.com,http://placeimg.com/640/480/people,7238 Kreiger Divide Suite 705,Birdie Falls,2125,North Celine,13784-8820,Mayotte,YT,42.919733,3.94397
738,Franz,Paucek,afton70@herzog.info,19307771845,1981-10-28,male,http://kozey.net,http://placeimg.com/640/480/people,45400 Elias Manor,Auer Ranch,291,Alexanderhaven,08577,British Indian Ocean Territory,IO,37.196639,-86.29945
739,Nico,Corwin,jevon11@spencer.info,17608839008,1944-10-09,male,http://christiansen.org,http://placeimg.com/640/480/people,4412 Cayla Greens,Kip Garden,66222,Crooksburgh,39084,Ghana,GH,73.483401,-176.895999
740,Wilma,Waters,jeffrey.yundt@cormier.org,14196891971,1950-10-10,female,http://hoeger.com,http://placeimg.com/640/480/people,90078 Delpha Streets,Fay Inlet,689,Kemmerstad,97873,Eswatini,SZ,-23.296206,-148.251263
741,Favian,Fisher,tlebsack@feest.com,15416607331,1942-07-07,male,http://weber.info,http://placeimg.com/640/480/people,5158 Schinner Vista Apt. 628,Fletcher Curve,6013,North Harrison,16919-2220,French Southern Territories,TF,-34.531081,-65.810458
742,Elnora,Spinka,amaya03@stokes.biz,14432378953,2019-01-15,female,http://williamson.com,http://placeimg.com/640/480/people,9843 Treutel Loaf,Lehner Spur,1445,New Hildegard,12132-1459,Guinea-Bissau,GW,-47.39386,-65.327327
743,Luna,Hudson,nader.pearl@yahoo.com,18589971731,1938-02-16,female,http://mcdermott.com,http://placeimg.com/640/480/people,7299 Davon Freeway,Pacocha Groves,35088,Lake Shanon,03958,Canada,CA,-61.600658,60.653382
744,Delaney,Ratke,patricia.watsica@hotmail.com,19868887431,2005-12-25,male,http://hoeger.com,http://placeimg.com/640/480/people,9139 Mueller Underpass Apt. 832,Derek Fork,87001,South Arnoldo,14606-2461,Chile,CL,-30.43017,-95.560814
745,Haylie,Grant,vance.stark@nicolas.com,17049706792,1975-01-19,female,http://rice.net,http://placeimg.com/640/480/people,667 Purdy Isle,Douglas Prairie,93640,Torpland,87527-9392,Egypt,EG,16.701806,43.317347
746,Morris,Zulauf,hugh.jacobi@fisher.com,16166051570,1959-10-06,male,http://wuckert.com,http://placeimg.com/640/480/people,14093 Beer Field,Lockman Shoal,7711,South Bellton,33784-8677,Benin,BJ,-50.036074,46.819742
747,Derek,Hessel,garrison.huels@bashirian.info,12156800162,1984-04-28,male,http://leuschke.org,http://placeimg.com/640/480/people,8083 Harry Flat,Jadon Divide,604,Schmittbury,27007-4523,Sudan,SD,-47.156918,-167.085266
748,Petra,Collins,eladio.braun@mertz.info,12319095374,1950-01-23,female,http://dickens.com,http://placeimg.com/640/480/people,6978 Quigley Spring,Zella Bridge,11443,Catherineview,48037-9237,Tuvalu,TV,-88.42825,124.190416
749,Edwin,Ferry,senger.bessie@hotmail.com,19376678247,2024-12-15,male,http://medhurst.com,http://placeimg.com/640/480/people,34453 Will Village Suite 784,Kreiger Viaduct,81243,New Winona,92283,Kyrgyzstan,KG,0.484886,123.88437
750,Ashleigh,Brakus,xrunolfsson@kuhlman.com,15393219947,1948-01-14,female,http://osinski.info,http://placeimg.com/640/480/people,909 Khalid Isle Apt. 891,Tracy Well,9010,Jazlynberg,28030-5042,Togo,TG,66.697386,-172.676682
751,Henderson,Hegmann,bruecker@yahoo.com,16785440494,1966-03-17,male,http://wisozk.com,http://placeimg.com/640/480/people,863 Denesik Meadow Suite 202,Maia Locks,410,Lake Craig,26516-9532,Switzerland,CH,23.073568,-138.877441
752,Kevin,Stehr,dewayne.mayert@reichel.com,17152210171,1974-06-03,male,http://barton.net,http://placeimg.com/640/480/people,96927 Jakubowski Lakes Suite 327,Rath Gardens,20623,Lake Jaceborough,43589-7116,Italy,IT,-72.902881,-64.45403
753,Dallas,Rowe,marquardt.griffin@cremin.com,18454368217,1966-09-19,male,http://mante.net,http://placeimg.com/640/480/people,871 Bernice Garden,Jared Drives,604,South Hollystad,42284-9271,Greenland,GL,-13.713053,179.428882
754,Yesenia,Deckow,ryundt@gmail.com,12723069324,1957-05-26,female,http://bergnaum.info,http://placeimg.com/640/480/people,446 Kling Camp Suite 360,Mozell Summit,64187,Gutmannton,98024,Chile,CL,32.441057,136.849979
755,Lorenz,Rohan,deichmann@wisozk.biz,14133462043,2024-06-21,male,http://abbott.com,http://placeimg.com/640/480/people,6385 Ella Squares,Rhea Walk,43438,South Miaburgh,37211,United Kingdom,GB,72.939261,-172.535806
756,Hoyt,Goodwin,eli.wyman@mclaughlin.com,19725805722,1981-02-21,male,http://flatley.org,http://placeimg.com/640/480/people,962 Benton Causeway Suite 934,Boyle Drive,99106,Kaylinburgh,70209-3697,Hong Kong SAR China,HK,33.364242,-170.537142
757,Carley,Howe,sienna.turner@daniel.com,16415254832,1936-08-19,female,http://rowe.info,http://placeimg.com/640/480/people,2076 Emard Rapids,Neoma Turnpike,5941,Consueloland,98220-5357,Philippines,PH,-43.388185,-25.293884
758,Mellie,Shields,ccollier@satterfield.com,18206126133,1954-03-08,female,http://powlowski.biz,http://placeimg.com/640/480/people,90671 Annamae Alley,Quitzon Meadows,645,New Karelle,42216-3332,Honduras,HN,79.907269,-57.906568
759,Norma,Bosco,damion.hegmann@gmail.com,15153566823,1955-06-24,female,http://lang.com,http://placeimg.com/640/480/people,7277 Pablo Hills Suite 608,Pfeffer Mills,8833,Runtebury,37009-8858,Hong Kong SAR China,HK,-53.441879,138.15981
760,Vern,Lemke,dharber@shanahan.com,16317758539,1966-03-16,male,http://hauck.net,http://placeimg.com/640/480/people,526 Buckridge Ports,Wyman Way,60482,Monahanland,92722-4162,Solomon Islands,SB,-81.1755,-70.832125
761,Jaydon,Johnson,qkerluke@rogahn.com,14157297650,1952-09-26,male,http://thompson.com,http://placeimg.com/640/480/people,98594 Kemmer Overpass Apt. 622,Leuschke Grove,5328,Jaylenfurt,76317,Suriname,SR,-64.746663,154.025063
762,Deion,Jast,ward.omari@kshlerin.info,15394789808,1987-06-18,male,http://heidenreich.com,http://placeimg.com/640/480/people,577 Toy Turnpike,Jefferey Ford,8101,Wisokyport,31084-9711,San Marino,SM,-1.150093,169.397321
763,Kevin,Schaefer,freddie33@orn.com,14694967518,1977-02-20,male,http://armstrong.com,http://placeimg.com/640/480/people,22825 Thiel Brook,Homenick Valleys,134,New Isabell,58497-6320,Liechtenstein,LI,-51.019547,143.935395
764,Nora,Cassin,treva.littel@yahoo.com,12489322971,1990-10-29,female,http://ferry.com,http://placeimg.com/640/480/people,760 Janae Neck Apt. 346,Elbert Springs,17287,Maiaview,44931,French Guiana,GF,-22.104669,175.609821
765,Jaime,Reichel,desiree20@kreiger.org,17034896365,1995-04-20,male,http://hagenes.org,http://placeimg.com/640/480/people,590 Elmer Avenue Apt. 501,Rogelio Dam,444,South Katheryn,70721,Haiti,HT,82.47116,-47.116514
766,Filiberto,Hoeger,shaylee07@yahoo.com,16098560504,1976-11-24,male,http://krajcik.com,http://placeimg.com/640/480/people,4448 Elody Pike Apt. 950,Daugherty Street,291,Janickborough,85220-3961,Gibraltar,GI,-17.148646,24.696598
767,Prudence,Hilpert,lenore.wyman@champlin.com,12168467702,1984-07-19,female,http://smitham.com,http://placeimg.com/640/480/people,2814 Reta Garden Apt. 231,Ashton Skyway,71724,North Weston,48317,Macao SAR China,MO,-1.221868,-25.458319
768,Iliana,Dooley,delia79@yahoo.com,13092991589,2003-09-24,female,http://murray.org,http://placeimg.com/640/480/people,9428 Loy Fields Apt. 429,Jammie Cliff,89883,North Marinafort,49242,St. Martin,MF,-54.50841,-116.492038
769,Elliot,Farrell,shields.deon@hoeger.info,13393685901,2013-09-21,male,http://mclaughlin.com,http://placeimg.com/640/480/people,121 Kristy Lodge Apt. 958,Velva Lights,93527,Marisachester,91753,Brazil,BR,-38.829826,-79.237089
770,Ardella,Balistreri,ellis.kirlin@hotmail.com,12404457421,1997-05-01,female,http://beatty.com,http://placeimg.com/640/480/people,64238 Gorczany Ports,Luettgen Island,5017,Gaylordstad,15022-2672,Vietnam,VN,-61.434518,1.724547
771,Izabella,Schaefer,estella.goodwin@towne.biz,13416143212,1957-06-04,female,http://walsh.com,http://placeimg.com/640/480/people,68464 Runolfsson Gateway Suite 839,Maximillia Groves,8200,East Adelinetown,51015-5004,Czechia,CZ,84.848875,-8.835807
772,Khalil,Jerde,jimmie.hill@wintheiser.biz,17578454389,1990-07-23,male,http://abshire.com,http://placeimg.com/640/480/people,9575 Filiberto Row Suite 460,Emerson River,9339,Forrestside,25215-4516,Bermuda,BM,-79.613908,54.776273
773,Pietro,Beatty,grady.kristy@yahoo.com,19065012147,1983-03-21,male,http://lehner.com,http://placeimg.com/640/480/people,1113 Cloyd Cove,Celestino Light,21636,South Braden,92470,Andorra,AD,36.573297,-30.827425
774,Wilfredo,Howe,haley.dannie@gmail.com,17083044235,1959-06-30,male,http://herzog.biz,http://placeimg.com/640/480/people,3567 Strosin Plain,Grimes Ridge,954,Sammiefort,67509,Sierra Leone,SL,-79.654765,-74.936246
775,Treva,Runolfsson,jefferey35@walsh.net,14135395304,1949-12-17,female,http://hettinger.com,http://placeimg.com/640/480/people,3352 Walsh Wells Suite 259,Green Fork,14888,Lake Reanna,47032-1939,Andorra,AD,52.570912,-164.913254
776,Maribel,O'Reilly,umoen@hirthe.com,13057163711,1979-02-13,female,http://nikolaus.com,http://placeimg.com/640/480/people,52641 Koepp Cliffs Suite 030,Sauer Pines,1031,Lavadaton,36808-4343,Morocco,MA,-26.123892,-111.334986
777,Alphonso,Ebert,ywiza@medhurst.biz,12256442965,2021-12-30,male,http://kovacek.com,http://placeimg.com/640/480/people,947 Bednar Streets,Cordell Square,412,Kunzebury,34470,St. Pierre & Miquelon,PM,-88.45613,-168.743913
778,Issac,Morissette,marcos76@hotmail.com,15168107646,2022-12-06,male,http://little.com,http://placeimg.com/640/480/people,127 Joaquin Trail,Sister Mountains,22420,Funkfurt,92810,Thailand,TH,57.562552,92.104983
779,Kacie,Purdy,zrohan@koss.com,17327887301,2018-03-28,female,http://sawayn.com,http://placeimg.com/640/480/people,52525 Denis Hill,Kuhlman Knoll,61280,Metzberg,80474-4403,Costa Rica,CR,19.535717,-152.618116
780,America,Schimmel,cdurgan@gmail.com,15418841144,1940-06-04,female,http://lynch.com,http://placeimg.com/640/480/people,404 Robb Squares,Dorian Lodge,265,South Domenicafort,46058-2775,Denmark,DK,33.19647,72.130931
781,Shaina,Bailey,ujones@gmail.com,13205756996,1948-09-04,female,http://reichel.com,http://placeimg.com/640/480/people,96099 Rutherford Spurs,Weber Flats,25295,South Ryann,17976,Netherlands,NL,-34.621861,95.865729
782,Reta,Stroman,pberge@dibbert.net,19724363126,1940-06-08,female,http://rau.com,http://placeimg.com/640/480/people,686 Alexzander Meadows Suite 977,Shanahan Villages,6789,Johnathanshire,45358,Austria,AT,-48.733458,52.179918
783,Jazmin,Harris,jerde.geraldine@kunde.com,17575101045,1998-02-08,female,http://lakin.biz,http://placeimg.com/640/480/people,3204 Lueilwitz Land Apt. 816,Odell Port,52711,Crystalside,64861,Sierra Leone,SL,75.791513,168.556033
784,Bertram,Boehm,petra73@moore.com,18728464193,1976-03-24,male,http://ortiz.com,http://placeimg.com/640/480/people,42629 Dion Knoll Suite 187,Camden Fords,4725,Sylvestershire,44220-9514,Panama,PA,-85.342572,-114.599566
785,Carolyn,Wilkinson,chaim.kozey@yahoo.com,17209172446,2006-11-22,female,http://gutmann.org,http://placeimg.com/640/480/people,372 Weissnat Fords Apt. 079,Yundt Square,4516,New Kris,16217,Caribbean Netherlands,BQ,-12.378057,-80.737726
786,Lucinda,Maggio,keaton44@yahoo.com,13186355026,2014-08-16,female,http://howell.com,http://placeimg.com/640/480/people,6231 Emmerich Springs Apt. 207,Velma Hills,236,Brakusstad,09039-4904,Venezuela,VE,14.707295,27.762447
787,Pierce,Connelly,alfonso.batz@yahoo.com,19389363297,1956-09-13,male,http://beer.info,http://placeimg.com/640/480/people,763 Chris Extensions Apt. 828,Zackery Road,2936,Kautzerberg,12467-6915,Israel,IL,78.672973,162.218629
788,Zena,Stiedemann,berenice30@hotmail.com,15802283297,1995-06-28,female,http://reynolds.com,http://placeimg.com/640/480/people,655 Kshlerin Mews,Alva Stravenue,203,Giovanichester,92884,Wallis & Futuna,WF,27.632277,-17.703979
789,Ima,Schulist,felix13@mcglynn.com,14097509987,2025-10-15,female,http://emmerich.biz,http://placeimg.com/640/480/people,894 Wiza Green,Casper Pike,3242,West Dedrickfort,44730-8606,Lesotho,LS,-57.855144,67.321188
790,Christiana,Legros,whyatt@pouros.net,18486015537,1979-03-14,female,http://stehr.biz,http://placeimg.com/640/480/people,503 Roxane Village,Bailey Course,36435,Rachaelview,05272-9732,Indonesia,ID,38.253959,-78.966739
791,Jasper,Larkin,gerard25@metz.com,15162181478,1948-11-03,male,http://crooks.info,http://placeimg.com/640/480/people,1422 Antwon Walk,Conner Burg,5899,West Margarett,70078,Namibia,NA,4.952242,99.615685
792,Bernie,Armstrong,ankunding.jadon@gmail.com,13134653462,1965-12-01,male,http://mcdermott.biz,http://placeimg.com/640/480/people,6650 Ebba Courts,Beer Fords,5372,Aiyanamouth,98471-5558,Peru,PE,-33.531933,-179.100387
793,Elvie,Kuvalis,wolf.marlene@gmail.com,18458919710,1989-04-29,female,http://witting.net,http://placeimg.com/640/480/people,86320 Lorna Shore Suite 266,Dave Drive,9270,Maximusfurt,85879-9988,Belize,BZ,-49.53764,87.099007
794,Kamron,Gerhold,iabbott@yahoo.com,19192469500,2021-07-30,male,http://ritchie.info,http://placeimg.com/640/480/people,13048 Murazik Trace Suite 143,Conroy Harbor,203,New Jasperberg,48833-9254,Luxembourg,LU,44.227215,-122.444671
795,Bernice,Green,spinka.erwin@yahoo.com,19599410316,1976-06-06,female,http://wintheiser.com,http://placeimg.com/640/480/people,15993 Hahn Islands Suite 606,Hermann Club,507,West Harmony,29895,Mongolia,MN,-74.511909,-46.98567
796,Ayden,Schulist,jbalistreri@wyman.com,13864620627,1972-12-16,male,http://beer.net,http://placeimg.com/640/480/people,86040 Jevon Mills Suite 795,Toy Brook,425,Hettingerburgh,41013-0571,Wallis & Futuna,WF,11.257879,6.238736
797,Douglas,Bogisich,mann.orval@ankunding.biz,19389820930,1970-12-13,male,http://bahringer.com,http://placeimg.com/640/480/people,3440 Bruen Springs Suite 328,Jaren Green,74583,South Stephanmouth,70674,Oman,OM,-41.70549,-168.975457
798,Lenore,Tillman,bmuller@hermann.com,17577518662,1960-05-04,female,http://ankunding.org,http://placeimg.com/640/480/people,62053 Bergstrom Pine,Greenfelder Valley,898,West Percy,30384-6036,Grenada,GD,80.804889,50.924497
799,Tristin,Beer,dora.okon@will.net,13147883229,2018-05-19,male,http://kuhn.com,http://placeimg.com/640/480/people,305 Reba Springs,Nella Stream,349,Mateoshire,73014-3958,Panama,PA,74.401843,-62.575817
800,Frida,Watsica,will.lamont@sporer.biz,15618728007,2012-05-25,female,http://mann.info,http://placeimg.com/640/480/people,71038 Bradtke Underpass Suite 328,Rickey Harbors,260,Kimburgh,62849,Svalbard & Jan Mayen,SJ,23.14471,128.800393
801,Ethyl,Rau,waters.laury@gmail.com,14069889193,2009-04-07,female,http://kovacek.com,http://placeimg.com/640/480/people,5155 Jaron Forges,Streich Cliff,8714,Connstad,28984-4907,Haiti,HT,-17.659793,106.780761
802,Anthony,Altenwerth,mstark@hamill.com,18479304935,2013-05-14,male,http://kilback.net,http://placeimg.com/640/480/people,644 Borer Key Apt. 231,Golda Ports,2358,Port Cleorahaven,56803-2314,Tanzania,TZ,29.18619,78.03094
803,Amiya,Altenwerth,jarvis.macejkovic@miller.biz,12056543767,1964-05-05,female,http://walter.net,http://placeimg.com/640/480/people,4616 Labadie Isle Suite 048,Reichert Falls,18136,Beckerport,36145,Armenia,AM,-72.776833,115.96674
804,Emelie,Renner,conn.wilhelm@rogahn.biz,19473971568,2023-01-29,female,http://kiehn.net,http://placeimg.com/640/480/people,72226 Rudolph Ridge Suite 937,Lebsack Landing,3688,North Lorenzafurt,72185,Honduras,HN,-16.689319,27.892088
805,Camille,Rutherford,eugene.harris@hilpert.info,18702464861,1954-12-03,female,http://barrows.org,http://placeimg.com/640/480/people,353 Bogisich Meadows Suite 146,Leonor Rue,314,New Cletashire,15870,Lebanon,LB,-49.386842,123.566634
806,Esmeralda,Ziemann,shayna49@gmail.com,16603651058,1987-05-26,female,http://mcdermott.biz,http://placeimg.com/640/480/people,818 Dawn Turnpike,Emilia Court,6756,Rahsaanstad,62516-6241,Cambodia,KH,-9.790021,150.459482
807,Vallie,Friesen,wkemmer@mertz.com,18162050277,1988-05-28,female,http://boyle.com,http://placeimg.com/640/480/people,2750 O'Kon Causeway Apt. 571,Rempel Forge,55377,East Rosalynborough,46272,Botswana,BW,83.043403,-61.17887
808,Ayla,Langosh,qemmerich@hotmail.com,15854589292,1972-08-20,female,http://mcglynn.org,http://placeimg.com/640/480/people,99260 Elmore Mountains Apt. 275,Bruce Islands,74108,Odashire,92435,Eswatini,SZ,60.5439,-49.951072
809,Brooke,Homenick,kunze.shanel@gmail.com,14048088343,1969-03-19,female,http://batz.com,http://placeimg.com/640/480/people,102 Ankunding Shores Apt. 424,Langworth Crescent,9129,Sammyfort,56718-4322,Comoros,KM,85.860742,-11.882484
810,Abigayle,Kertzmann,rachelle.hintz@kuhic.biz,18626622774,2005-06-01,female,http://rolfson.com,http://placeimg.com/640/480/people,9766 Mathias Lodge,Isobel Locks,42999,West Irwin,61691-2074,Colombia,CO,-6.605638,55.190949
811,Orville,Kuhlman,wyman93@gmail.com,15803324104,2015-05-15,male,http://sporer.org,http://placeimg.com/640/480/people,471 Amely Lodge Apt. 764,Elsa Mission,1223,North Sydneystad,92044-1601,Mali,ML,-89.498091,-3.259524
812,Zakary,Ziemann,adrienne.abernathy@hotmail.com,15048163561,1953-05-27,male,http://hills.biz,http://placeimg.com/640/480/people,830 Lockman Harbors Suite 048,Koepp Squares,187,East Ashley,22477-0550,Guatemala,GT,75.943852,96.350235
813,Ferne,Ratke,boyle.brigitte@hotmail.com,19804194955,1939-11-18,male,http://fadel.org,http://placeimg.com/640/480/people,4982 Astrid Viaduct Suite 214,Jacobson Street,1356,South Webster,43397,Mauritania,MR,-27.518788,-54.34772
814,Fae,Heathcote,gjones@purdy.com,17865863967,1964-07-20,female,http://rolfson.info,http://placeimg.com/640/480/people,8725 Destini Fords,Kulas Circle,340,Kiehnview,37666-5146,Tokelau,TK,-23.165514,131.728033
815,Nelle,Sporer,claud.kihn@greenfelder.com,13803228264,1991-01-04,female,http://gutmann.com,http://placeimg.com/640/480/people,1643 Medhurst Pike Apt. 470,Roselyn Lock,33762,Tressiestad,17221,Niger,NE,-71.764503,-59.30207
816,Kenneth,Murphy,adonis.rutherford@gmail.com,17656798347,1976-12-16,male,http://kemmer.com,http://placeimg.com/640/480/people,2718 Dickinson Fields,Ellen Ford,7413,West Wyattburgh,08021-7355,Malta,MT,8.19286,32.94926
817,Camilla,Denesik,jmertz@gmail.com,19084919475,1983-03-23,female,http://batz.net,http://placeimg.com/640/480/people,37489 Hettinger Turnpike Suite 402,Lehner Knoll,95472,East Anita,65675-7184,South Africa,ZA,-61.327527,141.27634
818,Bette,Reichert,ugerhold@hotmail.com,18577366398,2011-07-07,female,http://haag.org,http://placeimg.com/640/480/people,1210 Lehner Mountain Apt. 698,Kaycee Orchard,9947,South Cierra,13780,Belarus,BY,80.620287,156.52433
819,Mandy,Tillman,dane.leuschke@hotmail.com,16053465916,1954-09-22,female,http://mayert.com,http://placeimg.com/640/480/people,68819 Vinnie Trafficway,Turcotte Crossing,4524,Cummingston,33067,Egypt,EG,70.900614,-71.009837
820,Shaina,Kunde,deonte79@hotmail.com,17573473998,1982-03-20,female,http://greenfelder.org,http://placeimg.com/640/480/people,2408 Stephon Mount,Herman Centers,31843,Rosamondberg,71008-2895,Algeria,DZ,18.959161,173.424991
821,Moises,Brown,guadalupe21@hotmail.com,16027467878,1956-04-16,male,http://vonrueden.com,http://placeimg.com/640/480/people,34315 Dustin Parkways Suite 037,Anderson Corner,392,Port Jaleel,27108,Saudi Arabia,SA,49.036879,-23.852296
822,Luciano,Mayer,dawson87@gmail.com,12182743672,1995-09-26,male,http://romaguera.com,http://placeimg.com/640/480/people,2090 Shayne Stravenue Apt. 846,Dusty Streets,10954,North Laurineberg,07049,Caribbean Netherlands,BQ,52.129634,41.272383
823,Bertram,Kulas,jmann@kertzmann.com,18282371901,2008-07-04,male,http://jones.org,http://placeimg.com/640/480/people,246 Yost Harbors Suite 928,Schaefer Harbor,73303,East Gabrielleshire,96543,Gambia,GM,77.285594,103.699762
824,Elizabeth,Wiegand,germaine24@hotmail.com,18287785267,2020-12-02,female,http://wolf.biz,http://placeimg.com/640/480/people,17195 Sipes Groves Suite 501,Jakubowski Village,39602,Port Ryleetown,32594,Chile,CL,16.394465,29.917697
825,Johnathon,King,missouri32@yahoo.com,12534178900,2023-03-26,male,http://padberg.com,http://placeimg.com/640/480/people,19444 Mathilde Islands Suite 658,Milo Fork,7058,Port Gaylefort,75854,Vanuatu,VU,-47.869142,14.224713
826,Tania,Medhurst,lenore45@torp.info,12317879289,2026-02-27,female,http://mertz.biz,http://placeimg.com/640/480/people,808 Koch Green,Tiffany Burg,8786,South Elvisville,60169-4346,Italy,IT,-13.576568,29.4407
827,Olaf,Berge,qbalistreri@yahoo.com,16017855944,1948-03-12,male,http://maggio.com,http://placeimg.com/640/480/people,785 Green Overpass,Ethelyn Manors,93970,Evalynmouth,60643-5718,Guinea,GN,-21.540239,-45.392285
828,Mohamed,Braun,koepp.julianne@hotmail.com,12234087475,2016-12-07,male,http://padberg.org,http://placeimg.com/640/480/people,742 Huel Groves Suite 121,Fleta Court,8524,Leopoldbury,04751-6915,Mali,ML,71.952455,-136.35847
829,Arely,Cummerata,muriel27@hotmail.com,13605859443,1950-12-11,male,http://goldner.org,http://placeimg.com/640/480/people,870 Haylie Dale Apt. 482,Heathcote Green,615,Lake General,20953,Mali,ML,83.332038,-131.202835
830,Jackson,Rath,ljenkins@kemmer.com,18433175534,1980-10-26,male,http://orn.com,http://placeimg.com/640/480/people,32551 Amaya Creek,Randy Flats,9845,Lake Francis,00325-1025,Montenegro,ME,-75.040942,-167.175943
831,Brisa,Simonis,hansen.adonis@murphy.net,16696740416,2009-05-21,female,http://jones.com,http://placeimg.com/640/480/people,810 Robel Harbors Apt. 284,Sonya Crest,23432,Bradyview,51928-3456,Angola,AO,-8.10112,118.320426
832,Gideon,Krajcik,cortney68@hotmail.com,13615889295,1967-10-07,male,http://bernier.com,http://placeimg.com/640/480/people,109 Bergnaum Green Apt. 837,Wilderman Brooks,58014,Chetshire,62633-5090,Serbia,RS,-56.591847,-85.362757
833,Imogene,Cummings,bins.otho@hotmail.com,16415291020,1979-10-25,female,http://lemke.biz,http://placeimg.com/640/480/people,5123 Gretchen Walk,Collin Curve,7539,Blandashire,07183,Laos,LA,-59.365728,131.832008
834,Heath,Lowe,emard.eileen@hotmail.com,16363972725,1945-02-09,female,http://hartmann.com,http://placeimg.com/640/480/people,994 Ryan Courts Suite 818,Ebert Route,85424,Howellland,17742,Guadeloupe,GP,6.030102,160.01425
835,Freida,McKenzie,wuckert.alexane@gmail.com,19387582319,1976-09-02,female,http://prosacco.org,http://placeimg.com/640/480/people,2571 Earnestine Mall Apt. 449,Nolan Motorway,1465,Port Sam,79480-2576,Bermuda,BM,-46.59876,-40.607912
836,Madeline,Rau,farrell.tony@wunsch.com,13016720054,1963-10-08,female,http://franecki.info,http://placeimg.com/640/480/people,62604 Maiya Road Suite 843,Bahringer Brook,40773,West Candida,79902,British Indian Ocean Territory,IO,28.142876,-35.957361
837,Tito,Bayer,kreiger.melisa@torp.com,15162533209,1938-06-19,male,http://hammes.info,http://placeimg.com/640/480/people,431 Langworth Course,Wintheiser Mill,165,Erdmanchester,62526,Belgium,BE,-32.042987,-82.710535
838,Kadin,Doyle,marcos87@hotmail.com,13518093859,1940-05-05,male,http://schaefer.com,http://placeimg.com/640/480/people,334 Von Flat,Lexie Harbors,5044,Anabelletown,16608-8464,Anguilla,AI,-14.684993,-66.505435
839,Rocio,Hilpert,lhills@yahoo.com,19382106542,1994-01-10,male,http://schamberger.net,http://placeimg.com/640/480/people,9504 Schmeler Camp,Adrain Mountain,99971,East Ivy,01125-8857,Hong Kong SAR China,HK,-25.719203,-81.692944
840,Jany,Berge,bergnaum.jessika@harris.com,15208354047,1970-01-29,female,http://wolf.com,http://placeimg.com/640/480/people,352 Goyette Roads,Boyle Stravenue,8392,New Donavonborough,93118,Liberia,LR,48.627739,62.524553
841,Clara,Bahringer,uweber@yahoo.com,14752398166,2010-10-04,female,http://mcglynn.info,http://placeimg.com/640/480/people,345 Hauck Radial,Becker Village,292,Sawaynstad,45181-3949,Fiji,FJ,-6.766555,-139.856435
842,Ralph,Bechtelar,madaline.vandervort@maggio.com,17749169172,2008-09-28,male,http://swift.com,http://placeimg.com/640/480/people,26781 Okuneva Junction,Shanny Cape,925,Jeffereymouth,08528-5300,North Macedonia,MK,88.08041,171.826262
843,Lance,Thiel,oflatley@yahoo.com,18569259871,1948-06-26,male,http://marvin.org,http://placeimg.com/640/480/people,7312 Derick Plaza,White Fall,78285,East Syblechester,58461,Argentina,AR,-1.440152,123.21241
844,Cordell,Heaney,chandler.turcotte@tremblay.com,18207715363,1939-09-27,male,http://padberg.com,http://placeimg.com/640/480/people,35290 Moses Common,Hintz Mill,5482,Rogahnmouth,22455-5359,St. Barthélemy,BL,63.878645,178.727842
845,Nova,Emmerich,rosenbaum.alex@kertzmann.info,14808628132,2009-05-21,female,http://turcotte.com,http://placeimg.com/640/480/people,19572 Jairo Mews,Angelina Loaf,8362,Medhursthaven,61317,Sint Maarten,SX,78.110472,170.379713
846,Kenyon,Koelpin,oliver85@ebert.com,12547042264,1994-07-28,male,http://schimmel.net,http://placeimg.com/640/480/people,38822 Hudson Springs Suite 072,Elvie Common,5169,East Zola,84474,Sint Maarten,SX,54.91893,124.044552
847,Trevor,Altenwerth,ransom64@hotmail.com,18782366875,2003-06-11,male,http://mohr.com,http://placeimg.com/640/480/people,497 Eldridge Turnpike,Armstrong Junction,498,Jedediahfort,00727-6907,Malaysia,MY,34.276588,151.266801
848,Maxwell,Cronin,ebert.nola@quitzon.biz,13203365969,2011-10-01,male,http://stoltenberg.net,http://placeimg.com/640/480/people,949 Funk Mountains Suite 898,Linnea Pine,164,New Rodrigomouth,21299,Guinea,GN,31.851135,-161.13387
849,Josie,Kuhlman,onolan@windler.com,15345743422,2013-11-18,female,http://parisian.com,http://placeimg.com/640/480/people,84773 Kertzmann Course,Hahn Squares,532,New Anastacio,55647,Congo - Brazzaville,CG,-72.521256,-43.056861
850,Tara,Langosh,alford.larkin@yahoo.com,13476032683,2001-02-24,female,http://wilderman.com,http://placeimg.com/640/480/people,42649 Heaney Lock,Martin Mission,675,East Lailachester,40046-1357,Syria,SY,-60.605992,-140.208372
851,Wilton,Wilderman,otha57@yahoo.com,19096667498,1988-10-03,male,http://ziemann.info,http://placeimg.com/640/480/people,113 Kiarra Rest Suite 861,Sean Streets,6439,New Bartfurt,91875-2170,American Samoa,AS,-38.008662,130.576997
852,Margarete,McDermott,fkovacek@shields.com,12343759776,1980-03-26,female,http://schinner.com,http://placeimg.com/640/480/people,8336 Piper Flat,Kshlerin Haven,3540,West Marion,98420,Dominican Republic,DO,70.665731,1.707619
853,Reva,Greenholt,ccummerata@yahoo.com,17342138633,1942-11-27,female,http://hamill.org,http://placeimg.com/640/480/people,8243 Fredrick Center Apt. 466,Schaefer Track,2623,Quigleymouth,63407,Solomon Islands,SB,-42.513319,-38.356626
854,Magali,Wiegand,fiona.marquardt@reichel.com,15757780987,1953-11-05,female,http://schowalter.com,http://placeimg.com/640/480/people,1465 Powlowski Land Apt. 600,Rodger Square,695,West Gilesmouth,88952-2098,Mexico,MX,19.040084,50.841407
855,Gladyce,Sporer,lcollier@gerhold.com,12089327885,2013-10-25,female,http://bednar.com,http://placeimg.com/640/480/people,386 Schimmel Knolls,Champlin Way,374,East Lolaview,99956,Liechtenstein,LI,-27.344442,156.590411
856,Reba,Greenfelder,koelpin.braden@schmeler.net,13303531615,1958-05-25,female,http://jacobi.com,http://placeimg.com/640/480/people,4418 Nicole Drive,Emmerich Ramp,869,New Uriah,67314-5032,Israel,IL,3.81122,40.779038
857,Jayson,Pagac,wolff.wyatt@larkin.biz,19165291397,1941-04-07,male,http://greenholt.biz,http://placeimg.com/640/480/people,28144 Zboncak Mountains,Willy View,886,Gavinland,99445,Moldova,MD,-52.094126,-98.146132
858,Myriam,Streich,gleason.barrett@kub.org,14027913614,1950-04-12,female,http://labadie.info,http://placeimg.com/640/480/people,156 Stanton Stravenue,Shakira Falls,69150,Aronview,89255-8370,Bermuda,BM,78.330812,-0.230191
859,Lavon,Rosenbaum,tre.kertzmann@pouros.biz,16406707104,2013-12-31,male,http://dubuque.com,http://placeimg.com/640/480/people,5791 Hortense Via Apt. 970,Patrick Meadows,188,Schowalterberg,85104-9698,Mauritius,MU,-42.835657,50.291712
860,Cade,Huel,jayson.brown@gmail.com,14799609593,2001-07-26,male,http://mills.com,http://placeimg.com/640/480/people,76309 Kuhn Common Suite 181,Jacynthe Extensions,663,Millershire,88988-0532,Svalbard & Jan Mayen,SJ,-72.282839,-58.703477
861,Kamryn,Keeling,maximus.conroy@gmail.com,12792398807,1959-02-10,male,http://schuppe.org,http://placeimg.com/640/480/people,1333 Madelyn Rapid,Hegmann Orchard,26281,North Brigitteshire,88534-1353,Iceland,IS,-66.012519,112.417629
862,Dixie,Morar,colin82@gerhold.info,19864553767,2019-10-23,female,http://lebsack.com,http://placeimg.com/640/480/people,519 Morissette Track Apt. 140,Cordia Cove,74549,Gorczanyshire,29858,Grenada,GD,-65.065399,-46.106979
863,Sigurd,Streich,jayne40@corwin.net,14238533111,2003-07-30,male,http://larkin.com,http://placeimg.com/640/480/people,9597 Cullen Flats,Powlowski Corner,5597,Zulaufville,73248-7351,Fiji,FJ,-34.625543,152.273953
864,Donavon,Schroeder,sweissnat@weimann.com,14803342090,1955-05-31,male,http://heidenreich.com,http://placeimg.com/640/480/people,1399 Huels Shoal Suite 798,Lacy Parkway,7445,North Isaiahport,37340-6825,Christmas Island,CX,-24.692902,-42.081253
865,Narciso,Simonis,bboyer@gmail.com,17275787155,1988-02-16,male,http://oconnell.info,http://placeimg.com/640/480/people,71322 Donato Square,Rippin Lodge,457,New Claire,05985,Tajikistan,TJ,89.5128,-73.971908
866,Marcel,Lynch,bobbie39@lehner.com,12249371634,1991-12-22,male,http://greenholt.com,http://placeimg.com/640/480/people,8559 Huels Grove,Titus Brook,59096,Bransonberg,85760-6059,Iceland,IS,-76.192788,-16.007915
867,Adonis,Kling,jacobs.elbert@yahoo.com,17795508750,1976-11-01,male,http://schimmel.com,http://placeimg.com/640/480/people,848 Francisco Burgs Apt. 785,Delphine Trace,49415,West Vance,05825,Costa Rica,CR,-40.175122,-45.645684
868,Freida,Kreiger,marquardt.fannie@gmail.com,17544909996,1972-02-20,female,http://mcclure.com,http://placeimg.com/640/480/people,300 Hoeger Ferry,Ashlynn Corners,963,Port Bradley,71422-1355,U.S. Virgin Islands,VI,-83.387561,-141.032032
869,Darlene,Dare,amelie.gibson@yahoo.com,14843159455,2022-11-01,female,http://ruecker.net,http://placeimg.com/640/480/people,29268 Celia Radial Apt. 976,Bashirian Roads,405,Lake Lysannebury,91668,Falkland Islands,FK,-86.003511,-133.707077
870,Maurine,Harvey,fbalistreri@hotmail.com,17197287781,1949-10-13,female,http://dare.com,http://placeimg.com/640/480/people,99662 Harold Crossing,Pagac Streets,307,North Joyce,85088-0723,Gibraltar,GI,-51.494618,144.465287
871,Charlotte,Hoeger,bsteuber@gmail.com,17349521442,1937-11-25,female,http://altenwerth.net,http://placeimg.com/640/480/people,571 Barney Passage,Nikolaus Meadows,86653,Markland,76313,Qatar,QA,60.524523,54.045014
872,Noe,Gislason,mohara@lind.com,19158044047,1972-03-12,male,http://jenkins.com,http://placeimg.com/640/480/people,953 Raphaelle Tunnel,Eugenia Via,667,Roxaneshire,53714-9419,Austria,AT,48.847732,86.005913
873,Kaylee,Schneider,hermann.telly@hotmail.com,13524195780,2006-02-12,female,http://shanahan.com,http://placeimg.com/640/480/people,7659 Dock Unions,Elisha Lake,16731,Jenkinsbury,08589,Estonia,EE,-65.32712,77.016324
874,Delphia,Wunsch,brice67@hotmail.com,12146305056,2011-12-18,female,http://kertzmann.com,http://placeimg.com/640/480/people,88080 Koepp Plains,Grady Ferry,8908,East Garettton,81082-8318,Aruba,AW,58.115674,97.381215
875,Jamarcus,McCullough,raphaelle55@ratke.com,13862510651,2013-03-29,male,http://abshire.com,http://placeimg.com/640/480/people,742 Misael Estate Apt. 416,Bernhard Pike,4918,Zulaufside,29500,Kyrgyzstan,KG,-6.760336,-113.778005
876,Lavina,Smith,ubartell@carroll.com,16514953038,1991-06-13,female,http://leannon.com,http://placeimg.com/640/480/people,434 Grimes Garden Apt. 601,Leatha Lake,2542,Lake Sabrynaburgh,00207,Jordan,JO,-63.006344,-119.691853
877,Skye,Nicolas,ghagenes@rodriguez.org,13302138858,1944-04-11,male,http://dibbert.net,http://placeimg.com/640/480/people,520 Bruen Bridge Apt. 836,Talon Trace,3022,Hansenville,82680-4569,Grenada,GD,-85.488052,-90.986505
878,Maud,Fisher,owisoky@hotmail.com,17013404629,2013-08-04,female,http://hills.com,http://placeimg.com/640/480/people,99924 Leannon Field,Allan Forks,6954,Toyfurt,74303,Bahrain,BH,31.893751,-157.097756
879,Milo,Durgan,gunner.will@gmail.com,19727727502,2014-07-17,male,http://gorczany.com,http://placeimg.com/640/480/people,479 Nolan Glens Apt. 578,Cronin Dam,50587,West Deshawnhaven,20168,Grenada,GD,-40.670535,-145.791878
880,Vance,Fisher,lillie03@baumbach.net,18107349140,1961-01-19,male,http://wilkinson.org,http://placeimg.com/640/480/people,4550 Carolyn Ranch Apt. 792,Schinner Neck,3706,North Lavon,26110-2637,Cyprus,CY,-25.661548,35.570026
881,Stanley,Borer,hirthe.lavinia@rogahn.com,15162317662,1976-11-06,male,http://labadie.org,http://placeimg.com/640/480/people,4185 Strosin Junction,Jedediah Grove,55563,South Mozelle,47554-6646,Bahamas,BS,-74.280917,130.709653
882,Joany,McGlynn,ekozey@denesik.com,19548821436,1996-06-05,male,http://johnston.info,http://placeimg.com/640/480/people,98486 Rosanna Cove Suite 207,Kautzer Ville,566,Schneiderton,29025-1592,Greenland,GL,-45.150359,35.984536
883,Korbin,Zboncak,oconner.chester@predovic.com,15855127295,1999-08-12,male,http://kozey.info,http://placeimg.com/640/480/people,58795 Lubowitz Forges,Stoltenberg Route,384,New Alexzander,95978-0086,Vietnam,VN,41.488509,32.813431
884,Elisha,Dickinson,ismael84@gmail.com,15759547717,1953-11-29,female,http://wunsch.biz,http://placeimg.com/640/480/people,598 Jordon Valley Apt. 133,Kozey Knolls,96542,Port Makennafurt,56700,Saudi Arabia,SA,70.668016,155.702074
885,Raleigh,Shanahan,vivienne.stokes@hotmail.com,16078097925,1979-03-07,male,http://vonrueden.com,http://placeimg.com/640/480/people,645 Bergstrom Port Apt. 798,Abe Gateway,5181,Cindymouth,24621-3178,Chile,CL,-49.219097,172.188465
886,Shanny,Schaefer,ttoy@gmail.com,19293530865,2013-10-07,female,http://mosciski.org,http://placeimg.com/640/480/people,472 Lenore Greens,Beatty Trail,27147,Maxwellview,10388-8955,Guadeloupe,GP,36.964422,-151.811524
887,Angelo,Heidenreich,glesch@yost.com,19865639876,1942-01-09,male,http://windler.biz,http://placeimg.com/640/480/people,32145 Tanner Roads,Hane Mount,7690,Cecilmouth,94645-6180,Niger,NE,15.448403,-167.355731
888,Kylie,Lebsack,mcdermott.eleanora@eichmann.biz,14306654025,1985-03-31,female,http://casper.org,http://placeimg.com/640/480/people,7839 Lily Knolls Apt. 712,Schulist Heights,7077,North Bennett,43076-7817,United States,US,-68.408254,-122.556463
889,Alisha,Johnson,fay.larkin@swaniawski.com,16414569014,1947-05-24,female,http://swift.info,http://placeimg.com/640/480/people,968 Marion Forge Apt. 718,Christop Village,4333,Judahburgh,57477-4346,Chile,CL,28.081758,144.724652
890,Dameon,King,murazik.watson@hotmail.com,17792279938,2001-02-17,male,http://schultz.info,http://placeimg.com/640/480/people,148 Anjali Unions Suite 020,Wisoky Trail,340,Maidachester,35474,Nicaragua,NI,39.981098,164.226099
891,Green,Murray,jenkins.elian@hotmail.com,13258038864,2010-08-09,male,http://zemlak.com,http://placeimg.com/640/480/people,787 Gusikowski Valleys,Miller Loaf,4397,New Dillon,86219-0145,Malawi,MW,63.634425,11.100473
892,Alba,O'Hara,ferne73@hotmail.com,14045587335,1953-11-30,female,http://boyer.com,http://placeimg.com/640/480/people,55969 O'Connell Meadows,Berneice Throughway,321,Annieland,87252,Bhutan,BT,48.442685,-74.384818
893,Bret,Hane,zdenesik@blick.com,15732092967,1936-12-21,male,http://hegmann.com,http://placeimg.com/640/480/people,362 Kautzer Fords Apt. 442,Pacocha Trafficway,231,West Callie,59835-0577,Tanzania,TZ,24.279801,-92.802129
894,Ivah,Denesik,rodriguez.nikolas@gmail.com,19419077145,1978-09-30,female,http://bradtke.com,http://placeimg.com/640/480/people,66081 Nicolas Ridges Apt. 559,Sam Fields,5095,West Ruthhaven,48879,St. Kitts & Nevis,KN,84.420071,-150.43893
895,Ellie,Herzog,umurphy@gmail.com,17017874124,2002-10-25,female,http://spinka.com,http://placeimg.com/640/480/people,7795 Russ Hollow Apt. 244,Feil Turnpike,371,Carlosstad,84460-4103,Russia,RU,82.696924,44.763733
896,Shaylee,Rempel,bauch.elliott@gmail.com,17572974951,1966-09-10,female,http://schuppe.biz,http://placeimg.com/640/480/people,348 Hessel River Apt. 963,Bosco Course,6149,Cummingsfurt,27344,Vietnam,VN,0.11726,-8.420543
897,Veda,Larson,dereck05@goodwin.com,18599663825,2026-02-27,female,http://champlin.info,http://placeimg.com/640/480/people,274 Hackett Route Apt. 593,Barton Islands,868,Hintzton,07575-7843,Anguilla,AI,-20.131655,53.27654
898,Delpha,Lockman,makenna02@yahoo.com,19208592384,1938-05-16,female,http://parisian.info,http://placeimg.com/640/480/people,260 Burnice Crossing Suite 147,Houston Fields,442,Watsicashire,74690,Lithuania,LT,-26.199849,-78.002484
899,Reece,Homenick,tbayer@hotmail.com,14589993469,1981-02-18,male,http://ankunding.org,http://placeimg.com/640/480/people,6911 Xander Keys,Hoeger Corners,185,Marvinmouth,68748-1374,Liechtenstein,LI,2.865915,23.460762
900,Gerhard,Howell,fisher.amelie@gmail.com,12089353866,2001-12-15,male,http://romaguera.org,http://placeimg.com/640/480/people,970 Claud Square Suite 858,Noelia Village,107,West Lavada,01754,South Africa,ZA,50.274799,65.779861
901,Era,Witting,dereck33@yahoo.com,18174518941,1960-03-08,female,http://mcclure.info,http://placeimg.com/640/480/people,56655 Hodkiewicz Radial,Burnice Ranch,432,West Gretchenberg,41497-7925,Slovenia,SI,84.407348,60.642873
902,Van,Schumm,haley.abernathy@hotmail.com,13345223073,2010-09-21,male,http://cartwright.com,http://placeimg.com/640/480/people,30195 Bauch River,Becker Rapids,2492,Queenbury,90489,North Korea,KP,6.090593,-81.975097
903,Jessica,Gulgowski,sipes.braxton@yahoo.com,13305856372,1983-05-05,female,http://stroman.biz,http://placeimg.com/640/480/people,171 Kreiger Shores,Graham Trail,3396,Port Claude,61684-6631,American Samoa,AS,30.551567,156.486531
904,Marcia,Marks,schaden.rahul@gmail.com,19598851988,1970-02-17,female,http://mills.com,http://placeimg.com/640/480/people,472 Ocie Trail Suite 513,Hunter Villages,5400,North Johnpaul,08114-7662,San Marino,SM,-45.429397,-18.652312
905,Katrina,Hirthe,sfunk@bartoletti.com,14073404861,1936-09-21,female,http://harvey.com,http://placeimg.com/640/480/people,485 Buck Ports,Adalberto Track,7173,Cormiershire,44565,Cameroon,CM,75.636554,140.787222
906,Maureen,Corkery,ebode@boehm.com,15136732544,2025-11-17,female,http://abshire.com,http://placeimg.com/640/480/people,1916 Manley Rapids Suite 022,Kareem Pine,12499,Lake Suzanne,21639,Iran,IR,-21.244776,-39.390931
907,Cornell,Denesik,rex.halvorson@cummerata.biz,14344946234,1963-05-29,male,http://carter.info,http://placeimg.com/640/480/people,303 Andre Dale,Armstrong Cove,51456,Joaniemouth,71926-9871,Nicaragua,NI,-9.782309,-116.576975
908,Xavier,Miller,jessica82@steuber.biz,19308365793,1963-02-08,male,http://heaney.com,http://placeimg.com/640/480/people,299 Paucek Forge Apt. 632,Durgan Extension,7010,Lake Donny,56895,Puerto Rico,PR,-45.439612,116.970521
909,Roxanne,O'Kon,goyette.bryon@considine.com,13094467338,2024-12-20,female,http://hauck.com,http://placeimg.com/640/480/people,842 Tremblay Summit Apt. 372,Wilkinson Estate,8779,East Crystal,82063-4093,Antigua & Barbuda,AG,-85.875551,-175.694946
910,Jade,Hartmann,lhansen@carroll.org,13015765704,1958-07-16,female,http://simonis.com,http://placeimg.com/640/480/people,6163 Herman Fields,Zboncak Summit,1087,South Mireyastad,15741-1083,Armenia,AM,-86.402396,157.796
911,Charlotte,Koelpin,douglas.colin@gmail.com,16417993180,1977-01-03,female,http://turcotte.com,http://placeimg.com/640/480/people,201 Kristofer Mountain Apt. 297,Hermann Springs,32862,Binsstad,59452-7241,Saudi Arabia,SA,59.645447,-94.117927
912,Deonte,Heathcote,georgiana08@gmail.com,16574368140,2003-10-20,male,http://skiles.com,http://placeimg.com/640/480/people,39787 Cecile Mews,Monroe Inlet,471,Ziemeland,48420,Micronesia,FM,-29.608736,-18.95849
913,Russel,Walter,chasity22@yahoo.com,15807365147,1971-04-15,male,http://wilderman.com,http://placeimg.com/640/480/people,141 Vivianne Ford,Cheyenne Centers,6937,Laurineborough,08530-3939,United States,US,16.573808,44.759796
914,Hershel,King,houston26@hotmail.com,15713335793,2006-05-23,male,http://kassulke.net,http://placeimg.com/640/480/people,9530 Kautzer Cliff Suite 778,Hane Mountains,26957,East Lessie,72814-1645,Morocco,MA,-33.419439,105.914534
915,Ulices,Kohler,frankie.lesch@reynolds.org,12255636502,1977-12-28,male,http://kiehn.org,http://placeimg.com/640/480/people,3885 Thompson View Apt. 505,Mills Centers,760,West Neva,79313,Andorra,AD,88.38312,137.772834
916,Kathleen,Bode,okon.stephanie@gmail.com,14306920972,1958-09-09,female,http://kuhlman.net,http://placeimg.com/640/480/people,691 Darien Streets Apt. 133,Gusikowski Rapid,545,Jedediahton,74520,Mozambique,MZ,-72.656846,97.604709
917,Danika,Turcotte,bonita13@yahoo.com,13528413286,1983-12-16,female,http://keeling.org,http://placeimg.com/640/480/people,9912 Meta Green Apt. 004,Alize Roads,39660,Sadieville,57905,U.S. Virgin Islands,VI,-67.580681,19.732548
918,Ken,Murray,vbechtelar@hotmail.com,13853785542,2011-10-28,male,http://moen.net,http://placeimg.com/640/480/people,5256 Maxwell Pines,Evangeline Road,50803,Sylvanfort,82698-0882,Philippines,PH,-88.477668,2.538624
919,Kelli,Goyette,jovan09@bahringer.com,17148102972,1982-06-17,female,http://okuneva.com,http://placeimg.com/640/480/people,654 McKenzie Ports,Cruickshank Ports,45146,Mitchellside,93227-2344,French Guiana,GF,55.257033,107.939618
920,Kellen,Goldner,ronny.huel@hotmail.com,13349299119,2021-05-16,male,http://mosciski.biz,http://placeimg.com/640/480/people,5408 Klein Creek,Terry Manors,76623,Jakubowskichester,11382-9058,Botswana,BW,-82.002449,-144.38717
921,Leora,Fadel,ari23@yahoo.com,12125456043,2007-10-01,female,http://kozey.org,http://placeimg.com/640/480/people,2756 Mosciski Freeway,O'Reilly Prairie,7607,Pagacshire,23532,Cape Verde,CV,82.29572,176.205278
922,Justice,Hauck,wilson92@hotmail.com,18283649334,2003-04-30,male,http://kautzer.info,http://placeimg.com/640/480/people,16544 Cade Mills,Kreiger Crossing,95560,Orrinside,36082-2605,Iran,IR,-54.251007,52.40707
923,Juvenal,Langosh,ettie22@treutel.com,14695620555,2018-10-23,male,http://torp.com,http://placeimg.com/640/480/people,8449 Ziemann Rest,Shields Squares,2103,Kenyonstad,96329,Central African Republic,CF,85.813285,-102.480109
924,Ernest,Grimes,bsteuber@yahoo.com,16289632958,1956-01-20,male,http://oberbrunner.biz,http://placeimg.com/640/480/people,9576 Marilyne Drive,Rippin Extensions,385,Lake Jessieshire,52873,Equatorial Guinea,GQ,-87.577156,-2.689801
925,Lilla,Kemmer,kreiger.levi@yahoo.com,13233146851,1953-10-14,female,http://hansen.com,http://placeimg.com/640/480/people,8170 Cassin Estates,Kristopher Knolls,63250,Lake Elizahaven,33388,Guyana,GY,14.844581,50.317735
926,Lawrence,Dibbert,jeffry.okuneva@frami.info,18707737552,2000-04-24,male,http://corwin.com,http://placeimg.com/640/480/people,52266 Roxanne Meadow,Will Cape,2398,Wolfffurt,22541,Pakistan,PK,-5.046626,148.058846
927,Ahmed,Kemmer,boyle.shana@gmail.com,15206638218,1971-07-18,male,http://friesen.com,http://placeimg.com/640/480/people,251 Trantow Court Apt. 350,Nolan Avenue,1056,Laurianetown,94343,Botswana,BW,-61.870594,104.435438
928,Cedrick,Ferry,angela.adams@yahoo.com,16128202266,2017-01-22,male,http://glover.com,http://placeimg.com/640/480/people,704 Joyce Ridge Suite 237,Hartmann Keys,84607,Kearafurt,60669-8843,Equatorial Guinea,GQ,4.850178,-56.166985
929,Jazmyn,Schinner,kmayert@gmail.com,17375595399,1972-04-24,female,http://hagenes.com,http://placeimg.com/640/480/people,875 Dooley Crossroad,Prohaska Roads,17468,Lake Lydiamouth,97880,Eswatini,SZ,88.361299,-15.820889
930,Jodie,Hegmann,felicity.schinner@tromp.com,18202858525,2007-03-15,female,http://king.com,http://placeimg.com/640/480/people,612 Shana Plains Apt. 748,Will Route,350,Dedricfurt,54031,Armenia,AM,-58.534676,-146.601648
931,Darius,Zieme,konopelski.madeline@gmail.com,17624326258,1968-09-04,male,http://hoppe.biz,http://placeimg.com/640/480/people,17300 Mueller Walk Suite 332,Estelle Locks,80374,Vonhaven,21132-9100,Guinea,GN,-47.924281,14.03041
932,Carole,McCullough,jerdman@gmail.com,12094369260,1966-05-31,female,http://johnston.com,http://placeimg.com/640/480/people,68924 Blanda Plaza,Mitchell Tunnel,1689,Lake Jailyntown,21593-3402,Netherlands,NL,82.128558,124.862523
933,Ned,Wehner,zkozey@ziemann.com,12392557524,1998-01-13,male,http://wolf.com,http://placeimg.com/640/480/people,41145 Markus Village Apt. 939,Howell Causeway,39762,Annabellestad,56468-5659,Bermuda,BM,-51.913536,-101.525739
934,Franz,Brakus,rcrona@hotmail.com,18207356985,1943-02-10,male,http://gutmann.net,http://placeimg.com/640/480/people,4193 Schroeder Tunnel,Newell Lodge,98080,Muellerside,71391-3583,France,FR,-6.042437,-156.542967
935,Eusebio,Schmidt,cremin.mose@hotmail.com,14809235667,1970-07-08,male,http://welch.com,http://placeimg.com/640/480/people,44979 Joshuah Divide,Champlin Walk,82034,Kattieton,85341,Japan,JP,44.343223,-63.375672
936,Arlie,Spinka,scarlett.murphy@yahoo.com,17202098812,1989-07-06,female,http://monahan.com,http://placeimg.com/640/480/people,96353 Meagan Terrace,Jimmie Fords,965,Ullrichbury,87503,Tajikistan,TJ,12.122976,-117.049213
937,Myah,Balistreri,burdette46@hotmail.com,13527161072,1964-09-25,female,http://leffler.org,http://placeimg.com/640/480/people,3104 Denesik Stravenue,Stuart Mills,651,Port Devonte,64236,Tunisia,TN,-36.65678,6.891504
938,Eli,Dietrich,tevin.okuneva@schmidt.net,14699792574,1974-11-17,male,http://eichmann.biz,http://placeimg.com/640/480/people,71384 Hayes Expressway Suite 406,Clifton Dam,7599,Lake Cynthia,73199,St. Kitts & Nevis,KN,-14.807383,42.154739
939,Leif,Schaefer,pfeffer.cristobal@swift.net,13039244723,1943-05-13,male,http://erdman.net,http://placeimg.com/640/480/people,6694 Kuhlman Street,Ortiz Path,5156,Langoshview,91651-3074,Greenland,GL,-9.314589,-36.940716
940,Eden,Hayes,isobel44@lehner.net,12707938846,1963-10-04,female,http://zulauf.biz,http://placeimg.com/640/480/people,803 Adriel Mountains,Novella Radial,89425,Haucktown,20051,Angola,AO,16.584848,87.284515
941,Miracle,Wilkinson,bhayes@gmail.com,19496102230,1991-05-27,female,http://pacocha.info,http://placeimg.com/640/480/people,5647 Art Mountain Apt. 126,Edward Islands,4857,Pfefferburgh,38416-6791,Albania,AL,-17.445282,2.64174
942,Alayna,Nikolaus,marvin.lincoln@corwin.com,16674616061,2016-08-03,female,http://dickens.com,http://placeimg.com/640/480/people,63122 Ivah Turnpike,Mia Burg,5291,New Nikko,00340,Thailand,TH,86.957405,-117.821014
943,Darian,Cartwright,hwaelchi@yahoo.com,14439320748,1940-10-06,male,http://murray.info,http://placeimg.com/640/480/people,1123 Huel Estate Suite 905,Lebsack Keys,33803,Hintzberg,07032-5928,Serbia,RS,49.560957,-26.232691
944,Peyton,Price,dgrant@schowalter.com,19127441679,1980-12-29,male,http://crooks.com,http://placeimg.com/640/480/people,44166 Maggio Field,Reichel Haven,371,Jacobifurt,00944,Slovenia,SI,49.338859,-55.736008
945,Cyril,Waters,wellington01@swaniawski.com,16786062147,1950-11-18,male,http://ritchie.com,http://placeimg.com/640/480/people,62489 Jalon Fields Suite 804,Domenick Drive,73552,Shannystad,32958-7645,Nicaragua,NI,59.627741,-5.403581
946,Malinda,Pagac,zward@hotmail.com,14259945930,2008-11-22,female,http://keebler.com,http://placeimg.com/640/480/people,16756 Darwin Square Suite 987,Windler Points,59467,Adrainshire,50384-6068,Burkina Faso,BF,62.16131,136.396981
947,Hellen,Watsica,haley.karelle@legros.org,17342746547,1999-11-12,female,http://kautzer.com,http://placeimg.com/640/480/people,542 Alejandrin Junctions Suite 417,Paucek Meadows,10058,Maximilianstad,38714-5997,Maldives,MV,77.909858,133.752596
948,Dagmar,Gleason,emmerich.evelyn@harris.com,15399042667,2012-02-13,male,http://stanton.com,http://placeimg.com/640/480/people,116 Cierra Inlet Suite 228,Vandervort Forges,498,West Evans,95178-6937,Australia,AU,1.871591,-84.846201
949,Jimmy,Abernathy,friedrich.schaden@hotmail.com,15206836562,1994-08-03,male,http://hintz.com,http://placeimg.com/640/480/people,875 Lavina Crest Apt. 398,Candice Ridge,9823,East Aubreyport,23526,Liberia,LR,-32.456972,158.627533
950,May,Spencer,carley74@stiedemann.com,13858190652,1997-01-04,female,http://larkin.com,http://placeimg.com/640/480/people,875 Cathy Views,Schmitt Place,71255,West Margieside,14317-0858,North Korea,KP,88.216287,171.477378
951,Maeve,Collins,wnicolas@mills.com,13259464711,1953-12-06,female,http://oberbrunner.net,http://placeimg.com/640/480/people,80471 Selina Cliff Suite 296,Eric Villages,93325,Collierside,51661,Gibraltar,GI,77.019449,62.4797
952,Jovan,Kunze,albina35@spinka.net,15137827721,1974-06-01,male,http://gibson.com,http://placeimg.com/640/480/people,9238 Morissette Freeway,Feil Motorway,2996,Donnellyport,19116-4621,St. Martin,MF,25.169309,113.495062
953,Stella,Homenick,ephraim.marvin@gmail.com,18159801737,2008-09-10,female,http://thiel.net,http://placeimg.com/640/480/people,975 Adams Drives,Kamron Neck,8287,Trompburgh,71496-7379,Tonga,TO,65.99567,-108.749774
954,Isobel,Upton,jedediah.gleichner@yahoo.com,15629438401,1985-09-12,female,http://schroeder.com,http://placeimg.com/640/480/people,57297 Durgan Fords Apt. 030,Lemke Burg,64826,Brekkefort,28194,Norfolk Island,NF,-6.920134,-58.713368
955,Eleanore,Lockman,erdman.amie@gmail.com,15743216589,2004-04-09,female,http://ebert.com,http://placeimg.com/640/480/people,5774 McGlynn Grove,Leon Estate,30638,West Lomamouth,16720,India,IN,43.702761,151.286647
956,Afton,Murazik,amira39@olson.com,18789164125,1950-11-06,male,http://schaefer.com,http://placeimg.com/640/480/people,51081 Parker Freeway,Sammie Ridges,1377,West Beryltown,89600-1502,Peru,PE,-37.373155,143.246168
957,Lucile,Lesch,judy.labadie@wilderman.com,14106648543,2026-01-06,female,http://daniel.net,http://placeimg.com/640/480/people,42331 Greenfelder Heights Apt. 097,Mikel Passage,284,Reichelfurt,90049,Turkmenistan,TM,-5.761491,-155.322289
958,Rosella,Von,charlie92@gmail.com,12696262701,1999-04-16,female,http://kemmer.com,http://placeimg.com/640/480/people,222 Hermiston Mountains,Toy Causeway,181,South Seamus,45202,Kiribati,KI,-47.079752,-141.129146
959,Karley,Eichmann,mbode@hotmail.com,19195452697,1978-05-22,male,http://okuneva.com,http://placeimg.com/640/480/people,8612 Van Estates Apt. 378,Considine Trail,524,Myrtistown,92482,Greece,GR,-19.552099,-179.395403
960,Vickie,Weissnat,arjun84@gmail.com,13178559968,1936-11-22,female,http://orn.com,http://placeimg.com/640/480/people,6241 Gisselle Knolls,Renee Inlet,40398,North Blairfurt,17970,Montserrat,MS,3.039885,-110.589178
961,Lukas,Carroll,marina.cummings@durgan.biz,14585239156,1948-10-21,male,http://corwin.org,http://placeimg.com/640/480/people,53611 Quigley Square,Mitchell Throughway,9437,New Jayda,87130,Somalia,SO,30.133839,-39.754604
962,Silas,Osinski,murray.herta@gmail.com,18387871741,1996-12-25,male,http://welch.com,http://placeimg.com/640/480/people,32469 Vincenza Green Apt. 715,Erdman Avenue,20831,South Oralburgh,15371,Germany,DE,81.794975,-37.368554
963,Gilberto,Cremin,hansen.jarrell@schulist.net,14027508682,2023-07-19,male,http://stiedemann.biz,http://placeimg.com/640/480/people,368 Kertzmann Turnpike Apt. 323,Jessyca Camp,941,Dinoshire,50563,Burundi,BI,75.194216,97.058732
964,Lizzie,Fadel,burnice.yundt@nitzsche.com,12794132643,2007-10-26,female,http://thompson.org,http://placeimg.com/640/480/people,5042 Kamryn Ways Apt. 540,Preston Orchard,60792,South Alena,15457-0868,Serbia,RS,21.43321,43.277134
965,Hudson,Satterfield,scotty.marvin@gmail.com,19543149255,1971-10-14,male,http://hill.net,http://placeimg.com/640/480/people,991 Kelli Harbors Apt. 426,Autumn Grove,156,Christiansenland,95105-3621,Kiribati,KI,-47.141193,-152.27951
966,Cale,Corkery,frieda.koelpin@hotmail.com,15406625282,2011-05-12,male,http://wilkinson.com,http://placeimg.com/640/480/people,4761 Kassulke Plains,Halvorson Knolls,328,Lelandbury,01420,Christmas Island,CX,32.355309,159.886502
967,Rahsaan,Lockman,ruecker.effie@reichert.com,13208055162,2022-07-25,female,http://jerde.com,http://placeimg.com/640/480/people,454 Williamson Cape Apt. 511,Mante Trace,50244,Breitenbergmouth,76045-0852,Paraguay,PY,-59.973797,-0.997678
968,Francisca,VonRueden,thompson.ransom@heaney.org,18655931577,1946-05-23,female,http://friesen.com,http://placeimg.com/640/480/people,170 Schroeder Parkway Apt. 048,Muhammad Parkway,372,New Hermannport,99369,Montenegro,ME,66.013954,-86.110097
969,Holly,Cummings,sonya05@russel.com,12814347458,1998-01-30,female,http://balistreri.com,http://placeimg.com/640/480/people,3440 Lind Squares Suite 538,Gibson Row,35442,East Cassieberg,63810,Tokelau,TK,10.558075,-135.805781
970,Scottie,Pollich,sauer.dameon@gmail.com,13467629996,1951-05-20,male,http://maggio.com,http://placeimg.com/640/480/people,65899 Aditya Drive,Aletha Drives,13514,New Melyssa,21643,Tokelau,TK,69.76641,-16.568638
971,Juvenal,Crona,avolkman@zemlak.com,16623929119,2003-01-07,male,http://wolff.net,http://placeimg.com/640/480/people,7185 Kyleigh Stravenue Apt. 517,Ullrich Tunnel,74960,Lillieside,15799-5886,Nigeria,NG,21.690383,-21.651711
972,Brigitte,Gibson,fredrick17@yahoo.com,15089812486,2023-08-29,female,http://bernhard.com,http://placeimg.com/640/480/people,8097 Johnson Green Apt. 454,Jadyn Divide,946,Randyfort,31222,Kenya,KE,-42.993731,172.759763
973,Rowland,Schumm,langworth.reyna@gmail.com,12799226847,1977-10-27,male,http://kilback.biz,http://placeimg.com/640/480/people,2905 Rau Port Apt. 850,Parisian Parkway,36228,Ryleebury,92461-1840,Uzbekistan,UZ,11.409563,-29.203448
974,Elna,Wyman,king.bud@lindgren.com,19414402325,1986-06-20,female,http://miller.com,http://placeimg.com/640/480/people,5968 Cummerata Orchard Suite 606,Padberg Streets,4403,North Royalport,55064,Burkina Faso,BF,-38.11996,-156.238335
975,Gabrielle,Raynor,rupert56@herzog.com,14586425816,2007-07-16,female,http://howell.biz,http://placeimg.com/640/480/people,532 Kris Turnpike Apt. 470,Mohr Isle,32853,Grimesshire,05266-9761,Costa Rica,CR,-83.047893,53.051571
976,Alejandrin,Lesch,mrussel@walker.org,18058101500,1962-08-02,male,http://torphy.org,http://placeimg.com/640/480/people,198 Green Isle Suite 165,Hettinger Lock,317,Lake Edwina,48446-0823,Morocco,MA,78.848532,151.628241
977,Gwen,Walter,modesta.franecki@jacobi.net,18706587317,1957-07-18,female,http://jacobson.net,http://placeimg.com/640/480/people,467 Goyette Port,Zieme Road,77394,South Jovannyland,93606-6126,Venezuela,VE,77.251929,173.291837
978,Kamron,Brown,zander62@murazik.com,12832181603,1988-05-14,male,http://cremin.net,http://placeimg.com/640/480/people,27287 McDermott Shoals,Devan Place,315,East Giafort,47025,Uzbekistan,UZ,-2.708225,161.372961
979,Vesta,D'Amore,thompson.rosella@kiehn.net,17639534765,1967-06-22,female,http://shanahan.com,http://placeimg.com/640/480/people,68033 Gardner Plain Suite 241,Ferne Crest,53450,North Fridaberg,06090,St. Pierre & Miquelon,PM,43.065542,28.290103
980,Simeon,Streich,labadie.laury@yahoo.com,13809372137,1946-03-16,male,http://blick.com,http://placeimg.com/640/480/people,737 Beer Plaza,Kuhlman Flat,889,West Peterberg,20363-6156,France,FR,-52.23525,-106.951029
981,Cleta,Nicolas,proob@cummerata.com,13206889566,2012-03-17,female,http://stokes.com,http://placeimg.com/640/480/people,127 Walter Manor Suite 564,Danny Courts,8681,Kristopherberg,00051-8729,St. Helena,SH,-83.737001,-84.707803
982,Laron,Abshire,yturner@yahoo.com,14456367934,2021-03-26,male,http://haag.com,http://placeimg.com/640/480/people,962 Bethel Burg,Fabian Motorway,20504,Port Garrettmouth,28562-7367,Lithuania,LT,-40.257433,149.221503
983,Sage,Hane,graham.virginie@oconner.com,19848015937,2012-04-24,male,http://bashirian.com,http://placeimg.com/640/480/people,90936 Carter Tunnel,Peyton Club,6515,Annechester,86159-6814,Algeria,DZ,-18.593838,-94.305111
984,Alejandrin,Okuneva,bergstrom.adriel@barton.com,14589314439,1973-02-16,male,http://oconner.com,http://placeimg.com/640/480/people,187 Jacobi Dale,Kasandra Rapids,810,Alfonsobury,83387-0944,Congo - Brazzaville,CG,4.976933,-48.966291
985,Serena,Kuvalis,ernser.katelynn@yahoo.com,17126964261,2002-12-02,female,http://daniel.biz,http://placeimg.com/640/480/people,83852 Kozey Views Apt. 193,Otho Valley,38852,Pollichton,27980,Lesotho,LS,-43.081578,-109.069105
986,Lonie,Hayes,schinner.regan@wiegand.com,18289978053,1997-08-23,female,http://wisozk.com,http://placeimg.com/640/480/people,52251 Brant Path Apt. 903,Powlowski Tunnel,597,Tyrelltown,19142,Liberia,LR,55.583583,-28.736017
987,Clementine,Lindgren,hobart39@davis.com,14252846989,1952-04-25,female,http://casper.com,http://placeimg.com/640/480/people,23065 Wehner Port,Genevieve Field,26231,Corbinfurt,83581,Maldives,MV,-3.686793,-112.425114
988,Carson,Morar,glover.elinor@yahoo.com,19736076578,1944-02-29,male,http://crooks.info,http://placeimg.com/640/480/people,9237 Smith Prairie Suite 185,Prosacco Dam,96764,Aidantown,93602-6125,Denmark,DK,-87.849064,21.99179
989,Courtney,Rempel,issac.bins@gmail.com,16517718862,1986-04-20,female,http://balistreri.com,http://placeimg.com/640/480/people,65301 Andrew Harbors,Reichert Viaduct,48754,New Giovanna,80342-9465,Iran,IR,30.293585,52.684026
990,Winston,Pagac,ygerhold@yahoo.com,18642781530,1954-10-10,male,http://braun.net,http://placeimg.com/640/480/people,82688 Priscilla Plains Suite 845,Casper Corners,93827,Annabelleshire,39983-0661,St. Lucia,LC,-50.394295,-157.460332
991,Madge,Ryan,yolanda.braun@gmail.com,13649187407,1990-10-22,female,http://moore.info,http://placeimg.com/640/480/people,973 Candice View Suite 892,Gulgowski Lock,9913,South Allanstad,94093,Madagascar,MG,44.895648,-148.746415
992,Holly,Glover,hilpert.mariano@hotmail.com,12193372595,1963-08-01,female,http://dicki.biz,http://placeimg.com/640/480/people,644 Quigley Inlet Apt. 305,Seth Turnpike,8545,New Zola,66195-5393,Ghana,GH,39.148995,-171.770036
993,Blaise,Konopelski,mosciski.marge@yahoo.com,14843578879,1977-01-16,male,http://prohaska.com,http://placeimg.com/640/480/people,2544 Ferne Mountains,Delta Vista,179,South Valentinland,12679,Suriname,SR,34.665557,60.592557
994,Caroline,Feil,harber.winnifred@hotmail.com,18726132874,1943-09-20,female,http://terry.com,http://placeimg.com/640/480/people,96990 Trace Gardens Apt. 091,Lelia Locks,71117,Marilieville,75218,Lebanon,LB,-62.12079,-35.797298
995,Allan,Treutel,oma39@ritchie.com,17745408726,2011-07-28,male,http://schroeder.net,http://placeimg.com/640/480/people,432 Kuhlman Center Suite 311,Wanda Dam,1231,Stehrtown,93020,Canada,CA,-26.608244,-144.400058
996,Marielle,Heidenreich,freida.balistreri@hotmail.com,16366334949,1982-05-22,female,http://parker.biz,http://placeimg.com/640/480/people,685 Littel Island Apt. 943,Dickinson Park,922,Scotville,33577,Cambodia,KH,18.481988,98.127413
997,Odessa,Ruecker,alfonso16@hotmail.com,18107795047,1963-05-31,female,http://muller.com,http://placeimg.com/640/480/people,81445 O'Connell Junctions,Jerrod Branch,3567,New Shayna,06070-7904,British Virgin Islands,VG,-77.711475,163.545978
998,Jonatan,Gulgowski,lesch.chauncey@gmail.com,14698673556,2005-08-06,male,http://marquardt.info,http://placeimg.com/640/480/people,763 Collins Mill,Rafael Route,5891,West Ian,90580-0138,Seychelles,SC,22.931013,149.41019
999,Everett,Littel,mckenzie.carlie@batz.com,15314776237,1980-09-07,male,http://yundt.com,http://placeimg.com/640/480/people,1778 Annamae Knoll Apt. 883,Smitham Rapid,126,Keelingfurt,29594-0178,Estonia,EE,56.757843,41.207832
1000,Jakayla,Koepp,reyes41@hotmail.com,18183952883,1999-07-15,female,http://wolff.net,http://placeimg.com/640/480/people,411 Kunde Village Apt. 069,Gleason Neck,9542,Herzogmouth,95600,Palestinian Territories,PS,-45.82445,-131.109068
1,Trent,Cormier,lockman.joan@hotmail.com,17019826026,1977-02-12,male,http://mcglynn.info,http://placeimg.com/640/480/people,9816 June Knolls Suite 868,Madonna Junction,36019,Greenholtmouth,22949,St. Helena,SH,-0.668374,-32.585203
2,Nettie,Pouros,dvon@kirlin.com,16402107245,1942-08-02,female,http://mccullough.com,http://placeimg.com/640/480/people,1653 Luigi Island Suite 986,Wolff Walks,8761,Kubside,17381-6271,South Georgia & South Sandwich Islands,GS,-10.825392,157.499811
3,Chaya,Hermann,ezequiel.daniel@bartoletti.com,16037963353,1971-01-07,female,http://christiansen.org,http://placeimg.com/640/480/people,494 Goodwin Valleys,Avery Burgs,586,Rosemouth,43718,Gabon,GA,47.738049,42.127995
4,Michele,Hessel,witting.josiah@wuckert.com,19517840931,2000-03-24,female,http://collier.com,http://placeimg.com/640/480/people,99615 Fleta Pines,Felipe Loop,49628,West Colleen,18927-8291,Benin,BJ,-1.899931,171.243351
5,Zack,Howell,shields.oma@yahoo.com,15398038480,2011-10-06,male,http://nolan.net,http://placeimg.com/640/480/people,22191 Carlotta Rest,DuBuque Crossroad,66936,Vandervortside,84355,Senegal,SN,47.407611,-144.021871
6,Emmalee,Weber,wolf.jevon@beahan.org,19067777975,2023-08-05,female,http://rosenbaum.com,http://placeimg.com/640/480/people,93892 Julien Mountain,Oberbrunner Fields,770,Krystelfurt,60681-4918,British Virgin Islands,VG,2.460018,-179.027873
7,Georgiana,Hettinger,felicia.oconnell@wiza.com,12237641022,1978-08-15,female,http://bechtelar.net,http://placeimg.com/640/480/people,754 Grover Canyon,Corwin Gateway,7603,South Laurine,08295,Congo - Brazzaville,CG,-12.274019,-82.540297
8,Carlee,Treutel,wunsch.wendy@gmail.com,13213667033,1999-02-07,female,http://welch.com,http://placeimg.com/640/480/people,552 Arnold Gardens Suite 821,Brook River,703,Evertborough,15959-1067,North Korea,KP,87.789082,-31.787052
9,Kasey,Nicolas,timmy47@volkman.org,17044299968,1976-04-13,female,http://kautzer.com,http://placeimg.com/640/480/people,16812 Naomi Rest,Wintheiser Wall,472,Lake Desmondland,11639,Andorra,AD,-19.540408,46.156601
10,Estelle,Roberts,bridgette.stracke@gmail.com,18178510003,2016-07-06,female,http://sauer.info,http://placeimg.com/640/480/people,363 Adrianna Bridge Suite 941,Lisa Rapid,567,Hickleborough,72412,Israel,IL,57.057129,-48.601469
11,Aletha,Reynolds,elsie.stiedemann@gibson.biz,19567223128,1973-02-18,female,http://metz.com,http://placeimg.com/640/480/people,55436 Hammes Neck,McDermott Plains,716,Lake Jovan,31064,Tanzania,TZ,-47.679498,-96.868623
12,Florine,Cummings,jacinto08@mclaughlin.net,14238954133,1953-03-06,female,http://renner.com,http://placeimg.com/640/480/people,2797 Ronaldo Via Apt. 258,Lindgren Fort,5846,Reaganshire,54230-8721,Tajikistan,TJ,9.991657,-46.386875
13,Charles,Pouros,emelie.gottlieb@yahoo.com,15418137056,1985-02-22,male,http://donnelly.com,http://placeimg.com/640/480/people,70307 Tromp Rapid Apt. 099,Ross Corners,882,Stefanieburgh,03988-8025,United Arab Emirates,AE,-0.620528,55.711555
14,Tristian,Skiles,jessika01@yahoo.com,18033933825,2002-03-10,male,http://wunsch.net,http://placeimg.com/640/480/people,867 Sharon Port,Dach Roads,1242,Lake Karellestad,44203-1296,Guam,GU,27.319814,-37.906285
15,Gudrun,Bauch,gbergnaum@olson.org,16369665658,2002-05-26,female,http://mayert.com,http://placeimg.com/640/480/people,7033 Wyman Fall,Krajcik Valley,22756,Predovicborough,64513,Bahrain,BH,-7.429768,172.654898
16,Kaleigh,Lubowitz,owelch@towne.com,12319036316,1954-11-24,male,http://carter.com,http://placeimg.com/640/480/people,993 Littel Roads,Runolfsdottir Tunnel,380,Vickychester,89470-9274,United States,US,-79.189893,120.609054
17,Frederique,Schowalter,ieffertz@bayer.com,15206183050,2022-07-23,female,http://lubowitz.org,http://placeimg.com/640/480/people,767 Ebert Corner,Kozey Hills,84709,Kamilleshire,29375-2907,Mexico,MX,70.328264,37.115937
18,Lindsay,Feil,kennith93@rodriguez.com,16504176238,1969-11-11,female,http://kreiger.com,http://placeimg.com/640/480/people,116 Buckridge Walk,Gaylord Brooks,48836,East Kennedi,78776,Belize,BZ,64.474327,-78.318228
19,Ozella,Walker,fiona30@gmail.com,13303054703,2013-09-26,female,http://hilpert.net,http://placeimg.com/640/480/people,4751 Sage Streets Apt. 664,Gregg Plaza,2052,Beattystad,89758-3848,Isle of Man,IM,-32.728181,77.65167
20,Meaghan,Lubowitz,kathryne.ratke@hotmail.com,19703765262,1952-08-05,female,http://oconnell.net,http://placeimg.com/640/480/people,11318 Skiles Squares,Huel Point,651,Nikolausside,31586,New Caledonia,NC,43.969205,-159.334297
21,Isidro,Mann,cmurphy@oberbrunner.com,16364237481,1948-01-05,male,http://okuneva.com,http://placeimg.com/640/480/people,3354 Florian Grove Suite 264,Deangelo Plaza,316,West Fletcherton,16788,Iran,IR,-50.620071,154.405254
22,Ben,Klocko,jluettgen@effertz.org,16292914570,1991-11-14,male,http://johnson.com,http://placeimg.com/640/480/people,5769 Gay Streets,Angelica Cape,2937,South Chetbury,30096-7607,Mongolia,MN,-51.796287,114.078669
23,Leland,Hane,verla04@hotmail.com,15404148991,1938-02-11,male,http://blanda.com,http://placeimg.com/640/480/people,1851 Cummings Greens Apt. 490,Ollie Locks,8654,New Torey,88158,Slovakia,SK,-82.26959,-104.168817
24,Lorena,Renner,grimes.myron@hilpert.biz,18044173894,2021-06-05,female,http://dietrich.com,http://placeimg.com/640/480/people,492 Hahn Flats Apt. 674,Pfannerstill Hills,65729,Haleyborough,28643,French Guiana,GF,-71.359384,-141.015446
25,Haven,Reichert,krystel26@bednar.com,18474552272,1988-02-19,female,http://connelly.biz,http://placeimg.com/640/480/people,42946 Priscilla Road Apt. 754,Bradford Stravenue,32163,New Jasminstad,23519,Mauritania,MR,45.792575,143.519546
26,Catharine,Strosin,smith.shanel@hotmail.com,13417204140,2010-10-26,female,http://schaden.biz,http://placeimg.com/640/480/people,6905 Mae Canyon Apt. 749,Wiza Spurs,4734,North Nanniemouth,99149-7012,Myanmar (Burma),MM,85.266945,94.758005
27,Kenneth,Beier,king.christian@gmail.com,13186037300,1972-03-24,male,http://nitzsche.com,http://placeimg.com/640/480/people,22764 Hettinger Squares,Bayer Knoll,764,East Kileyton,08232-2387,Barbados,BB,-9.336318,-73.95363
28,Amaya,Boyer,phoebe20@doyle.biz,16148702441,1975-07-06,female,http://kub.com,http://placeimg.com/640/480/people,827 Corkery Shore Suite 527,Talia Rapids,1773,Isaiasfort,31409-2584,Albania,AL,56.481252,164.008594
29,Calista,Hilpert,sdare@yahoo.com,16812204136,1992-03-12,female,http://mraz.com,http://placeimg.com/640/480/people,2202 Baron Parkway Suite 819,Roderick Drive,3888,Wyattmouth,78428-7872,Paraguay,PY,-58.522622,20.508407
30,Aglae,Waelchi,therese.gorczany@hotmail.com,18593156774,1986-06-24,female,http://jenkins.biz,http://placeimg.com/640/480/people,83336 Davis Prairie Apt. 813,Hazel Falls,45260,South Filibertoburgh,46268,Montenegro,ME,73.310938,-1.347594
31,Miracle,Herman,keaton60@zieme.net,18385260940,1968-11-09,female,http://kertzmann.com,http://placeimg.com/640/480/people,7375 Eichmann Orchard,Jenifer Skyway,24398,Noeliamouth,18715,Bulgaria,BG,72.21738,41.279613
32,Zula,Mann,aurelio23@gmail.com,15053672087,1982-10-24,female,http://kuvalis.com,http://placeimg.com/640/480/people,83534 Darron Wall,Gaylord Well,75463,Terryview,68946,Hong Kong SAR China,HK,14.67895,-9.230581
33,Ed,Dare,slynch@hotmail.com,17163997551,2018-03-31,male,http://rempel.com,http://placeimg.com/640/480/people,1954 Hegmann Islands,Dillan Hill,788,South Lura,51539,Greece,GR,43.071003,-114.251771
34,Hobart,Kunde,htreutel@gmail.com,17707089770,2022-03-15,male,http://effertz.com,http://placeimg.com/640/480/people,1448 Tremblay Brook,Schmidt Greens,8441,Akeemport,79332,Benin,BJ,81.351583,-128.866055
35,Rhianna,Spencer,connelly.zane@yahoo.com,16149135500,1945-06-11,female,http://nader.com,http://placeimg.com/640/480/people,5547 Hessel Camp,Schmitt Ways,4786,North Brianafort,49770,Equatorial Guinea,GQ,72.737212,15.170615
36,Richard,Bosco,nolan.sienna@yahoo.com,17432389668,2002-11-15,male,http://fritsch.org,http://placeimg.com/640/480/people,744 Upton Locks Apt. 911,Mante Camp,5417,Daronport,89875,Madagascar,MG,-88.181247,-10.486105
37,Mozell,Hagenes,dereck.pollich@armstrong.com,15099333554,1990-05-05,female,http://kub.biz,http://placeimg.com/640/480/people,2330 Hansen Radial Suite 759,Ilene Dale,73097,Port Otto,64189-3557,Djibouti,DJ,-79.646374,-47.768879
38,Nia,Mraz,arianna41@gmail.com,19408522206,1975-07-23,female,http://beer.com,http://placeimg.com/640/480/people,294 Eddie Landing,Batz Way,6743,Marvintown,98833,North Macedonia,MK,53.014168,83.86814
39,Mellie,Crona,aufderhar.adaline@wintheiser.info,19344961052,1960-09-14,female,http://pfannerstill.net,http://placeimg.com/640/480/people,347 Leuschke Unions,Cedrick Parks,59985,Lake Quinton,40921,Iceland,IS,67.093186,-16.344257
40,Tyson,Medhurst,ohara.kenna@hotmail.com,16408776940,1976-09-03,male,http://kris.com,http://placeimg.com/640/480/people,955 O'Hara Street,Aditya Meadow,324,Kuhlmanport,72148,St. Vincent & Grenadines,VC,-39.662808,-41.698794
41,Antoinette,Smitham,herman.kovacek@miller.com,18455796184,2022-01-06,female,http://kirlin.com,http://placeimg.com/640/480/people,570 Tamia Track Apt. 841,Retta Highway,19070,Enidland,45504-1143,Guinea,GN,-84.667717,69.63793
42,Deonte,Ward,bauch.waldo@cummerata.biz,16783769032,2017-08-13,male,http://block.org,http://placeimg.com/640/480/people,2235 Romaguera Radial,Denesik Ferry,28168,Lisandromouth,05248,Bosnia & Herzegovina,BA,50.710346,15.987122
43,Iva,Towne,lemuel.huels@hotmail.com,12603428953,1960-03-30,female,http://wolf.com,http://placeimg.com/640/480/people,359 Hauck Crest,Alta Stravenue,891,Hettingermouth,79973,Guadeloupe,GP,37.648669,113.487734
44,Verdie,Wyman,jude74@yahoo.com,19782405919,1983-07-25,female,http://hudson.com,http://placeimg.com/640/480/people,29395 Cremin Grove,Boehm Land,6279,Marquisebury,34891,Pitcairn Islands,PN,42.53469,-147.026265
45,Layne,Rau,bterry@toy.info,17575318832,2004-10-19,male,http://jerde.com,http://placeimg.com/640/480/people,4506 Wehner Extension Apt. 147,Christop Point,4049,Port Frankiefurt,09392-3324,Bhutan,BT,-68.859578,-71.48295
46,Oswald,Sipes,crodriguez@parker.com,12609905377,1989-06-19,male,http://damore.net,http://placeimg.com/640/480/people,932 Bahringer Burg,Kiera Vista,5915,Elmirahaven,79933-8759,Sri Lanka,LK,35.437509,-144.809243
47,Scot,Fahey,lindsay68@dickens.net,19068402442,1992-09-13,male,http://parker.biz,http://placeimg.com/640/480/people,8601 Cole Plaza,Keven Keys,759,Port Eliezer,75547-7485,Luxembourg,LU,-11.864079,-100.548536
48,Flossie,Hodkiewicz,walter.irving@hotmail.com,16614312177,2012-02-25,female,http://koepp.com,http://placeimg.com/640/480/people,81127 Lelia Crossroad Apt. 181,Hattie Island,38433,North Araceli,66014-5622,Italy,IT,46.436407,176.165141
49,Devyn,Volkman,earline66@bartoletti.biz,13516245832,2021-11-07,male,http://rolfson.org,http://placeimg.com/640/480/people,467 Shane Bridge,Torp Summit,82919,Eusebioberg,26289-9313,Falkland Islands,FK,-1.860283,171.506163
50,Dion,Deckow,walsh.lyda@yahoo.com,13644011948,1951-08-15,male,http://barrows.com,http://placeimg.com/640/480/people,45212 Sipes Stravenue,Cruz Plains,2728,Isabelton,97351-6055,Georgia,GE,-64.779655,144.965487
51,Candido,Kautzer,sherwood46@gleichner.net,16177817421,2005-05-29,male,http://jast.biz,http://placeimg.com/640/480/people,554 Daniella Mountain Suite 217,Trace Knoll,6997,Hettingertown,03698-8817,Tunisia,TN,57.643163,23.009028
52,Sofia,King,ecummerata@hotmail.com,18507631230,1972-03-26,male,http://considine.com,http://placeimg.com/640/480/people,260 Luisa Corner Apt. 800,Sanford Mountain,26709,South Cydney,83212-0428,Austria,AT,-36.772335,108.106256
53,Caterina,Hoeger,abbott.mireya@kris.info,19288344935,1983-08-02,female,http://kovacek.com,http://placeimg.com/640/480/people,765 Schimmel Shoal,Delia Walks,6332,Faustochester,60195-6748,Chile,CL,85.990046,-163.754453
54,Hulda,Lowe,tiara10@hotmail.com,17132464095,1965-06-19,female,http://lind.com,http://placeimg.com/640/480/people,906 Kirstin Park Apt. 727,Kirsten Stream,8359,Lake Lindsay,00653,France,FR,-47.600698,-14.48314
55,Augustus,Satterfield,rowland20@carroll.biz,13395542243,2002-07-01,male,http://greenholt.biz,http://placeimg.com/640/480/people,603 Antonio Station Suite 787,Weimann Canyon,313,South Alden,17872-2861,Latvia,LV,-35.411604,57.684872
56,Florian,Conn,leannon.harley@oreilly.net,17153887756,1981-01-07,male,http://konopelski.org,http://placeimg.com/640/480/people,26805 Armstrong Groves Apt. 769,Hermiston Shoal,74501,Port Colten,42334,Cameroon,CM,32.401224,-65.354065
57,Cortez,Brakus,laisha.cassin@gmail.com,16065852785,1959-05-20,male,http://schaden.info,http://placeimg.com/640/480/people,2838 Morar Station Apt. 455,Enoch Via,748,Arielbury,32354,Honduras,HN,28.887278,-45.109646
58,Dejon,Nikolaus,kuphal.shanon@ferry.com,17026005784,2022-07-22,male,http://lubowitz.com,http://placeimg.com/640/480/people,65052 Dariana Valleys Suite 969,Renner Ways,788,Marshallshire,43337,Senegal,SN,-13.947414,-17.687298
59,Abdiel,Shields,ziemann.barton@bogan.net,17135574566,1956-06-15,male,http://auer.com,http://placeimg.com/640/480/people,2305 Nikolaus Extension Suite 228,Harris Hollow,45560,East Javonte,61139-4630,New Zealand,NZ,-53.268435,-135.486553
60,Jerome,Schaden,gaylord.jedediah@yahoo.com,12564438341,1980-07-30,male,http://pagac.org,http://placeimg.com/640/480/people,26189 Maeve Road Apt. 682,Cierra Green,79469,New Sandrine,17538-4961,Hong Kong SAR China,HK,-34.978569,21.6893
61,Leonie,Cormier,ethel.zieme@harris.info,12297006747,1965-01-22,female,http://turner.com,http://placeimg.com/640/480/people,9093 Dagmar Orchard Apt. 385,Selmer Inlet,504,Allisonton,39172,United States,US,41.498909,-156.307394
62,Lonie,Kub,gutmann.hilbert@hotmail.com,13188551395,2021-06-08,female,http://murazik.com,http://placeimg.com/640/480/people,921 Kim Meadows Suite 552,Cummings Vista,4513,Howardland,25241-4960,Puerto Rico,PR,85.823593,148.986904
63,Ashlynn,Wisoky,zleuschke@runte.com,12483616277,1994-04-27,female,http://crona.biz,http://placeimg.com/640/480/people,8033 Lindgren Neck,Granville Streets,6291,Lebsackside,01240-3952,Canada,CA,-41.722525,-159.709693
64,Armando,Wilkinson,devante33@marquardt.com,18328240736,1976-10-24,male,http://kuhn.com,http://placeimg.com/640/480/people,7358 Kale Views,Ashley Trace,652,Lake Justen,77860-3744,Thailand,TH,-17.002115,-157.953096
65,Ericka,Reichert,watsica.neva@gmail.com,18176867075,1990-10-27,female,http://ullrich.com,http://placeimg.com/640/480/people,938 Keagan Radial,Stark Creek,3386,Kuhlmanstad,38038,Tuvalu,TV,-79.533683,-176.441666
66,Tyrique,Berge,nreilly@hotmail.com,14052679908,1937-11-10,male,http://zulauf.net,http://placeimg.com/640/480/people,849 Haag Coves Apt. 309,Dickens Heights,658,Markton,20667-3833,Ethiopia,ET,35.56454,-25.6071
67,Malvina,Nikolaus,myles35@gmail.com,15648690935,1986-05-15,female,http://walsh.com,http://placeimg.com/640/480/people,41249 Dicki Point Apt. 293,Garth Stravenue,774,South Derek,73358-8823,Montserrat,MS,40.082209,-162.748433
68,Antwan,Rau,vbosco@gmail.com,19292527801,2017-07-09,male,http://prohaska.com,http://placeimg.com/640/480/people,4528 Lueilwitz Radial Suite 061,Rowe Street,92402,North Josefa,08697,Kazakhstan,KZ,31.664641,170.303908
69,Sim,Stroman,leopoldo.medhurst@gmail.com,17345075327,1966-06-15,male,http://brekke.org,http://placeimg.com/640/480/people,7208 Beatty Glens,Alvah Tunnel,84443,Port Josefa,63223-6361,Argentina,AR,82.165811,6.768711
70,Winfield,Marks,kessler.benjamin@hotmail.com,12409834108,1975-01-07,male,http://kunde.com,http://placeimg.com/640/480/people,9503 Leland Row Apt. 873,Bernier Inlet,420,Vickytown,93140-9857,Jordan,JO,-32.807789,176.597788
71,Myrtis,Torp,schinner.zander@braun.biz,16299568740,1959-01-22,female,http://shanahan.biz,http://placeimg.com/640/480/people,28379 Ernesto Rest Suite 342,Spencer Viaduct,4894,West Paolo,17361-8434,Chad,TD,23.205872,19.147964
72,Meggie,Dickens,alexandro.kuvalis@jast.biz,15596297770,1979-05-30,female,http://grimes.com,http://placeimg.com/640/480/people,7398 Nayeli Island,Bartoletti Rest,40142,New Adrain,84275-2663,Madagascar,MG,-55.386835,-7.754371
73,Zelma,Sanford,samson.stokes@klein.com,13193498465,1954-08-13,female,http://gislason.biz,http://placeimg.com/640/480/people,5524 Thurman Brook,Bart Mount,29183,West Myron,11866,Finland,FI,-26.791455,112.927468
74,Nelson,Eichmann,cruickshank.haylie@gmail.com,12055011438,1965-09-22,male,http://goldner.net,http://placeimg.com/640/480/people,386 Sabina Garden Apt. 774,Ollie Mills,4626,South Coltonbury,04581-4709,Bermuda,BM,44.15708,69.588483
75,Wiley,Zulauf,yasmeen.renner@hotmail.com,18385037327,2001-11-16,male,http://kreiger.com,http://placeimg.com/640/480/people,194 Spinka Spur,Hortense Rue,64942,West Karianemouth,91152-8025,Senegal,SN,-86.398352,-89.615008
76,Jacklyn,O'Conner,bonita.cummings@kihn.com,16058235780,1996-09-11,female,http://leannon.com,http://placeimg.com/640/480/people,76077 Dicki Meadows,Kevin Unions,6781,West Leta,79617-1406,South Georgia & South Sandwich Islands,GS,-12.801988,-121.500659
77,Rosina,O'Keefe,lang.neha@herzog.com,17072668721,2017-05-26,female,http://jaskolski.com,http://placeimg.com/640/480/people,56893 Rosalind Field,Nelda Locks,26644,Webstermouth,52969-9052,Denmark,DK,-72.465901,-152.278321
78,Arden,Koelpin,brandi.collins@hotmail.com,12162255529,1973-06-24,male,http://hilpert.org,http://placeimg.com/640/480/people,67567 Zboncak Path Suite 949,Guiseppe Coves,622,Florencioside,74928-4956,Samoa,WS,26.355089,-28.139598
79,Andreane,Berge,beahan.aileen@marks.com,18437270616,1972-06-21,female,http://nienow.com,http://placeimg.com/640/480/people,916 Edwina Forks Suite 240,Thelma Lights,896,Runolfsdottirchester,53075,Mozambique,MZ,-83.148657,-69.441717
80,Jordane,Dietrich,dking@hotmail.com,18208881086,2006-09-26,female,http://willms.info,http://placeimg.com/640/480/people,6965 Denesik Isle,Hassie Unions,75260,North Linda,84188-6688,Angola,AO,-8.652889,1.199818
81,Dan,McLaughlin,sydnee.hartmann@legros.org,13156144262,1940-08-27,male,http://bruen.info,http://placeimg.com/640/480/people,40195 Michele Glen Suite 144,Eichmann Isle,4503,North Shanie,23968-7480,Canada,CA,-71.446746,44.015413
82,King,Batz,zane94@yahoo.com,16576934630,1954-10-01,male,http://konopelski.com,http://placeimg.com/640/480/people,53363 Stokes Hills,Boehm Coves,885,Heidenreichmouth,83147-3023,Wallis & Futuna,WF,-84.330667,-177.05996
83,Garland,Wyman,zelma.hoeger@gmail.com,15403070267,1939-04-12,male,http://rosenbaum.info,http://placeimg.com/640/480/people,862 Edmond Turnpike,Volkman Port,781,Lake Mohamedton,85685-0856,Bhutan,BT,-58.196511,177.535741
84,Jackie,Beatty,qstrosin@weimann.com,17067256439,1937-10-03,female,http://prohaska.org,http://placeimg.com/640/480/people,25332 Lesch Bypass,Deja Station,97427,Johnsonbury,42965,Chad,TD,-16.247071,-105.781894
85,Else,Grimes,ifranecki@koch.com,16518373052,2018-12-14,female,http://lakin.com,http://placeimg.com/640/480/people,413 Hahn Alley Apt. 656,Icie Camp,710,Watersstad,16946-0967,Isle of Man,IM,-67.907487,-172.863219
86,Donnie,Bechtelar,swhite@bergnaum.org,16785606835,1986-12-15,male,http://schiller.info,http://placeimg.com/640/480/people,1792 Gaylord Valleys Suite 712,Reichert Ways,2826,West Anahistad,40488,Zimbabwe,ZW,88.670559,71.191738
87,Nikita,McLaughlin,lgleichner@yahoo.com,13619918639,1959-02-24,female,http://damore.org,http://placeimg.com/640/480/people,92384 Cassin Inlet Apt. 273,Reichert Mountain,16652,Vincenzahaven,62381,Dominica,DM,-41.613983,-40.09396
88,Jana,Nitzsche,trent.kuvalis@yahoo.com,12169161841,1957-02-21,female,http://harris.com,http://placeimg.com/640/480/people,9645 Rippin Views Apt. 234,Delores Unions,4252,New Dorris,31218-1189,Dominican Republic,DO,61.369064,9.105879
89,Dillan,Schmidt,orville.casper@yahoo.com,16573759841,1995-06-01,male,http://howe.com,http://placeimg.com/640/480/people,211 Quitzon Summit Suite 003,Josue Pines,6492,New Lourdesburgh,22205,New Caledonia,NC,87.261039,-94.87282
90,Jessie,Zemlak,reynolds.jeffry@mayert.com,15599467738,2002-08-11,male,http://jacobson.org,http://placeimg.com/640/480/people,47382 Magdalen Extension,Maybell Square,591,Janiyachester,66511,Puerto Rico,PR,13.123104,-160.293266
91,Ramiro,Hirthe,merle86@collins.info,15189089297,1997-05-24,male,http://hessel.net,http://placeimg.com/640/480/people,46352 Collins Alley Suite 159,Dillan Greens,856,West Jamarcus,71809,Norfolk Island,NF,40.689153,166.934387
92,Hettie,Windler,ubrekke@gmail.com,19372266817,1990-04-27,female,http://dare.net,http://placeimg.com/640/480/people,75564 Nico Club Apt. 942,Monroe Plaza,85176,Lake Bernhardborough,54764,Dominica,DM,47.85683,113.465737
93,Alicia,Reichert,abechtelar@hudson.com,18285321662,1994-08-08,female,http://upton.com,http://placeimg.com/640/480/people,172 Reta Loop,Broderick Rest,744,Lake Betsy,59285-9430,Curaçao,CW,-36.526028,91.297765
94,Keven,Connelly,justine38@yahoo.com,14239858754,1943-01-27,male,http://luettgen.com,http://placeimg.com/640/480/people,75550 Heber Rue,Lindsay Center,33814,East Wilhelmine,69991-0658,Pitcairn Islands,PN,-65.766817,-86.914468
95,Zander,Paucek,oceane29@botsford.com,13617324334,1981-12-28,male,http://bernier.com,http://placeimg.com/640/480/people,8703 Littel Ways Apt. 760,Grant Rapids,992,Botsfordville,28637-6837,Mali,ML,-61.7454,-92.816209
96,Antonina,Bartell,quitzon.kameron@turcotte.info,18302437485,1957-06-07,female,http://koss.org,http://placeimg.com/640/480/people,9249 Kessler Station,Brando Tunnel,6395,North Lorenzoville,92623-1275,Guernsey,GG,55.312661,-138.6429
97,Ray,O'Reilly,mollie47@yahoo.com,13158539097,1971-09-26,male,http://corkery.com,http://placeimg.com/640/480/people,6485 Armand Vista Apt. 241,Joy Island,1839,Gennaroland,39180-6288,Saudi Arabia,SA,17.90444,23.289923
98,Nicolas,Robel,king.chauncey@yahoo.com,19317191144,1991-10-05,male,http://fritsch.com,http://placeimg.com/640/480/people,864 Kaci Lakes Suite 080,Littel Estates,76803,East Levitown,33911-2224,Egypt,EG,-7.095238,-174.983705
99,Sasha,Larkin,dagmar60@pfannerstill.org,19864320577,1957-03-09,female,http://ondricka.com,http://placeimg.com/640/480/people,9590 Schowalter Key Apt. 782,Hilpert Mews,705,South Jeanie,94596-3947,St. Vincent & Grenadines,VC,-30.76125,116.094596
100,Breana,Bartoletti,gulgowski.pascale@zulauf.com,14307830716,1987-12-21,female,http://mcclure.biz,http://placeimg.com/640/480/people,8156 Samantha Extension Apt. 718,Zieme Club,5407,Port Paolo,73336-8024,Benin,BJ,-44.13227,-125.825802
101,Obie,Lehner,ocrooks@maggio.com,17019090152,1954-11-26,male,http://crist.com,http://placeimg.com/640/480/people,2762 Theodora Harbors Apt. 375,Reichert Light,20572,New Jalyn,73617-1275,Cameroon,CM,-22.626786,144.717009
102,Katlynn,Padberg,randall84@gmail.com,18203447109,1969-05-31,female,http://okeefe.info,http://placeimg.com/640/480/people,577 Monahan Isle Suite 671,Michele Camp,816,Port Dock,24593-4947,South Sudan,SS,30.567076,159.557248
103,Teresa,Legros,israel.kuhlman@christiansen.com,15092608242,1969-07-23,female,http://vandervort.com,http://placeimg.com/640/480/people,722 Lavonne Common,Lehner Ville,5778,East Miles,38389-4365,Tokelau,TK,-53.361843,105.372287
104,Edna,Turcotte,fwintheiser@gmail.com,14582984376,1999-04-25,female,http://abshire.com,http://placeimg.com/640/480/people,86938 Raegan Spur,Cielo Ridges,7598,Schmelerbury,80125,Tajikistan,TJ,54.797706,-1.743005
105,Nils,Smitham,nichole00@hotmail.com,13859348779,1940-10-24,male,http://swaniawski.info,http://placeimg.com/640/480/people,53330 Conn Hills,Ondricka Curve,392,Doyleland,47052-9367,Hong Kong SAR China,HK,-74.212444,131.391121
106,Jenifer,Beahan,aurelie13@hotmail.com,15594770630,2008-05-28,female,http://nolan.net,http://placeimg.com/640/480/people,98535 Felipa Drives Suite 216,Weber Mission,578,Cummeratamouth,87035-0521,Senegal,SN,-60.674669,56.167295
107,Crystel,Hauck,lschroeder@hotmail.com,14699383763,1958-01-02,female,http://stiedemann.org,http://placeimg.com/640/480/people,5712 Jacobs Estates Suite 707,Pfeffer Well,6318,Vaughnside,75056-7964,United States,US,9.595626,-58.755515
108,Zora,Botsford,kennedi.harber@cronin.biz,14435756057,1962-12-06,female,http://stamm.com,http://placeimg.com/640/480/people,112 Freeda Points,Mayert Dale,327,Port Perry,98565-6133,Saudi Arabia,SA,19.11958,71.432813
109,Lesley,Blanda,wisozk.ken@watsica.com,13123766619,1995-01-03,male,http://cruickshank.com,http://placeimg.com/640/480/people,9314 Landen Fort,Boyer Bypass,32853,South Ramonaberg,43737,American Samoa,AS,-64.573956,-98.993775
110,Trevor,Vandervort,grimes.favian@yahoo.com,17577816919,1966-05-04,male,http://schmeler.org,http://placeimg.com/640/480/people,46517 Gutmann Rue,Ethelyn Harbors,6416,Manuelview,38813-9414,China,CN,14.730953,68.648428
111,Palma,Mayert,modesto.cartwright@hotmail.com,17317451938,1996-04-11,female,http://hayes.info,http://placeimg.com/640/480/people,26714 Lowe Points,Corwin Extension,9754,Edenchester,82763,Djibouti,DJ,-1.667035,84.366066
112,Janet,Lueilwitz,walter.ryan@fritsch.com,16572939035,1982-04-18,female,http://turcotte.com,http://placeimg.com/640/480/people,825 Avis Mountains,Nader Trafficway,35234,Port Nicolette,54293-6776,Wallis & Futuna,WF,50.600164,133.098268
113,Shad,Welch,mollie82@ritchie.com,15805659182,1996-05-10,male,http://macejkovic.com,http://placeimg.com/640/480/people,2566 Brakus Center,Anika Springs,9831,Ritchieshire,74276-9746,Montenegro,ME,-12.466123,-67.291873
114,Erling,Volkman,berge.candido@nicolas.com,18159209691,1998-11-25,male,http://kessler.com,http://placeimg.com/640/480/people,85443 Moen Loaf Apt. 043,Hartmann Prairie,7403,Blandaville,40515-5061,Kenya,KE,-14.888256,12.850664
115,Danny,Cremin,christian.treutel@hotmail.com,12483995963,2012-12-09,male,http://walsh.com,http://placeimg.com/640/480/people,59578 Flatley Cliffs Suite 511,Durgan Mill,5700,Gardnertown,34794-9681,St. Lucia,LC,-85.501868,162.728011
116,Webster,Adams,heathcote.camden@yahoo.com,12086845344,1967-04-21,male,http://keebler.com,http://placeimg.com/640/480/people,592 Hill Points,Ahmed Terrace,52968,North Kiarra,63505,American Samoa,AS,67.699547,-117.780257
117,Kayleigh,Carter,hammes.charlie@hamill.com,14782510370,2001-07-27,male,http://tromp.com,http://placeimg.com/640/480/people,96960 Cummings Curve,Hessel Wall,2683,New Jessyfurt,42856-8172,France,FR,-36.351832,164.283244
118,Donnie,Rolfson,thiel.emmy@gmail.com,17547196564,1956-08-13,male,http://halvorson.com,http://placeimg.com/640/480/people,736 Padberg Extension Apt. 297,Langosh Parks,82150,Frederiqueland,11562-6922,Qatar,QA,65.293451,49.027222
119,Ari,Morissette,hodkiewicz.wilma@bergnaum.com,19546684516,2005-11-10,male,http://boyle.biz,http://placeimg.com/640/480/people,49986 Ullrich Hollow,Deckow Burg,60713,West Trystanton,59040,Russia,RU,-28.190372,-117.635219
120,Angela,Lockman,kayli33@little.info,12397368010,2006-08-17,female,http://reinger.com,http://placeimg.com/640/480/people,437 Willie Mountain,Modesta Prairie,6408,North Curtishaven,73576-0017,Northern Mariana Islands,MP,39.76826,62.789633
121,Willy,Beatty,lehner.gene@collins.com,19809604230,1995-07-14,male,http://goldner.com,http://placeimg.com/640/480/people,2928 Reinger Isle Suite 648,Jean Knoll,5371,West Nikitafort,07360-0378,Nepal,NP,76.19869,39.183528
122,Trudie,Mann,koch.jeffrey@yahoo.com,17192065724,1990-01-18,female,http://krajcik.com,http://placeimg.com/640/480/people,87157 Alphonso Turnpike,Maribel Crossroad,75603,New Emmanuelshire,26140,São Tomé & Príncipe,ST,-47.494203,120.078652
123,Tyshawn,Robel,mavis13@wolff.org,17266382540,2022-09-24,male,http://ferry.com,http://placeimg.com/640/480/people,1928 Leone Unions,Hollis Viaduct,380,North Kavon,11436-7890,Jamaica,JM,12.844266,-16.404905
124,Maurice,Murazik,lyda.miller@rau.com,19518870973,1975-06-17,male,http://ruecker.info,http://placeimg.com/640/480/people,644 Crawford Tunnel,Janae Way,239,Greenhaven,70838-4831,Anguilla,AI,13.276102,0.179309
125,Ashlynn,Stroman,gleichner.elisa@heller.com,16783375178,1988-02-01,female,http://spinka.com,http://placeimg.com/640/480/people,1059 Annetta Courts Apt. 676,Greg Land,653,Meghanside,15229,French Southern Territories,TF,73.490573,110.100672
126,Diana,Runolfsson,zboncak.kianna@gmail.com,19304739823,1988-05-24,female,http://homenick.com,http://placeimg.com/640/480/people,315 Simonis Mountains Suite 653,Werner Way,71777,Macejkovicmouth,06532-9481,Nicaragua,NI,63.289748,-167.320829
127,Vito,Johnston,hwindler@hotmail.com,15745337527,1985-08-20,male,http://walsh.net,http://placeimg.com/640/480/people,16073 Marianne Valleys,Kaley Ranch,8926,South Sheridanburgh,15237,Jordan,JO,-50.394948,-142.223006
128,Virginie,Bernier,lang.lora@hotmail.com,13315324579,1998-06-05,female,http://jones.org,http://placeimg.com/640/480/people,2880 Major Shoal,Catharine Ridge,807,Lake Felipe,04715-8636,Congo - Kinshasa,CD,-67.216119,41.495387
129,Savion,Fisher,ankunding.carolyne@jerde.org,13255356488,2001-03-16,male,http://mraz.org,http://placeimg.com/640/480/people,7893 Heidenreich Camp,Dicki Corner,762,Port Graysonfurt,03326-1801,Bolivia,BO,45.893712,-80.676264
130,Conor,Dibbert,hegmann.maryam@tillman.org,16622026857,1967-08-10,male,http://herman.com,http://placeimg.com/640/480/people,522 Borer Plains,Libby Creek,863,Filibertoshire,90736,Lebanon,LB,7.594481,-90.926651
131,Fabian,Brakus,altenwerth.sophie@yahoo.com,18544635556,2004-12-03,male,http://kerluke.com,http://placeimg.com/640/480/people,9227 Leuschke Port,Lehner Manors,32123,North Moises,87096,Bangladesh,BD,-63.631197,88.440222
132,Jena,Kihn,satterfield.ebony@schmidt.biz,13217411713,1940-06-24,female,http://von.com,http://placeimg.com/640/480/people,2834 Kuhic Junctions,Jan Branch,45538,South Kathleenborough,96642,Rwanda,RW,47.007734,-40.360132
133,Brenda,DuBuque,vberge@hotmail.com,15807484470,2003-05-19,female,http://zemlak.com,http://placeimg.com/640/480/people,4211 Destini Heights Suite 220,Chadrick Lodge,607,Whiteside,31964-9844,Caribbean Netherlands,BQ,-57.222424,11.221329
134,Annette,Stanton,kelsie.gerlach@lubowitz.biz,19867556311,1977-01-27,female,http://ziemann.com,http://placeimg.com/640/480/people,6029 Waino Corner Suite 831,Hirthe Ways,924,Kuhlmanland,53398-3219,Azerbaijan,AZ,85.847127,141.041444
135,Gregory,Ondricka,auer.victor@hotmail.com,19044398791,1944-05-21,male,http://cartwright.com,http://placeimg.com/640/480/people,6747 Johnathon Run Apt. 217,Olson Ramp,37396,Schusterside,50177,Netherlands,NL,46.294518,-31.819104
136,Eve,Reichert,schmidt.cade@herzog.biz,17706793030,1973-10-10,female,http://gerhold.com,http://placeimg.com/640/480/people,1814 Shanelle Branch,Batz Cove,78832,South Jasperbury,15607,Spain,ES,39.457478,128.529751
137,Caroline,Jerde,whitney13@hotmail.com,14693202084,1985-02-20,female,http://runolfsson.org,http://placeimg.com/640/480/people,3245 Gerry Points Apt. 908,Nicolette Station,1179,Port Rhianna,99566-6369,Guadeloupe,GP,-61.907078,171.590071
138,Emmalee,Effertz,sandra.gorczany@king.com,16506875027,1958-04-11,female,http://jast.com,http://placeimg.com/640/480/people,80252 Lakin Roads,Runte Ports,908,Felipetown,52034-2482,Equatorial Guinea,GQ,47.042937,-1.216092
139,Beverly,Shields,ila.kuhlman@cormier.biz,14252097582,1938-02-26,female,http://runolfsdottir.com,http://placeimg.com/640/480/people,133 Krystel Plaza,Era Squares,3020,Faeberg,39720,Guam,GU,72.977327,-17.739433
140,Zoie,Conroy,hbrakus@rohan.com,18569409504,2013-10-06,female,http://mclaughlin.com,http://placeimg.com/640/480/people,968 Judson Avenue Suite 260,Blick Camp,60449,Crooksview,17766-2847,Aruba,AW,48.071118,-28.173872
141,Luz,Moore,roberts.opal@hotmail.com,13412919008,1952-08-07,female,http://king.org,http://placeimg.com/640/480/people,438 Leannon Spring Apt. 147,Abdul Via,3797,Port Lempi,77801-3941,Bangladesh,BD,-21.477964,-27.395168
142,Marcelo,Kutch,arnold70@gmail.com,13853719432,1943-09-05,male,http://gaylord.info,http://placeimg.com/640/480/people,102 Walsh Wall,Swift Track,701,Nolanhaven,76952,Samoa,WS,-78.189695,-34.250395
143,Roselyn,Connelly,kuhn.elisabeth@gmail.com,16785494337,2017-03-30,female,http://auer.com,http://placeimg.com/640/480/people,66465 Rupert Ridge Apt. 194,Alta Divide,398,Reynastad,22444-0521,American Samoa,AS,29.285149,124.470625
144,Sharon,Hessel,bulah.hyatt@breitenberg.com,15046733767,1956-02-04,female,http://fisher.biz,http://placeimg.com/640/480/people,709 Edmond Rapid,Mauricio Coves,1897,North Omer,73645,Cyprus,CY,5.291284,52.550923
145,Susana,Pagac,vyundt@yahoo.com,17639331676,1948-11-27,female,http://mills.com,http://placeimg.com/640/480/people,3593 Wisozk Orchard Suite 917,Bosco Ford,707,Lake Morris,68308,Indonesia,ID,77.134539,52.984703
146,Trycia,Bode,cdoyle@hotmail.com,15307913072,1993-07-05,female,http://price.org,http://placeimg.com/640/480/people,3248 Littel Park,Joana Haven,865,Medhurstville,22857,Hong Kong SAR China,HK,6.152558,-123.954337
147,Paul,Hegmann,pjakubowski@brekke.biz,12832558815,1959-01-04,male,http://yost.com,http://placeimg.com/640/480/people,618 Milan Locks Suite 973,Lucious Curve,841,Missouribury,40812,Albania,AL,-50.706906,-9.004287
148,Maegan,Vandervort,naomie27@gmail.com,19894157820,1997-02-07,female,http://pollich.biz,http://placeimg.com/640/480/people,731 Rosalee Harbors,Kerluke Shoals,799,New Stefanie,99136-5503,Tajikistan,TJ,67.248283,103.804925
149,Rylee,Roberts,fwest@gmail.com,17757218647,2000-06-03,female,http://pouros.com,http://placeimg.com/640/480/people,327 Casper Orchard,Marcia Freeway,58571,Schowalterchester,35177-4060,Uzbekistan,UZ,24.900692,80.368678
150,Bo,Schimmel,aubree.pacocha@hills.com,17437490980,1984-12-02,male,http://gleason.org,http://placeimg.com/640/480/people,102 Geo Lakes Suite 819,Carolanne Turnpike,5421,Muellerville,42251,Panama,PA,-14.315964,88.387464
151,Emiliano,Wiegand,anya.oconner@gmail.com,12315103626,1948-08-01,male,http://klein.com,http://placeimg.com/640/480/people,5483 Wilson Views Apt. 634,Schneider Plaza,58124,Kyleeland,24725-4212,Moldova,MD,-24.600944,166.247643
152,Luis,Langosh,vandervort.liliana@prohaska.com,14458448455,1990-03-29,male,http://mayer.com,http://placeimg.com/640/480/people,70692 Alexandra Avenue,Bergnaum Walk,6810,Lake Roel,73023,St. Barthélemy,BL,58.302286,73.483134
153,Torrey,Olson,davin70@medhurst.com,14409841127,1947-11-30,male,http://mclaughlin.org,http://placeimg.com/640/480/people,96405 D'Amore Dale,Jennifer Burgs,473,Marisolmouth,35345,San Marino,SM,-54.701513,25.996278
154,Hudson,Brown,clair.strosin@hotmail.com,19368190434,1948-11-18,male,http://gorczany.com,http://placeimg.com/640/480/people,9635 Deshawn Ville Suite 220,Estel Curve,753,North Zoey,91929,Honduras,HN,-87.96635,89.520924
155,Arthur,Kiehn,sipes.golden@gmail.com,17403998973,1964-02-12,male,http://kessler.biz,http://placeimg.com/640/480/people,765 Cleveland Viaduct,Herzog Pine,74322,Schillerside,54468,Mayotte,YT,-64.766642,3.191575
156,Bruce,Gulgowski,schmidt.alec@hotmail.com,18039870238,1967-12-10,male,http://heidenreich.com,http://placeimg.com/640/480/people,121 Dayna Street Suite 003,Edison Creek,161,Aufderharmouth,77546,Ireland,IE,20.238623,21.486271
157,Rhiannon,Sanford,ashlynn53@yahoo.com,17709226075,2021-05-11,male,http://bayer.com,http://placeimg.com/640/480/people,21206 Stanton Green,Lauryn Pike,14121,Lake Chaya,18104,South Sudan,SS,-21.856442,27.872922
158,Gino,Welch,ulices.thompson@hotmail.com,19295453050,1996-09-20,male,http://tillman.com,http://placeimg.com/640/480/people,3016 Macejkovic Ferry,Windler Circle,767,South Christbury,28699,Canada,CA,-2.520034,-176.776292
159,Deshaun,Wehner,zbarton@yahoo.com,19032584372,1960-10-13,male,http://wyman.com,http://placeimg.com/640/480/people,94256 Roma Isle Suite 751,Jewel Keys,828,Wymanburgh,28012-4304,Slovenia,SI,26.989948,-74.232271
160,Luna,Block,bogisich.tania@gottlieb.biz,14065353689,2009-04-20,female,http://weimann.com,http://placeimg.com/640/480/people,19440 Ludwig Lock,Upton Spurs,31134,Modestamouth,78937-6982,Niue,NU,56.058946,166.515413
161,Cristopher,Pagac,kiarra97@gmail.com,17753926434,1975-01-22,male,http://kautzer.com,http://placeimg.com/640/480/people,783 Aletha Vista Suite 355,Stuart Light,8132,Hammesborough,28953-1111,Senegal,SN,54.696934,76.76809
162,Delpha,Christiansen,auer.cathryn@baumbach.com,16069183112,1949-05-29,female,http://nitzsche.com,http://placeimg.com/640/480/people,7808 Shanahan Circles Apt. 199,Quitzon Circles,27290,Brookmouth,96867,Pakistan,PK,31.237076,5.564869
163,Ova,Langosh,ystanton@cronin.com,18568992260,1951-11-03,female,http://mayer.info,http://placeimg.com/640/480/people,70497 Bins Lights Suite 489,Donny Keys,929,East Henrimouth,32845,Germany,DE,-7.258136,113.151815
164,Judy,Murazik,ritchie.lacy@hotmail.com,13372637881,1964-12-14,female,http://lowe.net,http://placeimg.com/640/480/people,9795 Jerrod Pines,Ned Falls,8596,Prohaskashire,87910-6906,France,FR,-80.46182,-114.39217
165,Bud,Fadel,lindgren.marcos@yahoo.com,18435030351,1956-11-11,male,http://jacobs.net,http://placeimg.com/640/480/people,21806 Nettie Keys,Jamar Isle,9036,North Aliyah,27580-7582,Honduras,HN,61.210509,-10.903976
166,Durward,Goyette,hand.keon@rath.com,15134255524,1951-05-21,male,http://pollich.net,http://placeimg.com/640/480/people,1390 Thomas Squares Apt. 728,Torey Lane,57427,Lake Clementine,73460,Mauritania,MR,-86.217017,-160.880887
167,Clarabelle,Lind,jason95@hotmail.com,18542861607,2003-10-05,female,http://braun.com,http://placeimg.com/640/480/people,37882 Hill Canyon,Pagac Ports,9089,Ortizborough,88854-4873,Ireland,IE,-18.676225,19.268161
168,Elwin,Kiehn,dejuan15@gmail.com,16294499963,1995-02-10,male,http://daniel.org,http://placeimg.com/640/480/people,8543 Lind Shores,Gaylord Ways,177,Wilfredoside,40980-3164,Algeria,DZ,-12.837723,-108.881202
169,Patsy,Stroman,wnicolas@leannon.info,14253819804,1962-03-13,female,http://waelchi.net,http://placeimg.com/640/480/people,4703 Jennyfer Crossroad Apt. 477,O'Conner Walks,786,Lake Lempi,56196,French Southern Territories,TF,-65.613035,66.646286
170,Sibyl,Shields,cristian13@nienow.com,12486065697,2015-01-31,female,http://wiza.net,http://placeimg.com/640/480/people,62426 Alvera Ways,Wiza Glen,845,Tremblaymouth,46667,New Caledonia,NC,-42.256725,-19.589393
171,Gretchen,Casper,meaghan28@hotmail.com,17579303706,1968-06-08,female,http://wilkinson.info,http://placeimg.com/640/480/people,7142 Dale Viaduct,O'Conner Lights,440,West Salvatoreberg,65693-4366,Kenya,KE,57.488819,-145.222803
172,Novella,Hoeger,zjakubowski@ferry.org,18382393897,1953-06-22,female,http://daugherty.com,http://placeimg.com/640/480/people,386 Nicolas Corners Suite 359,Erich Trafficway,906,South Elliotport,16449-3545,Togo,TG,47.72571,9.406987
173,Kamryn,Kuphal,myles79@gmail.com,14792495831,1990-06-06,male,http://terry.com,http://placeimg.com/640/480/people,9078 Dare Expressway Apt. 385,Kunde Forges,97037,Schambergerborough,13343-2363,Haiti,HT,33.739852,87.741875
174,Hulda,Wolf,sasha47@gmail.com,17654844903,1982-07-06,female,http://morar.com,http://placeimg.com/640/480/people,78693 Schmitt Skyway,Mitchell Avenue,91754,South Brittanyview,09522-8545,Belgium,BE,69.272464,-156.26488
175,Valentina,Romaguera,marielle07@hotmail.com,12543781804,2005-10-25,female,http://kerluke.net,http://placeimg.com/640/480/people,96360 Oberbrunner Spur Apt. 302,Buster Viaduct,46587,West Reymundochester,47028-7367,Moldova,MD,-33.524025,76.918608
176,Zaria,Ryan,bogisich.prince@gmail.com,15013506536,2005-02-19,female,http://dickinson.biz,http://placeimg.com/640/480/people,95267 Parisian Villages Suite 777,Missouri Mountains,2654,Vandervortmouth,29554-7197,St. Pierre & Miquelon,PM,51.867705,38.787812
177,Hardy,Beier,denesik.wilfrid@hotmail.com,16183571086,1945-03-10,male,http://smith.com,http://placeimg.com/640/480/people,757 Jonathan Summit Apt. 072,Bergstrom Islands,4695,Beattymouth,17884,Pakistan,PK,-78.595003,-165.57654
178,Michale,Adams,wherzog@senger.com,15708316414,1960-11-28,male,http://murazik.net,http://placeimg.com/640/480/people,25888 Collins Skyway Suite 683,Giovanny Highway,113,New Vivianeshire,74545,Latvia,LV,-22.963199,58.410427
179,Dimitri,Bailey,catalina37@hotmail.com,17436476891,1997-07-16,male,http://bernhard.info,http://placeimg.com/640/480/people,7061 Becker Light Apt. 660,Brielle Valleys,392,Larryhaven,64584,Bahrain,BH,79.221803,82.075226
180,Velma,Leffler,ezekiel.feil@hodkiewicz.com,14848715490,1941-04-25,female,http://barrows.org,http://placeimg.com/640/480/people,94432 Grimes Branch Suite 597,Veum Ranch,5798,North Whitney,91547-5072,Czechia,CZ,78.459971,105.531003
181,Brielle,Dicki,arne.kilback@yahoo.com,13866059858,1943-09-24,female,http://carroll.com,http://placeimg.com/640/480/people,4170 Lehner Unions,Hegmann Isle,61845,Domenickstad,49341,Gabon,GA,-18.379976,-76.333389
182,Doug,Jakubowski,obernier@gmail.com,17329464418,1949-01-22,male,http://heaney.com,http://placeimg.com/640/480/people,36796 Pacocha Throughway Suite 821,Alexandre Spur,71738,West Lamar,51882,Mayotte,YT,-48.169572,142.85206
183,Adonis,Smith,una07@abernathy.com,17624972346,2004-07-16,male,http://labadie.com,http://placeimg.com/640/480/people,96493 Vernon Prairie,Georgiana Divide,981,Brittanyborough,23994,Syria,SY,16.40295,-155.302645
184,Nichole,Berge,patience.bernier@glover.org,12695694902,1996-06-23,female,http://howell.com,http://placeimg.com/640/480/people,51356 Elena Extension,Nasir Island,405,Keshawnborough,63994,American Samoa,AS,17.353267,-68.519984
185,Donato,Rogahn,cortez99@hotmail.com,12395580951,1954-01-29,male,http://kozey.biz,http://placeimg.com/640/480/people,289 Nitzsche Estates Suite 229,Moore Mews,653,New Daphneeport,66640,Svalbard & Jan Mayen,SJ,38.076221,168.378954
186,Austen,Koepp,noe62@gmail.com,17267364300,2007-04-14,male,http://kihn.com,http://placeimg.com/640/480/people,80339 Hailie Lake Suite 343,Ethel Run,61024,Elyseview,20990,Chile,CL,58.697195,-50.536896
187,Jerome,Tillman,istamm@gmail.com,15592293316,1948-02-01,male,http://heidenreich.info,http://placeimg.com/640/480/people,9321 Morar Underpass,Kayley Track,11206,South Angeloland,62132-5784,Syria,SY,76.544544,4.053344
188,Trey,Green,herman.delia@lowe.biz,12485612542,1984-01-15,male,http://bins.org,http://placeimg.com/640/480/people,268 Aidan Fort Suite 337,Hoppe Shoal,42210,East Wiltonberg,52116-4453,Mali,ML,50.65994,-30.53959
189,Cristian,Huel,arnaldo.abernathy@gmail.com,13614430854,1973-01-13,male,http://pollich.info,http://placeimg.com/640/480/people,4258 Gulgowski Summit Apt. 695,Gussie Ford,75242,Conroyport,09306,Eritrea,ER,-27.807623,143.976804
190,Cooper,Herzog,demetris62@gmail.com,14198296893,1944-06-22,male,http://gorczany.info,http://placeimg.com/640/480/people,7012 Kuhlman Hills Suite 844,Paul Pike,67273,Isabellafurt,39698,Pakistan,PK,-24.077006,114.249163
191,Ezra,Kuvalis,troy72@emard.com,19598010069,2023-08-31,male,http://mohr.com,http://placeimg.com/640/480/people,5643 Keebler Extension,Ryan Skyway,479,East Victor,02156,Germany,DE,84.616905,-142.485592
192,Tito,Robel,pacocha.jaida@deckow.com,13866907029,2015-02-24,male,http://strosin.com,http://placeimg.com/640/480/people,74265 Sabryna Stream,Rahsaan Port,54432,Howellville,65096,El Salvador,SV,55.23612,106.152827
193,Raquel,Altenwerth,merritt79@gmail.com,18179108287,2004-12-28,female,http://torp.info,http://placeimg.com/640/480/people,81349 Runolfsson Ways,Balistreri Lakes,3669,North Amos,70899-9400,Slovenia,SI,-28.403446,6.639407
194,Guiseppe,Pagac,oshields@hotmail.com,13138444105,2002-05-31,male,http://donnelly.org,http://placeimg.com/640/480/people,88485 Luettgen River,Hansen Trail,98989,Blancafurt,97189-5210,Kyrgyzstan,KG,79.686765,12.310443
195,Raphaelle,Green,edythe63@gusikowski.com,15635994044,1985-12-27,female,http://medhurst.com,http://placeimg.com/640/480/people,830 Spinka Forge Suite 558,Karen Club,74103,Port Mose,12367,French Guiana,GF,-52.721967,-8.629498
196,Bette,Powlowski,nathanael.monahan@gmail.com,15415538900,1953-12-16,female,http://gottlieb.com,http://placeimg.com/640/480/people,96871 Tre Courts Suite 663,Cydney Center,1232,Gleichnermouth,67729-9601,Turkmenistan,TM,-50.451451,114.633892
197,Marion,Towne,zachary.rippin@gmail.com,15156810043,1963-03-24,female,http://gerhold.com,http://placeimg.com/640/480/people,6506 Runolfsson Turnpike Apt. 163,Bryana Islands,6404,Paytonfort,23453,Cocos (Keeling) Islands,CC,80.311301,58.433236
198,Clemens,Cruickshank,hegmann.tyra@aufderhar.com,19499175220,1987-10-18,male,http://durgan.com,http://placeimg.com/640/480/people,62477 Kerluke Forges,Jonathon Well,988,Port Isobelmouth,51649,Guyana,GY,38.736624,59.341099
199,Price,Hauck,prosacco.judd@hotmail.com,17325459897,2006-07-21,male,http://renner.com,http://placeimg.com/640/480/people,6631 Hudson Grove,Lebsack Center,975,Lillabury,71082,Myanmar (Burma),MM,40.708284,-124.876924
200,Guido,Bogisich,jwintheiser@koch.com,17862084694,1947-03-02,male,http://zemlak.com,http://placeimg.com/640/480/people,7950 Myriam Canyon Suite 296,Grant Meadow,59565,Wilmabury,29168,Jordan,JO,-59.278515,-126.754673
201,Justine,Beahan,srodriguez@hotmail.com,14783274909,1974-04-03,female,http://franecki.org,http://placeimg.com/640/480/people,72279 Daija Ways,Wehner Coves,57790,New Noechester,85182,Montenegro,ME,-35.053467,56.45215
202,Rowan,Kirlin,skye.von@yahoo.com,17026338856,1951-07-07,male,http://waelchi.com,http://placeimg.com/640/480/people,3774 Elvis Point,Colt Prairie,308,Jasminside,57520,Guatemala,GT,-89.58324,-7.00415
203,Drew,Shields,lori.klein@yahoo.com,18203037114,1940-11-05,female,http://waelchi.biz,http://placeimg.com/640/480/people,4006 Fredy Spur,Streich Forge,81721,South Edgardoside,68605,Burundi,BI,-30.305261,134.519091
204,Delores,Hayes,earl.robel@hotmail.com,15173777031,1965-02-19,female,http://fritsch.net,http://placeimg.com/640/480/people,4225 Tromp Loaf Apt. 641,Trevion Orchard,173,Port Heavenside,72235,Switzerland,CH,68.577861,43.948467
205,Antonio,Wiza,ylowe@gmail.com,14053546322,1940-10-17,male,http://mckenzie.com,http://placeimg.com/640/480/people,2059 Fatima Trafficway,Hermann Creek,5335,Harveychester,79526-0231,Tokelau,TK,73.119976,-76.360309
206,Benedict,Jakubowski,selmer.franecki@gmail.com,17724401471,1950-07-09,male,http://barton.com,http://placeimg.com/640/480/people,11526 Antonetta Via,Janessa Isle,727,Kellenfurt,98824-2312,Caribbean Netherlands,BQ,-38.291089,-179.869411
207,Harley,Torp,kennedy22@streich.biz,12817787107,1997-07-26,male,http://schiller.org,http://placeimg.com/640/480/people,5109 Giuseppe Islands Suite 859,Larson Turnpike,45865,Lake Elijahberg,43483,Estonia,EE,-37.320674,-26.360646
208,Margaret,Crona,sidney96@hessel.org,17545796366,2004-12-21,female,http://strosin.net,http://placeimg.com/640/480/people,717 Gay Centers Apt. 481,Jake Throughway,90158,Lake Boyd,47129-6655,Maldives,MV,-67.131586,-178.335273
209,Oscar,Hoeger,ernser.zena@gmail.com,15172362580,1961-07-07,male,http://bartoletti.biz,http://placeimg.com/640/480/people,17773 Keebler Manor,Grant Passage,9894,Altheamouth,10537-3233,Congo - Brazzaville,CG,-27.475565,16.597996
210,Deven,Daniel,tanner.krajcik@hotmail.com,17608886909,1976-03-04,male,http://oberbrunner.biz,http://placeimg.com/640/480/people,341 Crist Port,Boehm Island,7644,Yundtview,63366-8337,St. Kitts & Nevis,KN,63.321798,93.652629
211,Lori,Emard,bins.sienna@gmail.com,14636508701,1977-02-08,female,http://monahan.org,http://placeimg.com/640/480/people,815 Glover Highway,Neoma Squares,2118,Reynoldsstad,82071,Poland,PL,47.221204,-58.192052
212,Elta,Conroy,htorphy@bins.com,17579551129,1984-09-17,female,http://purdy.net,http://placeimg.com/640/480/people,697 Aric Meadows Suite 729,Brekke Track,5413,Murraymouth,24163,Bolivia,BO,-30.408773,100.72505
213,Brisa,Erdman,prempel@cormier.com,18785759598,2017-11-05,female,http://oconnell.com,http://placeimg.com/640/480/people,63464 Malvina Common,Kuhn Corner,5825,Wilfredohaven,77944,Gibraltar,GI,9.31276,173.37387
214,Cornell,Kovacek,tyreek11@yahoo.com,15122963997,1973-08-11,male,http://bernier.org,http://placeimg.com/640/480/people,609 Spinka Inlet Suite 939,Abagail Locks,67867,Leuschkeview,63388,Slovakia,SK,-8.381151,1.595395
215,Janelle,Moen,cummings.velva@strosin.com,15517877530,1972-10-07,female,http://russel.com,http://placeimg.com/640/480/people,94438 Reynolds Common,Rosemary Street,7840,Rubyhaven,24225,St. Vincent & Grenadines,VC,81.149195,27.714434
216,Makenzie,Stamm,dietrich.aryanna@nader.com,15599440102,1956-01-06,female,http://hagenes.biz,http://placeimg.com/640/480/people,256 Abernathy Canyon Suite 075,Larkin Greens,441,Orphastad,56254-4279,Kiribati,KI,-45.163241,-82.586716
217,Omer,Dibbert,ohara.elyssa@swaniawski.biz,14754737501,1993-03-23,male,http://konopelski.org,http://placeimg.com/640/480/people,8901 Weissnat Crossing Apt. 625,Block Lake,65376,New Marionchester,45277-0013,St. Vincent & Grenadines,VC,30.839345,-113.272813
218,Oren,Williamson,meaghan24@mayer.com,15517541794,1956-09-23,male,http://schmeler.com,http://placeimg.com/640/480/people,25029 Waylon Walks,Rogers Bridge,19548,New Alyciashire,76994-4569,Ireland,IE,31.220638,124.578295
219,Griffin,Abbott,kameron05@gmail.com,18456131773,2020-08-07,male,http://kshlerin.org,http://placeimg.com/640/480/people,70194 Rice Views Apt. 024,Lew Glens,46827,Jayton,73656,Philippines,PH,-33.120833,-117.778241
220,Rhoda,Wuckert,margret.terry@weimann.biz,19187879123,2005-07-30,female,http://nader.com,http://placeimg.com/640/480/people,97047 Schuppe Roads,Dimitri Mills,41320,North Jess,85000,Martinique,MQ,-52.475835,27.765174
221,Elena,Prohaska,littel.floyd@leannon.net,16053294775,1993-06-20,female,http://schmeler.net,http://placeimg.com/640/480/people,1402 O'Kon Points,Joaquin Viaduct,129,South Danielleview,64277-5468,Norfolk Island,NF,27.87408,-97.171391
222,Harmony,Balistreri,ejenkins@dooley.net,18658256553,1991-10-11,female,http://pacocha.com,http://placeimg.com/640/480/people,3431 Grant Harbor,Runolfsson Trace,583,East Germaineberg,10977,Burkina Faso,BF,-28.675652,38.530755
223,Torrey,Lemke,daphnee75@hotmail.com,17203261421,1936-06-28,male,http://kessler.com,http://placeimg.com/640/480/people,11648 Ernser Village,Gerhold Street,879,Terryburgh,40216,Nepal,NP,-55.517199,-69.137771
224,Reed,Kub,wolf.maddison@yahoo.com,15635865718,1971-12-20,male,http://purdy.org,http://placeimg.com/640/480/people,867 Ritchie Fall,Camren Cove,61262,Quigleychester,48789,Liechtenstein,LI,-82.593438,-165.099875
225,Adeline,Lockman,roman76@hotmail.com,12487353800,1957-03-23,female,http://hoeger.com,http://placeimg.com/640/480/people,641 Breanne Street,Karlee Drives,33436,Gibsonland,05828,Chad,TD,-6.046104,-34.03087
226,Dan,Herman,ruecker.joelle@nitzsche.org,16619520882,2014-09-15,male,http://huels.com,http://placeimg.com/640/480/people,5028 Reid Cape,Orn Summit,464,Emardborough,12235,Canada,CA,11.670598,-145.742354
227,Victor,Klein,abbott.miles@gmail.com,16898536353,2015-05-20,male,http://glover.com,http://placeimg.com/640/480/people,1429 Koelpin Highway,Julius Road,65797,Evebury,43983-1814,St. Barthélemy,BL,-74.822191,75.211077
228,Jarvis,Hermann,nbauch@yahoo.com,16236683829,2010-08-22,male,http://miller.org,http://placeimg.com/640/480/people,2444 Ryan Wall Suite 319,Bertrand Coves,7334,North Daisyburgh,01475,Nicaragua,NI,-71.64891,46.997725
229,Guido,Gerhold,elvis.kuhic@hane.net,12105093314,1952-03-13,male,http://ferry.com,http://placeimg.com/640/480/people,17912 Cheyenne Lake,John Mountain,1239,Parkerbury,18235-6564,Belgium,BE,-22.637694,-111.617823
230,Sophie,Stokes,della36@gmail.com,18452056504,1970-03-14,female,http://wisoky.com,http://placeimg.com/640/480/people,42988 Oran Junctions Apt. 902,Clair Land,12028,Tituston,91440-9724,Thailand,TH,-10.27085,-109.204272
231,April,Huel,dietrich.clinton@gmail.com,16086353654,1961-08-28,female,http://marquardt.com,http://placeimg.com/640/480/people,58342 Wiegand Highway Suite 848,McKenzie Manor,31897,Ricoborough,48247-3844,Liechtenstein,LI,-49.613625,-128.51155
232,Marilie,Douglas,crussel@dach.net,15734600137,1938-02-19,female,http://harris.com,http://placeimg.com/640/480/people,5621 Sylvan Rapid,Kaya Villages,22385,Lake Erica,28365-9981,Sint Maarten,SX,16.061512,0.551181
233,Roel,Koelpin,cmayer@schneider.com,12203187254,2005-03-17,male,http://parisian.com,http://placeimg.com/640/480/people,919 Raynor Haven,Florida Mountains,418,Lake Dagmarton,42684,Cyprus,CY,-3.033255,159.787583
234,Chet,Homenick,ladarius.ernser@jaskolski.com,18288741402,1983-07-26,male,http://feil.org,http://placeimg.com/640/480/people,3591 Herta Overpass,Bashirian Landing,23411,Rainachester,29700-8334,Malaysia,MY,-55.505607,-77.608264
235,Helmer,Stark,carli49@hotmail.com,14234247262,1962-07-02,male,http://upton.org,http://placeimg.com/640/480/people,1975 Mayer Greens,Gibson Fall,9963,Lake Malindaport,24930-1984,Taiwan,TW,74.776457,-161.971375
236,Malachi,Dicki,bernadette19@hodkiewicz.com,14236351978,2005-03-24,male,http://mclaughlin.com,http://placeimg.com/640/480/people,955 Fadel Fall,Torphy Islands,1560,Chayafurt,00302-0697,Yemen,YE,83.150907,-67.954099
237,Emiliano,Thiel,jody01@hotmail.com,19595027795,1970-06-11,male,http://cummings.com,http://placeimg.com/640/480/people,552 Frederic Field,Agnes Ways,7651,Hailieport,27291,Russia,RU,-66.029676,-81.763629
238,Lincoln,Bergstrom,murray.clifford@hotmail.com,15189482553,1938-08-10,male,http://mcglynn.info,http://placeimg.com/640/480/people,5086 Reina Street,Philip Court,515,North Brycefort,40746,Pakistan,PK,-54.045519,43.378476
239,Allison,Kuhn,reichert.lisette@bernhard.com,17636503909,1983-08-29,female,http://nienow.biz,http://placeimg.com/640/480/people,985 Jeffry Crest,Adonis Turnpike,39622,Port Tillmanview,03165,Isle of Man,IM,-28.858829,62.02489
240,Rashawn,Auer,padberg.jessie@brakus.com,15679125278,1990-05-21,male,http://flatley.com,http://placeimg.com/640/480/people,578 Beatty Harbors,Donnelly Trail,7438,Brownmouth,27431,Burundi,BI,53.394172,-125.740851
241,Dalton,Treutel,kaycee.brakus@hotmail.com,16202866508,1980-12-09,male,http://runte.info,http://placeimg.com/640/480/people,718 Magnolia Stream,Hahn Curve,4814,East Leonardo,51690,Bolivia,BO,68.792281,9.51237
242,Maia,Denesik,jemmerich@gmail.com,14016342165,1966-11-24,female,http://walter.com,http://placeimg.com/640/480/people,95210 Cartwright Rest Suite 763,Goldner Cove,487,Lauraside,20392,Marshall Islands,MH,4.604481,172.791097
243,Laisha,Beatty,idouglas@schimmel.com,14784387850,1997-03-26,female,http://rogahn.biz,http://placeimg.com/640/480/people,858 Garrett Plains Apt. 848,Goodwin Turnpike,4634,Lake Antonehaven,41732,Thailand,TH,19.34468,149.483874
244,Melany,Macejkovic,luisa35@gmail.com,13076076486,1998-04-29,male,http://kerluke.org,http://placeimg.com/640/480/people,951 Breitenberg Roads,Verda Freeway,7996,Yolandafort,12817-0853,Belarus,BY,46.746711,-4.08308
245,Darion,Harris,kertzmann.tyler@gmail.com,14173238275,2023-08-07,male,http://padberg.com,http://placeimg.com/640/480/people,7846 Vida Drive,Oran Brook,87393,New Antwon,02968,Libya,LY,31.910989,175.202677
246,Monique,Bogisich,cristian09@hotmail.com,15163841253,2020-05-28,female,http://dibbert.net,http://placeimg.com/640/480/people,1656 Veum Stream,Kali Crossroad,32425,Martabury,72687,Belgium,BE,-81.754374,-114.971969
247,Marisa,Ledner,darrin72@gleason.net,19379001728,1999-12-14,female,http://hodkiewicz.biz,http://placeimg.com/640/480/people,53248 Moen Tunnel,Mosciski Street,4346,Darleneburgh,31931-1426,Montenegro,ME,39.071898,94.638333
248,Jeramie,Boehm,kblanda@daniel.com,17867330217,2002-03-23,male,http://smith.com,http://placeimg.com/640/480/people,3572 Schmitt Curve,Ottis Lights,48687,Port Sierrachester,36376-6211,Maldives,MV,61.288878,58.561956
249,Francisco,Becker,fadel.carson@gmail.com,19855161174,1972-06-07,male,http://koss.net,http://placeimg.com/640/480/people,590 Layne Neck,Schiller Mountains,503,Ebertshire,33066-2275,El Salvador,SV,-10.390173,-104.373009
250,Wava,Towne,aufderhar.ferne@hotmail.com,12482901081,1976-11-28,female,http://lind.org,http://placeimg.com/640/480/people,43398 Pouros Meadow Apt. 270,Abner Fields,3075,East Pearlineview,15300,North Macedonia,MK,10.13338,103.39888
251,Maxime,Schneider,joanie.monahan@nitzsche.biz,14583950968,1961-09-07,male,http://tromp.com,http://placeimg.com/640/480/people,14917 Geo Drives,Reina Drive,47463,Greenfelderville,91635,St. Kitts & Nevis,KN,-18.501242,-60.496438
252,Arne,Hills,jordane.reinger@bechtelar.info,17407922759,1959-06-19,male,http://kihn.com,http://placeimg.com/640/480/people,3046 Shanel Locks Suite 743,Pagac Lane,7456,Lake Terenceland,44768-1709,Slovakia,SK,32.938989,41.384476
253,Nicolas,Ziemann,kamron01@gmail.com,13233888296,1940-04-18,male,http://becker.com,http://placeimg.com/640/480/people,413 Gutmann Drive Suite 303,Lang Inlet,900,East Lucieside,53008,Tanzania,TZ,88.867491,31.074203
254,Kay,Lind,gideon.smith@hotmail.com,14789824351,2023-02-14,male,http://wintheiser.biz,http://placeimg.com/640/480/people,820 Ewell Key,Domenic Island,13072,Marcelinahaven,57400,Kenya,KE,-63.463937,156.555366
255,Chadrick,Pollich,ankunding.horace@yahoo.com,12545837836,2002-12-03,male,http://quigley.org,http://placeimg.com/640/480/people,20015 David Centers,Beier Stravenue,96262,West Verlie,86915-0241,Guam,GU,25.308218,122.725809
256,Kariane,Sanford,wbarrows@heaney.com,17327316516,1947-10-10,female,http://parker.com,http://placeimg.com/640/480/people,5228 Mills Lodge Apt. 739,Foster Meadow,5884,Port Graysonview,28192-7904,Oman,OM,-55.644587,-82.110663
257,Olaf,Frami,schuppe.megane@kiehn.com,16622283418,2014-01-18,male,http://turner.info,http://placeimg.com/640/480/people,1731 Towne Squares Apt. 369,Leuschke Flats,500,North Jerald,29292,St. Barthélemy,BL,55.994279,101.794677
258,Claudia,Beahan,adele02@yahoo.com,13156005467,2006-03-11,female,http://streich.com,http://placeimg.com/640/480/people,912 Green Curve Suite 752,Noemie Fort,252,Darronfurt,37982,El Salvador,SV,-71.936366,99.953149
259,Charlie,Miller,earl10@corkery.com,15592968330,1980-02-08,male,http://armstrong.com,http://placeimg.com/640/480/people,65329 Hills Vista Apt. 610,Prince Manor,698,East Loyaltown,67933-9277,Finland,FI,26.596099,-11.553326
260,Barbara,Krajcik,antonia93@gmail.com,17733226889,1937-11-28,female,http://metz.com,http://placeimg.com/640/480/people,225 Reece Turnpike,Jazlyn Point,7547,Lake Caterinabury,01254-2761,North Macedonia,MK,84.802243,100.303315
261,Zoe,Gleichner,waylon.doyle@predovic.com,16314048751,2020-03-03,female,http://thiel.com,http://placeimg.com/640/480/people,557 Tavares Cliff Suite 054,Diana Flats,903,Murazikmouth,19003,Panama,PA,23.115156,23.056013
262,Marcelo,Tremblay,beahan.camila@yahoo.com,17639126312,1974-04-03,male,http://reichert.com,http://placeimg.com/640/480/people,37655 Hermann Drive Apt. 433,Nikolaus Parks,4402,Ziemefurt,81447-9094,Rwanda,RW,-18.857692,-29.192685
263,Felicity,Kling,charlotte.casper@yahoo.com,18727077075,2006-10-26,female,http://greenholt.com,http://placeimg.com/640/480/people,575 Heller Canyon,Lind Mountains,5366,Kaylahview,34681,Bosnia & Herzegovina,BA,-29.980282,-159.964548
264,Jarod,Harber,kylie94@kohler.com,16012073381,2007-04-01,male,http://metz.com,http://placeimg.com/640/480/people,9470 Jordi Forest Apt. 830,Hackett Parkway,64375,Clarabelleborough,28116,St. Martin,MF,3.299944,-83.252854
265,Hildegard,Nicolas,curtis.weimann@yahoo.com,18509418708,1991-08-08,female,http://parisian.net,http://placeimg.com/640/480/people,5156 Pattie Station,Eliane Heights,712,North Olinberg,73870-3942,Curaçao,CW,72.685748,-33.413913
266,Margarette,Block,wilderman.desiree@yahoo.com,14583476189,1969-10-16,female,http://koss.org,http://placeimg.com/640/480/people,396 Crystal Trace Apt. 878,Melisa Turnpike,281,Mortonfurt,04213-9316,Martinique,MQ,-80.68541,-116.680004
267,Rubie,Lueilwitz,eldon.murray@gmail.com,13372694658,1938-02-09,female,http://klocko.com,http://placeimg.com/640/480/people,13043 O'Connell Fall,Rae Forge,7127,East Annamaeview,20580,Czechia,CZ,7.591258,89.807733
268,Dino,Mertz,nolan.florencio@keebler.com,13364550792,2005-08-03,male,http://spencer.com,http://placeimg.com/640/480/people,93409 Aylin Groves Suite 933,Oleta Knolls,741,North Liza,21034,Kiribati,KI,-39.551182,-97.200065
269,Newell,Boyle,dominic40@hotmail.com,15632952148,1945-06-03,male,http://lemke.com,http://placeimg.com/640/480/people,345 Tina Station Suite 931,Lauriane Corners,63774,Nelsport,60516,Niue,NU,35.07343,140.105734
270,Dedric,Schuppe,stiedemann.josefina@gmail.com,15022079764,1944-12-07,male,http://rau.com,http://placeimg.com/640/480/people,203 Heaney Extension,Reilly Station,7898,North Augustville,69591,Botswana,BW,-13.996549,61.368486
271,Kira,Farrell,pierce.rowe@schowalter.com,14095613048,1988-06-13,female,http://donnelly.info,http://placeimg.com/640/480/people,21869 Schoen Ferry,Nellie Camp,10253,Lakinborough,28730-0308,Mauritius,MU,19.478089,174.360286
272,Cyril,Casper,gorczany.sigrid@gmail.com,16156485544,1973-06-12,male,http://auer.com,http://placeimg.com/640/480/people,958 Willms Underpass Suite 177,Turcotte Hollow,83423,South Kailee,96217-4531,South Korea,KR,34.210604,-97.330215
273,Daisha,Walter,lily.rolfson@anderson.com,15598183672,1963-07-04,female,http://effertz.com,http://placeimg.com/640/480/people,39615 Ignatius Knoll Apt. 140,Rowe Forges,716,Hoegerbury,56624,Seychelles,SC,52.060223,-31.511649
274,Catalina,Kling,jonathon28@lubowitz.com,12696977245,2014-11-04,female,http://mayer.org,http://placeimg.com/640/480/people,8871 Roel Plains Apt. 419,Kian Summit,51675,New Marc,09743-0428,Saudi Arabia,SA,0.079812,0.203124
275,Van,VonRueden,randy62@yahoo.com,13516423317,1995-01-15,male,http://boyle.com,http://placeimg.com/640/480/people,35812 Sean Stream Apt. 046,Kiehn Fields,6583,Port Abeview,92177-3842,Hungary,HU,-26.364273,-49.591894
276,Conor,Langosh,sbrekke@gmail.com,17379779323,1990-12-26,male,http://muller.org,http://placeimg.com/640/480/people,5883 Grady Fields Apt. 792,Chance Gardens,1491,Greenholtchester,56295,Turkmenistan,TM,8.673297,-161.833702
277,Tate,Pouros,robel.christina@yahoo.com,17865059768,1984-09-01,male,http://fritsch.org,http://placeimg.com/640/480/people,97728 Franecki Fork Apt. 457,Farrell Causeway,4114,South Reece,94346,Egypt,EG,67.221351,-87.041703
278,Katheryn,Klein,heaney.zachariah@hickle.com,14238035078,1988-09-05,female,http://walsh.net,http://placeimg.com/640/480/people,44494 Satterfield Viaduct Suite 778,Runolfsdottir Viaduct,78044,Smithbury,40272,Poland,PL,46.036861,86.435875
279,Ayana,Ondricka,molly11@yahoo.com,15302226362,2006-11-13,female,http://schaden.org,http://placeimg.com/640/480/people,7224 Murray Fall Suite 425,Roberts Roads,4803,Kristofermouth,86806-7975,Uzbekistan,UZ,-29.290719,149.280438
280,Roxanne,Weissnat,predovic.donny@gmail.com,14456139268,1976-02-12,female,http://mueller.com,http://placeimg.com/640/480/people,3050 Pacocha Burg,Rutherford Avenue,8260,South Alphonsoborough,75342-1226,Oman,OM,80.259624,112.416291
281,Judd,Lowe,kertzmann.sasha@gmail.com,15862369286,1977-07-22,male,http://haag.com,http://placeimg.com/640/480/people,873 Krajcik Mall Suite 097,Mauricio Bypass,569,Pagacton,93705,Jersey,JE,-31.180278,-155.752838
282,Hipolito,Bayer,mcartwright@gmail.com,16892998725,2022-07-27,male,http://halvorson.info,http://placeimg.com/640/480/people,362 Kunze Common Suite 996,Zemlak Ways,718,Mayertburgh,06395-2462,Chile,CL,58.115218,-142.110734
283,Mitchel,D'Amore,qolson@yahoo.com,13858251955,2018-01-29,male,http://upton.com,http://placeimg.com/640/480/people,23059 Hessel Falls,Luciano Place,2168,Macejkovicton,35318,Zambia,ZM,-84.151757,-158.562535
284,Yvette,Heathcote,lori90@kohler.net,17608819699,2003-12-15,female,http://kuhn.com,http://placeimg.com/640/480/people,8186 Shirley Ridges Apt. 359,Crist Bypass,76509,Port Danialville,66444-8343,Uruguay,UY,36.384779,66.760135
285,Juwan,Ward,fahey.oren@abshire.info,14582779655,1986-06-03,male,http://cormier.com,http://placeimg.com/640/480/people,37920 Lehner Divide,Keely Cape,6779,Zboncakburgh,15637-3979,Dominican Republic,DO,-12.578531,-42.843853
286,Odell,Bosco,theodore98@stokes.com,12622502226,1979-09-13,male,http://kessler.net,http://placeimg.com/640/480/people,6533 Jerde Rapids,Orlo Walks,5250,Ianshire,94782,Honduras,HN,-88.936896,-12.958928
287,Haylie,Borer,johanna65@feeney.com,14354155998,1957-08-29,female,http://schmeler.biz,http://placeimg.com/640/480/people,81341 Bergnaum Centers Apt. 875,Ritchie Rest,63773,Frederiqueburgh,93482,Germany,DE,58.500045,148.44631
288,Tina,Schulist,kaya14@hayes.com,13044773098,2025-09-24,female,http://mitchell.com,http://placeimg.com/640/480/people,80759 Weissnat Cape Apt. 667,Hintz Stream,45111,Port Armandport,77980,Palestinian Territories,PS,-1.882683,-149.637841
289,Kennedi,Moore,rlesch@hotmail.com,19254670259,1970-09-17,male,http://grimes.org,http://placeimg.com/640/480/people,169 Wehner Cape Apt. 773,Bernhard Viaduct,4841,New Brad,68951,Tokelau,TK,-13.054709,-56.666589
290,Verda,Funk,ceasar.welch@gmail.com,19726972650,1981-02-26,female,http://streich.com,http://placeimg.com/640/480/people,4764 Lebsack Track Suite 845,Neal Village,78167,Gottliebmouth,56529-5838,Réunion,RE,88.914024,-137.50301
291,Cassie,Langworth,hector.steuber@powlowski.com,12253806825,1992-08-14,female,http://predovic.com,http://placeimg.com/640/480/people,9271 Camille Walks,Rosamond Court,5039,East Immanuel,73260-9526,Dominican Republic,DO,-74.567547,-53.606691
292,Nathan,Shanahan,parker.bernardo@yahoo.com,14139641463,1939-03-26,male,http://bartell.com,http://placeimg.com/640/480/people,2798 Shane Views,Liliane Road,5537,East Darian,60781-7198,Costa Rica,CR,60.303263,172.593536
293,Loma,Goldner,murray.schinner@yahoo.com,12487955612,1972-01-31,female,http://predovic.com,http://placeimg.com/640/480/people,68254 Trantow Fords Suite 691,Kshlerin Viaduct,254,West Tylerfort,19655,Montenegro,ME,-12.476163,11.531582
294,Elias,Hackett,pierce58@hotmail.com,12094564821,1979-10-16,male,http://torphy.biz,http://placeimg.com/640/480/people,708 Bins Flats Suite 347,McDermott Valleys,312,Mantestad,14861,Montserrat,MS,-54.242114,56.497214
295,Shea,Schaden,ecrooks@yahoo.com,12605027405,1997-07-20,female,http://huel.com,http://placeimg.com/640/480/people,485 O'Kon Village,Shanon Parkway,494,Ryanview,97260-5149,Azerbaijan,AZ,3.126015,-106.088058
296,Celia,Connelly,pcarroll@herman.biz,12298022074,2014-06-19,female,http://conn.org,http://placeimg.com/640/480/people,9925 Isaias Ports Apt. 521,Taurean Creek,37100,West Ida,09873,Seychelles,SC,18.604886,134.943195
297,Stanley,Stark,adam.bergnaum@reilly.com,19377646895,1961-10-26,male,http://bogan.com,http://placeimg.com/640/480/people,229 O'Connell Mall Suite 469,Schumm Shore,884,South Troy,20822-9031,Cyprus,CY,5.181623,-113.976184
298,Ludie,Marquardt,wilford81@koch.info,15179195547,2001-06-24,female,http://vonrueden.biz,http://placeimg.com/640/480/people,2919 Lucy Fork,Hansen Cape,4925,Mollyborough,10054-7127,Egypt,EG,-20.606544,2.257812
299,Elmo,Predovic,stacy.mitchell@stanton.com,17867296506,1969-10-13,male,http://gerlach.com,http://placeimg.com/640/480/people,9677 Altenwerth Summit Suite 240,Esther Lakes,4579,Darrylview,18675-9979,Isle of Man,IM,-88.127111,112.330382
300,Emmanuelle,Bechtelar,kale.konopelski@mante.com,16812775233,2005-11-18,female,http://stark.com,http://placeimg.com/640/480/people,898 Pedro Plaza Apt. 053,Helena Meadow,82700,Bernierstad,30215,Tanzania,TZ,-49.186766,103.076422
301,Chaz,Christiansen,cortez.kuhn@hotmail.com,12767485960,1972-07-13,male,http://rogahn.net,http://placeimg.com/640/480/people,1857 Fisher Springs,Max Street,7994,Kodyville,43540,Niger,NE,79.401767,-70.182187
302,Mauricio,Turner,salma69@roob.com,12343289642,1972-01-06,male,http://reilly.com,http://placeimg.com/640/480/people,375 Audrey Turnpike,Borer Cliffs,2110,North Juvenalburgh,47590,South Georgia & South Sandwich Islands,GS,-67.84485,-173.137434
303,Vinnie,Von,ybalistreri@hotmail.com,13462880914,1962-12-26,male,http://ankunding.com,http://placeimg.com/640/480/people,33854 Maria Village,Schmeler Island,8032,New Peytonland,12701-7264,Djibouti,DJ,56.366461,-171.947319
304,Wilford,Von,daugherty.maud@grimes.org,18019375284,1981-01-24,male,http://altenwerth.com,http://placeimg.com/640/480/people,6442 Heaney Knoll,Davin Greens,719,North Lera,74781-6814,Dominican Republic,DO,44.766547,-174.761612
305,Samara,Stracke,bergstrom.reggie@gmail.com,17174851468,1951-11-09,female,http://greenholt.com,http://placeimg.com/640/480/people,742 Mikayla Village,Trinity Camp,1924,McCulloughstad,49172-7638,Greece,GR,-74.410881,8.463515
306,Adan,Ankunding,mohammad.wisozk@yahoo.com,15038974612,2003-12-24,male,http://kovacek.com,http://placeimg.com/640/480/people,20137 Flatley Drive,Dibbert Street,37940,Lenorashire,15284,United Arab Emirates,AE,21.427143,21.562638
307,Raquel,Mante,edythe15@gmail.com,18126618237,1989-03-21,female,http://cremin.net,http://placeimg.com/640/480/people,852 Malinda Drive,Maya Wall,605,South Ariel,61694,Norfolk Island,NF,-35.521591,-43.155426
308,Melissa,Brakus,purdy.clint@hotmail.com,16409485568,1943-03-21,female,http://vandervort.com,http://placeimg.com/640/480/people,3488 Bradly Road,Barton Grove,2792,Creminville,10755,Belgium,BE,-66.739796,140.485498
309,Dina,Sporer,shayne.nienow@thiel.com,15676070808,2025-08-16,female,http://grant.info,http://placeimg.com/640/480/people,5548 Aliya Station,Gleichner Turnpike,3464,Lake Malachi,09688-6350,Germany,DE,84.622046,52.886506
310,Maye,Macejkovic,brekke.chance@yahoo.com,17195691246,1998-11-23,female,http://bernier.com,http://placeimg.com/640/480/people,31130 Hintz Viaduct Suite 100,Leda Trail,917,Lavernafort,27103-3021,Bahamas,BS,-60.774953,122.994136
311,Vicente,Moen,ujacobi@hotmail.com,18439902366,1955-09-12,male,http://swift.info,http://placeimg.com/640/480/people,1188 Bergstrom Rapid Suite 808,Runolfsson Place,76166,Considineview,41826-3325,United States,US,-22.063709,95.103352
312,Elise,Wunsch,hbahringer@hilpert.com,18186085441,2022-11-12,female,http://schimmel.org,http://placeimg.com/640/480/people,49452 Creola Harbor Suite 704,Hassan Junction,50179,Elseview,54137-4426,Bosnia & Herzegovina,BA,-16.81204,-46.704936
313,Isabelle,Crona,mdenesik@hotmail.com,17378215557,2021-01-25,female,http://okeefe.com,http://placeimg.com/640/480/people,417 Fahey Harbors,Jakubowski Route,385,South Cristal,10068,Singapore,SG,-46.314614,49.322099
314,Angeline,Crona,orrin23@goodwin.com,18036591963,2008-09-04,female,http://hayes.net,http://placeimg.com/640/480/people,6523 Camille Ways,Kavon Forest,162,Connellyhaven,34846,Vietnam,VN,18.146102,-158.22728
315,Else,Armstrong,lehner.eva@spencer.com,14076093244,1999-02-04,female,http://monahan.com,http://placeimg.com/640/480/people,76159 Dorris Trail,Schowalter Port,3245,Port Harry,76896-2094,Belize,BZ,57.861525,17.193172
316,Agustin,Koelpin,hjacobson@botsford.org,19794507303,2016-05-27,male,http://reinger.org,http://placeimg.com/640/480/people,7062 Mosciski Ridges,Dana Ferry,6329,South Donnieshire,20692,Hong Kong SAR China,HK,-35.971666,171.777022
317,Elise,Daniel,koch.nova@hotmail.com,16194844076,1991-09-10,female,http://oconner.com,http://placeimg.com/640/480/people,41716 Okuneva Haven,Tromp Terrace,70809,Genovevaland,18749-9842,Faroe Islands,FO,-44.734825,173.209226
318,Rodger,Rau,misty92@ullrich.com,16805988194,2008-05-09,male,http://pollich.com,http://placeimg.com/640/480/people,6816 Kunde Squares,Amber Ranch,58366,Port Nigelville,57195-5200,Maldives,MV,-64.594497,170.147998
319,Shanelle,Kuphal,bashirian.reymundo@blanda.com,18046308504,1996-08-08,female,http://rutherford.com,http://placeimg.com/640/480/people,933 Mitchell Harbor Apt. 230,Kyra Lodge,546,North Zander,72240,Tajikistan,TJ,62.290448,57.470668
320,Kaia,Predovic,barton.monte@hotmail.com,14632898856,2018-01-25,female,http://bauch.com,http://placeimg.com/640/480/people,7316 Osinski Forest,Esmeralda Shores,568,Krisport,40773,Taiwan,TW,86.987017,-22.277731
321,April,Grimes,millie.mitchell@gmail.com,14789820531,1959-09-04,female,http://morar.org,http://placeimg.com/640/480/people,7973 Lueilwitz Stravenue,Dayna Centers,863,Mertztown,44545,United Kingdom,GB,38.813627,-151.737346
322,Augusta,Jenkins,queenie33@hotmail.com,12022805151,1963-08-23,female,http://ratke.com,http://placeimg.com/640/480/people,92109 Roderick Street,Goodwin Cove,62597,Flatleymouth,25182,Tuvalu,TV,-46.34254,100.415002
323,Presley,Wisoky,bradtke.ronny@kozey.net,17267474187,2025-01-21,male,http://hettinger.biz,http://placeimg.com/640/480/people,68657 Goyette Island Suite 235,Jacky Plaza,2848,Lake Joesphtown,84281,St. Martin,MF,-46.75287,-14.039038
324,Matilda,Buckridge,willy32@yahoo.com,18782372583,1974-07-04,female,http://hamill.com,http://placeimg.com/640/480/people,61921 Emmett Port,Gerhard Ford,332,Douglaston,78957,Philippines,PH,75.768633,57.301517
325,Daija,Okuneva,mckenna.osinski@yahoo.com,14075928004,1961-12-28,female,http://harris.info,http://placeimg.com/640/480/people,28984 Elvis Highway Suite 869,Austen Estate,313,West Cindyside,09329-3752,Sri Lanka,LK,2.420113,46.109271
326,Coleman,Bode,durgan.izabella@gmail.com,14459052911,1938-09-25,male,http://carroll.com,http://placeimg.com/640/480/people,812 Charlotte Locks Apt. 302,Waters Shoal,2654,Port Theodora,35507,Belize,BZ,-57.321633,-69.351075
327,Lucy,Feest,jast.kaylee@wiegand.com,14582482523,1998-02-17,female,http://farrell.net,http://placeimg.com/640/480/people,91360 Ortiz Groves,Danyka Bridge,70417,Kubmouth,51380,South Africa,ZA,51.280307,140.315313
328,Una,Heidenreich,tressie29@carter.com,12606955632,1967-07-07,female,http://kunze.com,http://placeimg.com/640/480/people,1322 Frederik Extension,Myrtis Viaduct,7411,Berryville,49806-9382,Mexico,MX,-81.829983,-55.7098
329,Demario,Volkman,cummings.modesta@yahoo.com,14342337669,1972-05-29,male,http://romaguera.com,http://placeimg.com/640/480/people,24221 Maeve Islands,Hand Port,9951,Schowalterfurt,66149,Tuvalu,TV,-66.136406,12.076191
330,Conner,Kris,fisher.georgiana@hotmail.com,15172147475,1975-03-22,male,http://crooks.info,http://placeimg.com/640/480/people,385 Heidenreich Union Apt. 048,Norval Forest,7677,North Lolaside,42286,Cuba,CU,-40.013788,-6.785566
331,Eden,Strosin,marjolaine.kohler@glover.org,18634540048,2014-12-13,female,http://flatley.com,http://placeimg.com/640/480/people,192 McKenzie Gateway Apt. 957,Jamison Spur,30445,West Marshallshire,41419,Cambodia,KH,-17.883864,-112.006492
332,Eleanora,Predovic,kunde.glenna@hotmail.com,19852347010,1971-08-27,female,http://mills.com,http://placeimg.com/640/480/people,44307 Axel Expressway,Dorcas Coves,89465,South Charlottestad,44720,British Indian Ocean Territory,IO,73.690884,-2.234087
333,Mac,Becker,gregorio92@walter.com,15514316187,1944-11-29,male,http://raynor.com,http://placeimg.com/640/480/people,3511 Abbott Motorway,Jaime Rest,279,North Aliceport,21214-7247,Western Sahara,EH,-54.867848,-146.366903
334,Odessa,Kiehn,ewald.pollich@hotmail.com,13619672982,1960-04-29,female,http://wunsch.com,http://placeimg.com/640/480/people,324 DuBuque Estate,Carolina Motorway,51966,North Mafalda,15915,Slovenia,SI,60.600686,71.69817
335,Meda,Hagenes,lenora28@yahoo.com,12563942365,1987-09-29,female,http://mcdermott.com,http://placeimg.com/640/480/people,25842 Donato Place,Sigmund Lodge,13317,New Theronstad,65300,France,FR,-45.543082,-117.782649
336,Emmanuelle,Goldner,zhudson@ullrich.net,19848322365,2022-07-18,female,http://nikolaus.biz,http://placeimg.com/640/480/people,825 Sipes Square Apt. 623,Magdalena Greens,9810,South Alyshamouth,62096-2916,Antigua & Barbuda,AG,67.852576,4.805356
337,Electa,Bechtelar,jfranecki@hotmail.com,12079336144,1977-07-20,female,http://kirlin.com,http://placeimg.com/640/480/people,4962 Smith Hill Apt. 287,Gleichner Summit,570,Gradyhaven,64176-5536,Tokelau,TK,75.588028,16.028552
338,Rosemary,D'Amore,irunte@gmail.com,15189383578,2020-09-14,female,http://weimann.org,http://placeimg.com/640/480/people,4902 Rolfson Tunnel Apt. 481,April Vista,67948,Maeville,88578-8131,Tonga,TO,39.279723,0.256736
339,Brown,Lakin,lesch.assunta@hotmail.com,16577354262,1991-01-29,male,http://bosco.com,http://placeimg.com/640/480/people,37757 Waelchi Fall,Tyra Fork,5861,East Zander,22289,Micronesia,FM,25.315309,129.300302
340,Cletus,Connelly,yasmine.buckridge@johnson.com,17577921314,2023-05-06,male,http://reichert.info,http://placeimg.com/640/480/people,543 Lindgren Hollow,Stone Islands,43382,Rosenbaumview,18585-9767,Belize,BZ,62.988377,-94.300772
341,Orville,Larkin,lakin.brett@durgan.com,14045125489,2021-06-28,male,http://wilderman.com,http://placeimg.com/640/480/people,9809 Renner Inlet Suite 679,Alexandre Hollow,31009,Hettingerland,13675-4379,Cambodia,KH,4.976012,-112.865493
342,Shana,Johnson,gusikowski.friedrich@reichert.net,16263886529,1997-08-11,female,http://murphy.com,http://placeimg.com/640/480/people,76603 Roob Views Apt. 436,Thalia Square,80222,New Jaida,11081-7390,Yemen,YE,38.603532,173.073493
343,Fiona,Strosin,tlittle@smith.com,14099422330,1957-03-07,female,http://connelly.biz,http://placeimg.com/640/480/people,13971 Lehner Curve Suite 932,Anika Glens,65699,Florencioshire,34346,Solomon Islands,SB,53.502068,-131.393112
344,Lilly,Kihn,heller.valentine@gmail.com,13214987708,1960-08-11,female,http://ledner.net,http://placeimg.com/640/480/people,364 Aurore Flat Suite 047,Gisselle Dale,462,East Bethel,77458,Luxembourg,LU,-48.582472,-9.623914
345,June,Zemlak,princess74@kuphal.com,14257311898,1963-05-26,female,http://zemlak.com,http://placeimg.com/640/480/people,792 Kling Orchard Apt. 252,Zieme Street,10242,Wavamouth,58646-6294,Bermuda,BM,-2.340504,161.39655
346,Claudie,Gulgowski,qwilkinson@cronin.com,16165243879,2015-06-08,female,http://kohler.info,http://placeimg.com/640/480/people,90966 Lisette Points Suite 440,Rippin Circle,2488,South Tomaschester,08391-6430,Lithuania,LT,-53.829948,-131.470588
347,Kenneth,Hirthe,astroman@gmail.com,19193436154,1987-06-11,male,http://hamill.info,http://placeimg.com/640/480/people,2153 Ledner Vista Apt. 025,Paucek Mills,91506,West Timothyland,01385,Iran,IR,39.56763,144.532682
348,Adan,Glover,cindy89@yahoo.com,14634013055,2014-07-28,male,http://rolfson.info,http://placeimg.com/640/480/people,814 Samson Ramp Suite 685,Schuster Radial,583,Bernhardberg,33596,Canada,CA,-82.246777,-149.611032
349,Annamarie,Botsford,champlin.olin@armstrong.net,16124633741,1937-12-23,female,http://marquardt.com,http://placeimg.com/640/480/people,7881 Hilma Spring Suite 109,Dandre Stream,8567,Amosbury,54332,Falkland Islands,FK,-76.989463,144.354918
350,Allen,Pfeffer,gaylord.virginia@tillman.com,14582382380,1957-02-25,male,http://steuber.com,http://placeimg.com/640/480/people,9774 Julius Roads Suite 368,Marquardt Station,971,Port Werner,29505,United Kingdom,GB,35.178695,135.410471
351,Litzy,Sipes,ykling@yahoo.com,12317784284,2018-03-24,female,http://walker.com,http://placeimg.com/640/480/people,65148 Ledner Circle,Kuhlman Square,1884,Libbybury,26705-7033,Slovenia,SI,-61.491397,-114.42427
352,Newell,Waelchi,justina.robel@orn.net,18057301864,1957-10-08,male,http://bosco.com,http://placeimg.com/640/480/people,57556 Nolan Locks Apt. 728,Zieme Hill,62130,Starkmouth,82254,Angola,AO,60.808546,60.41553
353,Elmer,Hudson,twaelchi@yahoo.com,13368296907,2001-08-28,male,http://lueilwitz.com,http://placeimg.com/640/480/people,64575 Ike Crest Apt. 320,Haag Ville,1403,New Dora,85539-4193,Bosnia & Herzegovina,BA,44.451697,39.457631
354,Adaline,Effertz,raynor.ila@corwin.com,14174919403,1943-08-20,female,http://ankunding.info,http://placeimg.com/640/480/people,7570 Kenna Fort Suite 557,Monte Islands,664,Port Rickeyburgh,82804-3888,Chad,TD,84.3503,-40.653763
355,Jared,Gislason,arely92@hotmail.com,18459972523,2000-10-26,male,http://stiedemann.com,http://placeimg.com/640/480/people,935 Jaquan Station,Hills Mission,29193,Torphyville,31929,Greenland,GL,50.186494,111.989864
356,Joan,Morar,yhermann@west.com,16512778059,1983-04-14,male,http://robel.info,http://placeimg.com/640/480/people,568 Lucinda Walk,Kautzer Highway,813,West Keon,07351-1461,Martinique,MQ,37.794344,-40.983874
357,Shaylee,Brakus,claud.waters@brakus.info,12727628534,1963-06-28,female,http://hickle.com,http://placeimg.com/640/480/people,43680 Camylle Greens,Jast Path,797,West Brady,79660,Albania,AL,27.500481,-73.91058
358,Maurine,Fisher,darion85@goldner.com,17406208646,2019-10-18,female,http://boehm.com,http://placeimg.com/640/480/people,1995 Considine Keys,Bertram Manor,472,South Kristamouth,90362,Gibraltar,GI,-64.452702,142.154229
359,Kameron,Marks,nlockman@gmail.com,19733456099,2004-11-29,male,http://luettgen.com,http://placeimg.com/640/480/people,28119 Raynor Viaduct,Francesco View,9111,East Frederik,40322,Peru,PE,-28.673069,47.946062
360,Sandra,Williamson,rowe.rex@dickinson.net,17734585017,1973-06-18,female,http://macejkovic.com,http://placeimg.com/640/480/people,427 Williamson Motorway Suite 800,Ledner Knolls,30967,Mitchellhaven,42884,United Kingdom,GB,9.225413,-141.571587
361,Miracle,Rolfson,mitchell.andrew@lindgren.com,16408359026,2019-07-22,female,http://goyette.com,http://placeimg.com/640/480/people,93256 Nolan Land,Rogelio Views,645,McCulloughton,69353-5855,United States,US,-49.980458,-55.522895
362,Arden,Gulgowski,gcummerata@hotmail.com,12122398441,1997-05-02,male,http://smitham.com,http://placeimg.com/640/480/people,9242 Reichel Alley Apt. 120,Beer View,24931,Elisaport,50569-8413,Nauru,NR,69.457185,-176.538086
363,Dashawn,Collier,jalen.considine@breitenberg.com,12187929975,1960-02-02,male,http://boyer.info,http://placeimg.com/640/480/people,16013 Murphy Harbor,Schmeler Flat,7927,Port Betty,04607,Pitcairn Islands,PN,-25.996271,14.186429
364,Krystina,Fay,eusebio80@kozey.biz,13016219359,1957-11-25,female,http://jacobson.com,http://placeimg.com/640/480/people,9827 Gerard Course Suite 261,Ona Spur,93775,North Haleighshire,88430-7372,Angola,AO,84.326278,82.457982
365,Maeve,Rodriguez,rlegros@mcdermott.biz,14842716399,1967-11-30,female,http://harvey.net,http://placeimg.com/640/480/people,9570 Jacobs Ranch,Hardy Heights,2689,Priceborough,34419-1969,Samoa,WS,-53.277223,127.208784
366,Micaela,Aufderhar,hamill.valentin@gmail.com,15597098371,2015-03-11,female,http://monahan.biz,http://placeimg.com/640/480/people,3162 Klein Rapid,Simone Bypass,93520,North Henderson,99360-6983,New Zealand,NZ,56.098929,-1.981409
367,Justyn,Lubowitz,kertzmann.donavon@nikolaus.com,16184861744,1947-10-21,male,http://doyle.com,http://placeimg.com/640/480/people,8043 Herman Lodge Suite 239,Christa Loop,34909,Wilfridmouth,41140,U.S. Virgin Islands,VI,86.99034,-66.767588
368,Noelia,Satterfield,elouise.schamberger@yahoo.com,15807776763,1941-07-23,female,http://torphy.com,http://placeimg.com/640/480/people,51304 Chris Islands Suite 272,Genesis Meadows,400,Mayerburgh,75101,Colombia,CO,-9.036634,-73.826192
369,Jordi,Effertz,jmcclure@hotmail.com,19868158306,1940-07-27,male,http://rosenbaum.com,http://placeimg.com/640/480/people,27350 Goldner Route Apt. 859,Bart Radial,61160,Angusside,36736,British Virgin Islands,VG,84.288235,105.993983
370,Desmond,Witting,misael21@hauck.com,17657823842,1969-08-27,male,http://champlin.com,http://placeimg.com/640/480/people,3280 Fay Views Suite 155,McLaughlin Valleys,5088,West Lucienneville,00454-6796,São Tomé & Príncipe,ST,-43.361756,-159.23806
371,Bria,Johns,hudson.sedrick@hotmail.com,17632591905,1982-05-14,female,http://terry.com,http://placeimg.com/640/480/people,603 Hilpert Inlet,Prohaska Well,357,Port Bradshire,16341,North Macedonia,MK,60.426269,144.987563
372,Mary,Bosco,nmclaughlin@hotmail.com,15076232050,1971-12-13,female,http://wuckert.com,http://placeimg.com/640/480/people,9059 Zackery Well,Jamey Greens,22842,Alfredborough,99097-8332,El Salvador,SV,-81.818613,-27.429154
373,Cole,Halvorson,tia.schmidt@nader.net,19598471602,1968-11-26,male,http://rutherford.org,http://placeimg.com/640/480/people,778 Bernadette Parks,Melyna Plaza,9652,Kozeystad,47804,Macao SAR China,MO,-49.975103,-178.968838
374,Kirk,Russel,uriah.yundt@lowe.biz,16157514875,2019-12-18,male,http://zboncak.net,http://placeimg.com/640/480/people,1640 Stehr Parks,Brekke Inlet,3064,Lake Sincerehaven,66478-6560,Slovenia,SI,49.969664,54.658148
375,Brenda,Swaniawski,goldner.eriberto@ortiz.com,13379018255,1948-04-27,female,http://prosacco.com,http://placeimg.com/640/480/people,379 Leffler Village,Ruecker Harbor,966,East Michel,32253,Norway,NO,73.42915,6.285089
376,Cierra,Armstrong,florence.murazik@gmail.com,17603789143,1959-09-03,female,http://champlin.com,http://placeimg.com/640/480/people,7245 Tomasa Spur,Smith Lake,24218,North Lyda,26104-6048,Montserrat,MS,81.405366,-60.638195
377,Scotty,Rohan,rpfannerstill@macejkovic.com,18648953826,2008-05-26,male,http://rippin.org,http://placeimg.com/640/480/people,4511 Ken Forks Apt. 242,McDermott Spring,29978,Robelhaven,32041,Colombia,CO,-25.468646,0.983503
378,Doris,Becker,terry74@gmail.com,17729330565,2018-09-27,male,http://ritchie.com,http://placeimg.com/640/480/people,2734 Skiles Oval,Ryan Track,60158,Schowalterborough,21727,St. Martin,MF,-12.199149,149.139584
379,Janice,Schiller,pascale.cassin@yahoo.com,15519932864,1937-08-07,female,http://hessel.com,http://placeimg.com/640/480/people,350 Georgette Gateway,Zemlak Curve,8003,North Demarcus,92512-5190,Suriname,SR,-88.035873,168.266148
380,Laisha,Nolan,roberto91@lebsack.net,15807519172,1941-08-01,female,http://rice.com,http://placeimg.com/640/480/people,3599 Wellington Crescent,Leannon Green,3235,Noemychester,43611-0575,Tuvalu,TV,55.099324,57.918517
381,Cierra,Collins,bryce.zulauf@mante.com,17196163999,2024-12-20,female,http://gulgowski.org,http://placeimg.com/640/480/people,20372 Queenie Tunnel Suite 780,Bashirian Circles,59649,West Reesefurt,06952,Madagascar,MG,68.84438,-126.9467
382,Dandre,Willms,zboncak.elinore@schamberger.com,16572685727,1990-09-07,female,http://cummings.biz,http://placeimg.com/640/480/people,72865 Irving Summit Suite 714,Beer Heights,383,North Maximeshire,39024-8587,Réunion,RE,-23.898814,-127.444202
383,Vicky,O'Connell,schmeler.annabel@wisoky.com,17478622931,1993-09-03,female,http://wilderman.com,http://placeimg.com/640/480/people,2551 Schaden Key,Adelle Burgs,65566,Domingomouth,25483-8718,Kenya,KE,-86.596142,17.310247
384,Lavina,Kris,georgette44@yahoo.com,17812050258,2012-11-23,female,http://rowe.org,http://placeimg.com/640/480/people,846 Lehner Lake,Shanon Center,918,Lake Bennytown,63373,Guernsey,GG,-34.615014,102.91587
385,Krista,Kshlerin,larson.helena@kshlerin.net,17207352423,2008-08-16,female,http://ebert.info,http://placeimg.com/640/480/people,25506 Romaguera Center Apt. 947,Gutmann Court,225,Axelton,57266,Finland,FI,63.995669,-119.524631
386,Ayden,Cole,baufderhar@hoppe.com,17258678643,1968-04-04,male,http://dubuque.com,http://placeimg.com/640/480/people,21325 Gulgowski Rapids Apt. 633,Brando Circles,426,East Jaylon,94645,Burundi,BI,35.553116,86.182673
387,Florencio,Lynch,bartholome.weimann@larkin.net,19204863052,1956-08-11,male,http://wiza.net,http://placeimg.com/640/480/people,61390 Bradtke Locks Suite 410,Sasha Harbors,10316,Baileymouth,50302,Mongolia,MN,44.387213,-8.575176
388,Heidi,Casper,tomas.grady@stoltenberg.com,12404540633,1998-10-19,female,http://gleason.net,http://placeimg.com/640/480/people,628 Corwin Burgs,Jamar Trail,63532,Port Friedrichhaven,21173-8225,Benin,BJ,-82.726967,114.414004
389,Rylan,Lindgren,balistreri.boris@hotmail.com,13183377817,1950-06-10,male,http://hamill.net,http://placeimg.com/640/480/people,712 Cassandre Spur,Kellen Summit,17805,Port Bud,69356-5794,New Zealand,NZ,77.753361,39.991977
390,Linnea,Botsford,jevon70@gmail.com,12404901541,2000-01-03,female,http://gleichner.org,http://placeimg.com/640/480/people,80807 Keyon Mountains Suite 415,Hills Corner,68733,North Ernestinaside,81481,Comoros,KM,76.374619,18.82933
391,Adriana,Dicki,khalil.donnelly@hotmail.com,13522279790,1952-07-14,female,http://schoen.com,http://placeimg.com/640/480/people,37257 Mohr Meadows Suite 164,Quitzon Station,390,West Carolanne,08632-4146,El Salvador,SV,87.877949,-118.96456
392,Walker,O'Conner,amayert@yahoo.com,14637206540,2019-02-20,male,http://terry.com,http://placeimg.com/640/480/people,1169 Wuckert Junctions,Kristy Avenue,55769,Abbottside,39230,Cayman Islands,KY,57.173297,-97.446576
393,Ford,Green,nola93@dibbert.com,15055747645,1958-10-21,male,http://rempel.com,http://placeimg.com/640/480/people,4449 Charity Cove Apt. 143,Treutel Creek,42137,North Francescatown,78029-6165,Aruba,AW,55.936205,-45.062493
394,Enrique,Dicki,graham.fredrick@hotmail.com,18786033431,1941-07-28,male,http://greenholt.com,http://placeimg.com/640/480/people,6464 Buckridge Club Apt. 376,Isai Island,869,Hoppestad,05471,Austria,AT,-82.795695,76.668734
395,Rodolfo,Gulgowski,eichmann.skye@bernier.com,19893336792,2009-06-02,male,http://halvorson.info,http://placeimg.com/640/480/people,736 Rice Lights,Zemlak Islands,834,North Carmelo,60081-3586,Antigua & Barbuda,AG,76.255523,53.466609
396,Hassan,Considine,aluettgen@yahoo.com,15184636138,1974-12-22,male,http://tremblay.com,http://placeimg.com/640/480/people,18830 Wiegand Cape,Lind Crest,5337,Harberberg,27165,Bermuda,BM,-41.309925,-149.59057
397,Karlie,Gibson,tcrona@yahoo.com,18304671107,1955-06-07,female,http://pollich.com,http://placeimg.com/640/480/people,2850 Nicolas Path,Mertie Meadow,22710,Collinsland,97529,Czechia,CZ,-36.438623,-46.363633
398,Rickey,Sawayn,luis.lang@abshire.biz,18545186064,1938-04-19,male,http://russel.com,http://placeimg.com/640/480/people,7103 Jacklyn Place Suite 453,Myah Underpass,302,Port Bradly,00179,Equatorial Guinea,GQ,-36.581898,-25.644398
399,Karson,Halvorson,wilderman.dana@flatley.biz,19495708129,2025-02-21,male,http://frami.org,http://placeimg.com/640/480/people,904 Klein Brooks,Jennyfer Shoal,915,Gusport,52616-9318,Vanuatu,VU,-81.933853,22.801169
400,Kian,Bins,upredovic@gmail.com,14796720546,1958-05-17,male,http://lang.info,http://placeimg.com/640/480/people,7909 Monserrate Unions,Parker Pines,7734,Port Courtneybury,35473,Liechtenstein,LI,-0.278666,-13.806128
401,Yessenia,Hirthe,zkoelpin@predovic.com,17545535075,2001-01-20,female,http://ankunding.net,http://placeimg.com/640/480/people,48690 Satterfield Falls,Hermiston Views,9207,North Paulinefurt,78996,Bahamas,BS,60.535378,-17.414655
402,Jodie,Turner,schamberger.felicia@hotmail.com,12547810364,1960-10-10,female,http://hahn.biz,http://placeimg.com/640/480/people,81062 Hegmann Loop Suite 253,Quitzon Summit,54331,Abbotttown,85672,Guadeloupe,GP,34.750042,42.56067
403,Aiden,Waters,swalker@gmail.com,19738434783,1992-12-22,male,http://waters.com,http://placeimg.com/640/480/people,9627 Julia Loop,Lelah Island,20292,Ryleeville,53934-6557,Luxembourg,LU,-53.397968,-2.405317
404,Kaleigh,Hansen,carey87@rau.net,17473895005,1948-01-15,male,http://effertz.com,http://placeimg.com/640/480/people,573 Breanne Stravenue,Blanda Parks,6410,Thurmanmouth,23865-7845,Haiti,HT,-42.531867,-176.921842
405,Barney,Lubowitz,korey53@yahoo.com,17374800140,1939-12-16,male,http://schaden.biz,http://placeimg.com/640/480/people,6172 Tamia Pine,Kutch Loaf,7589,New Lowell,39273,Algeria,DZ,-25.682579,90.644394
406,Roel,Kreiger,bkuhn@hotmail.com,13857389946,2024-02-12,male,http://conn.com,http://placeimg.com/640/480/people,5155 Kitty Trace,Nadia Underpass,91875,Port Micah,76503,Sint Maarten,SX,-81.532017,141.122128
407,Kira,Wolff,linnie80@corwin.com,15648243682,2023-03-13,female,http://ebert.com,http://placeimg.com/640/480/people,37575 McCullough Lake,Kira Roads,89693,Zackaryshire,62794-5692,Jordan,JO,34.331515,95.4194
408,Alvah,Cole,joe.bashirian@yahoo.com,12408412331,2024-10-10,male,http://haley.com,http://placeimg.com/640/480/people,3075 Oleta Corners Apt. 889,Fahey Junction,43136,Kesslershire,87403-9815,Northern Mariana Islands,MP,-32.278517,-155.260105
409,Tyree,Dach,napoleon.rippin@hartmann.com,16094606513,1970-02-05,male,http://terry.net,http://placeimg.com/640/480/people,671 Otis Court Suite 550,Strosin Vista,7635,Henryland,63508,Falkland Islands,FK,40.597906,-172.245863
410,Vergie,Schmidt,mfisher@hotmail.com,16696454865,1965-11-06,female,http://streich.com,http://placeimg.com/640/480/people,796 Block Wells Apt. 570,Murazik Port,471,Ibrahimton,89518,Cape Verde,CV,-16.758966,127.574288
411,Yvette,Cremin,xwillms@hotmail.com,12819476394,1994-05-21,female,http://balistreri.org,http://placeimg.com/640/480/people,424 Mann Points,Stoltenberg Port,63084,Lake Charley,80508-7188,Macao SAR China,MO,17.246046,-114.834647
412,Abigayle,Hammes,green.missouri@schuppe.com,17639918531,1949-12-03,female,http://kuhic.com,http://placeimg.com/640/480/people,134 Alexandria Way,Pascale Expressway,8339,Port Talialand,42764,St. Helena,SH,84.308832,154.167372
413,Santina,D'Amore,lavon.rippin@gorczany.com,16089547651,1984-01-11,female,http://nicolas.com,http://placeimg.com/640/480/people,590 Maudie Prairie Apt. 306,Gleichner Station,550,South Maud,57016,Uzbekistan,UZ,28.342827,-166.177581
414,Brett,Hackett,chowe@yahoo.com,14344679718,1988-02-10,male,http://hintz.biz,http://placeimg.com/640/480/people,9241 McGlynn Harbors Apt. 397,Myron Pass,9171,North Cordell,93740-5893,Vietnam,VN,-50.415328,-73.165979
415,Oscar,Watsica,christiansen.kevin@gmail.com,15035345145,1951-09-22,male,http://lehner.com,http://placeimg.com/640/480/people,90885 Janie Gardens,Eda Run,2049,North Ardellafort,33744-7124,Botswana,BW,84.816092,-87.980268
416,Garrick,Larson,gage68@hand.com,15203683867,2002-08-14,male,http://bauch.com,http://placeimg.com/640/480/people,47960 Homenick Field Apt. 836,Carroll Garden,692,Daynamouth,27964-5606,Luxembourg,LU,37.397014,33.845471
417,Ephraim,Lynch,adah.cassin@flatley.com,17324373027,1966-05-08,male,http://kerluke.org,http://placeimg.com/640/480/people,971 Klein Heights Suite 332,Metz Streets,680,Lowetown,43073,Latvia,LV,-13.998874,118.923051
418,Stewart,Reichert,zschmidt@metz.com,19896909210,1981-02-21,male,http://kunde.net,http://placeimg.com/640/480/people,591 Modesto Stravenue,Raphael Roads,4617,West Haleigh,13700,Samoa,WS,-55.083225,137.707971
419,Glenna,Jacobi,johnson.jaquelin@hotmail.com,17435877759,1957-09-19,female,http://mohr.com,http://placeimg.com/640/480/people,12309 Solon Mission,Armstrong Pike,655,Port Millerside,55542-8871,St. Pierre & Miquelon,PM,-19.137565,-1.300691
420,Maverick,Kuphal,austen.bauch@wyman.com,13127021089,2004-12-18,male,http://kohler.net,http://placeimg.com/640/480/people,292 Wilderman Stravenue Suite 678,Jacinthe Lake,3360,East Aglaechester,12111,Iran,IR,72.470148,64.666022
421,Jeffrey,Jakubowski,ebauch@yahoo.com,15209356900,2013-01-22,male,http://feil.com,http://placeimg.com/640/480/people,413 Kulas Rapid,Elna Cliffs,4221,Jazminborough,03745-1797,Portugal,PT,52.519162,-95.362458
422,Frankie,Jenkins,xparker@wilderman.com,17374313692,1963-12-15,male,http://stanton.com,http://placeimg.com/640/480/people,387 Ortiz Course Apt. 204,Mohammad Plaza,8702,Nikolausbury,87147-3178,St. Kitts & Nevis,KN,-73.229056,100.368251
423,Bernie,Kassulke,tbraun@yahoo.com,12529039859,1951-02-05,male,http://anderson.com,http://placeimg.com/640/480/people,5957 Goldner Fork Suite 742,Reichel Avenue,8142,Lake Theronstad,99833-9070,Pitcairn Islands,PN,-19.452987,158.300169
424,Asha,Dickens,orville76@hotmail.com,16672772857,1995-04-06,female,http://corkery.info,http://placeimg.com/640/480/people,10726 Bernardo Path,Wuckert Ways,59554,Donnellyville,91691-3973,Kyrgyzstan,KG,-32.687535,66.476711
425,Jonas,Dibbert,emery.rath@yahoo.com,12285832755,1947-09-05,male,http://mcclure.com,http://placeimg.com/640/480/people,8091 Blanda Place,Scottie Bridge,39917,Lake Ginoborough,03481,Mauritania,MR,-8.383078,70.135106
426,Cary,Beier,deondre.mayer@auer.com,19147420735,1960-07-02,male,http://hills.com,http://placeimg.com/640/480/people,38046 Alvera Hill,Terry Canyon,259,Leoneborough,23571-2146,Mozambique,MZ,84.94811,-162.706513
427,Myrtis,Effertz,glover.bridie@hilpert.com,15414729378,1971-09-09,female,http://green.biz,http://placeimg.com/640/480/people,5860 Abshire Trace,Vinnie Land,47041,West Bartholome,41840,Åland Islands,AX,30.539179,-29.301973
428,Edmund,Macejkovic,ngerhold@lesch.com,13526166188,1993-01-30,male,http://mayer.com,http://placeimg.com/640/480/people,93876 Shayne Fort Suite 370,Tia Union,67624,Alanstad,22888-8631,Guinea-Bissau,GW,38.801051,2.139278
429,Danial,Hoppe,fleta73@yahoo.com,12403339964,1976-08-19,male,http://wunsch.com,http://placeimg.com/640/480/people,12143 Elmer Lake,Wunsch Light,963,Lake Yvette,27395-5585,Norway,NO,-24.593291,-129.844543
430,Arne,Heaney,tracey.gorczany@yahoo.com,12697986042,1936-08-01,male,http://hamill.biz,http://placeimg.com/640/480/people,722 Neoma Ridges Apt. 587,Wintheiser Key,33565,South Beatriceville,97951-0455,Kiribati,KI,-78.736402,-49.234635
431,Aliza,Hane,aileen.hauck@leuschke.biz,12238920375,1966-05-28,female,http://osinski.com,http://placeimg.com/640/480/people,381 Roberts Ramp,Claire Meadows,983,West Samson,96121-6045,Timor-Leste,TL,-52.061273,-108.522012
432,Norwood,Hahn,mabel22@howell.com,18156589973,2023-08-28,male,http://marquardt.com,http://placeimg.com/640/480/people,7640 Krajcik Dale Apt. 459,Dach Curve,37866,East Velda,50859-3716,Mali,ML,-7.832017,72.808873
433,Taylor,Dare,jamison23@pacocha.com,16802752051,1998-10-20,male,http://beier.com,http://placeimg.com/640/480/people,63544 Heather Causeway,Schaefer Turnpike,448,Lake Friedrichbury,65871-5661,Montenegro,ME,-35.629443,107.86397
434,Madge,Pacocha,jerad39@walker.net,18709880572,1946-01-03,female,http://stehr.com,http://placeimg.com/640/480/people,50960 Aubree Harbors,Bahringer Junction,70366,North Hassiehaven,15764-7171,Tonga,TO,-42.021831,9.849742
435,Samantha,Nienow,hill.norval@gmail.com,18653644152,2002-07-08,female,http://veum.com,http://placeimg.com/640/480/people,3194 Devin Lakes Apt. 117,Goldner Island,1495,Donnellytown,60779-5308,Japan,JP,11.907893,-118.815251
436,Alexis,Ferry,laurel.klein@grimes.com,17818009317,1997-04-08,male,http://schroeder.org,http://placeimg.com/640/480/people,562 Darrion Unions,Wolff Tunnel,1272,West Rossieville,01325,Saudi Arabia,SA,35.449779,-28.339563
437,Sarah,Nader,juston.harber@king.com,19473827726,2022-02-25,female,http://purdy.com,http://placeimg.com/640/480/people,745 Reggie Lodge,Alia Rue,29377,East Burnice,19590,Malawi,MW,-89.254164,-1.098128
438,Golda,Jones,knikolaus@hotmail.com,13465997366,1986-12-11,female,http://simonis.com,http://placeimg.com/640/480/people,75294 Selina Square Apt. 056,Flatley Summit,88527,Myaburgh,21531,Mali,ML,-47.557436,133.261379
439,Delmer,Boyle,shields.daisy@hermiston.com,13346517831,1956-08-27,male,http://frami.biz,http://placeimg.com/640/480/people,77465 Antonietta Meadows,Heaney Pike,9596,Araport,64282-4316,Indonesia,ID,-15.746138,-138.689819
440,Narciso,Jakubowski,nathan37@hotmail.com,18314045004,1971-01-01,male,http://bergstrom.com,http://placeimg.com/640/480/people,2556 Powlowski Trace Suite 083,Orland Drives,2334,East Abbiemouth,94633-9406,Liberia,LR,-22.151971,-87.53067
441,Maurine,Hintz,eloise.wolf@hand.net,14236616897,1968-02-02,female,http://bruen.com,http://placeimg.com/640/480/people,9106 Efrain Prairie,Mike Junctions,715,Port Kenyamouth,07024-4604,Chile,CL,-51.204783,-10.070325
442,Kolby,Becker,ortiz.ashleigh@yahoo.com,18329848526,1983-12-01,male,http://miller.com,http://placeimg.com/640/480/people,57893 Littel Drive,Mandy View,152,Yoshikotown,96085-8054,U.S. Outlying Islands,UM,9.802173,-158.520195
443,Susana,Hartmann,roma.schmeler@gmail.com,17265285021,1971-02-01,female,http://runolfsdottir.com,http://placeimg.com/640/480/people,589 Meagan Shores,Wiza Crest,632,Ryanburgh,39055-8385,Liberia,LR,38.195904,-143.945025
444,Ruthie,McGlynn,dandre44@gmail.com,12545185724,1982-10-21,female,http://leuschke.com,http://placeimg.com/640/480/people,844 Nayeli Path,Madie Terrace,80678,New Hershelfort,42452-1301,Luxembourg,LU,60.490709,-42.706127
445,Durward,Hudson,rudy14@hotmail.com,19379610125,1963-03-15,male,http://grimes.org,http://placeimg.com/640/480/people,54573 Keven View,Tremayne Orchard,1297,Port Jon,18431,Tunisia,TN,46.326802,-177.746045
446,Durward,Auer,stacy97@gmail.com,13167614694,2006-01-01,male,http://schinner.com,http://placeimg.com/640/480/people,539 Cruickshank Locks Apt. 500,Melvin Crossing,4793,Hassiehaven,34954-2293,Indonesia,ID,16.406901,-138.984624
447,Natalia,Reilly,johnathon.smith@yahoo.com,17579122332,1937-03-22,female,http://weissnat.net,http://placeimg.com/640/480/people,845 Estel Trafficway Suite 276,Leda Lock,59293,South Stan,95223-8670,Lithuania,LT,-76.894728,-129.393002
448,Lorenza,Blanda,beatty.timothy@russel.com,15209190426,1943-05-14,male,http://fahey.com,http://placeimg.com/640/480/people,43812 Gutkowski Common Suite 171,Dedric Village,46287,Lake Glennie,91776-4518,Denmark,DK,-87.890031,112.183942
449,Maymie,Balistreri,hiram.schuster@gmail.com,19125527106,2004-02-24,female,http://kemmer.net,http://placeimg.com/640/480/people,903 Waino Forest Suite 836,Nitzsche Parkway,73511,North Cheyenne,24774,Moldova,MD,-10.838301,0.409072
450,Jessika,Windler,ltrantow@gmail.com,19518347411,1956-05-15,female,http://vandervort.com,http://placeimg.com/640/480/people,980 Hiram Cliffs Apt. 669,Terry Course,3115,South Lilafurt,61016,South Korea,KR,-57.500395,-8.323964
451,Ocie,Hackett,ignacio11@gmail.com,17816168077,1955-09-04,female,http://lang.com,http://placeimg.com/640/480/people,9157 Littel Drive,Cartwright Plain,334,Mullerchester,49931-1137,French Guiana,GF,44.11605,-68.759756
452,Clemens,Ondricka,sipes.anabel@toy.com,13613555656,1977-09-19,male,http://denesik.com,http://placeimg.com/640/480/people,27666 Trever Forge Apt. 843,Adella Freeway,771,Adolphusville,23658,Guinea,GN,-42.606251,5.910909
453,Bell,Zboncak,fleta80@bartoletti.org,15708960324,2012-04-10,male,http://crist.com,http://placeimg.com/640/480/people,7819 Maymie Crossing Suite 487,Cordell Village,98271,North Lessieport,91642,Panama,PA,-1.848263,22.104229
454,Coby,Bechtelar,hassan.paucek@hotmail.com,14082555856,1937-11-06,male,http://white.com,http://placeimg.com/640/480/people,711 Wisozk Radial,Funk Row,8773,Port Jensen,29436,Egypt,EG,-74.350487,86.112515
455,Junius,Morar,viola.price@hotmail.com,19282085439,1988-08-24,male,http://schinner.com,http://placeimg.com/640/480/people,750 Abbey Inlet Apt. 811,Kohler Lights,56434,Cassinbury,01639-6462,Bhutan,BT,-1.862505,-133.325721
456,Lenore,Steuber,johanna49@hotmail.com,18283981470,1961-08-11,female,http://steuber.biz,http://placeimg.com/640/480/people,438 Roberts Track,Austyn Stravenue,736,Keonchester,25861-2841,South Africa,ZA,0.520274,20.490247
457,Osbaldo,Anderson,deon70@koch.biz,13515820457,2009-07-17,male,http://macejkovic.com,http://placeimg.com/640/480/people,2315 Kautzer Tunnel,Jordon Fork,684,Kreigerbury,13939-8690,Sierra Leone,SL,67.166524,-174.148373
458,Marley,Gaylord,jerad04@hotmail.com,14148581305,1944-10-15,male,http://lesch.com,http://placeimg.com/640/480/people,18453 Glover Rapids,Schaefer Spring,257,Port Ahmadview,23455,Latvia,LV,58.96887,4.359378
459,Lenna,Olson,okuneva.micheal@hotmail.com,17313842420,1942-04-16,female,http://kunze.com,http://placeimg.com/640/480/people,359 Douglas Trail Suite 879,Vincenza Burg,7756,South Albahaven,84536,Iraq,IQ,27.350642,157.817347
460,Tad,Jenkins,jermey.stehr@hotmail.com,15126523774,1972-11-22,male,http://heidenreich.info,http://placeimg.com/640/480/people,5502 Hills Ways,Talon Dam,32662,Hirthemouth,07766-4071,Chile,CL,-51.830549,103.666361
461,Haleigh,Orn,veronica68@hotmail.com,13156292411,1950-02-05,male,http://ferry.com,http://placeimg.com/640/480/people,621 Haley Viaduct,Tremblay Gateway,794,Keeblerfurt,84866,Marshall Islands,MH,1.113828,-134.644234
462,Ettie,Jakubowski,cemard@yahoo.com,18659969567,2023-06-14,female,http://klein.net,http://placeimg.com/640/480/people,478 O'Kon Underpass,Blaise Plains,35516,Strackestad,05035-9604,Monaco,MC,81.721513,-80.307657
463,Kailey,Fahey,umcglynn@yahoo.com,17087139589,1941-11-16,female,http://casper.com,http://placeimg.com/640/480/people,94510 Donnie Freeway,Roberts Cape,16549,East Bryana,29344,Croatia,HR,52.831348,-144.762689
464,Alicia,Bartell,susanna.stanton@gmail.com,16824292923,1958-03-06,female,http://schinner.com,http://placeimg.com/640/480/people,96902 Lockman Well Suite 647,Wunsch Extension,93150,East Alayna,08999-5426,Benin,BJ,-32.346612,-90.265527
465,Velda,Lockman,marcelle45@hotmail.com,16786661964,2000-02-11,female,http://carroll.com,http://placeimg.com/640/480/people,768 Giovani Canyon Suite 109,Dorothy Flat,5044,West Maida,30194-9733,Austria,AT,36.023319,-151.369091
466,Letha,Gutkowski,shanahan.izabella@wilkinson.com,16239421680,1998-11-19,female,http://wehner.com,http://placeimg.com/640/480/people,89497 Branson Pine Suite 597,Casper Fields,40083,New Denashire,30624,Greece,GR,-78.442997,111.227973
467,Nora,Greenholt,rwindler@kuphal.com,12319346983,1990-11-20,female,http://hansen.com,http://placeimg.com/640/480/people,3850 Beer Manors,Predovic Trafficway,25424,West Maiaton,09802,Nigeria,NG,-29.509277,-179.76081
468,Pasquale,Mante,rath.bennett@thiel.com,15594026140,1977-06-15,female,http://romaguera.org,http://placeimg.com/640/480/people,5205 Cade Cove Suite 949,Eichmann Meadows,239,Port Rasheedburgh,79447,Botswana,BW,35.40848,-49.744468
469,Jalon,Pacocha,earnest.witting@moen.com,15704481695,1966-01-27,male,http://greenfelder.info,http://placeimg.com/640/480/people,408 Morissette Ways,Gaylord Motorway,9767,Shayneville,73487,Bahamas,BS,2.570507,-22.025622
470,Destiney,Nienow,dicki.jessika@gmail.com,17866661437,2004-05-11,female,http://okon.com,http://placeimg.com/640/480/people,622 Bins Walk Apt. 745,Krajcik Mount,437,North Myrtis,61263-1844,Liechtenstein,LI,35.432283,135.264251
471,Alexandria,Herzog,torrey.schinner@yahoo.com,12129095933,1942-06-04,female,http://hayes.com,http://placeimg.com/640/480/people,29901 Schultz Squares,Susan Manors,8297,New Juanitaside,80339-0809,Mali,ML,26.555182,118.021454
472,Aniyah,Johnson,torp.alia@yahoo.com,17574589024,1975-10-02,female,http://hill.com,http://placeimg.com/640/480/people,56115 Keyon Crossing,Ritchie Forges,7514,North Wade,73253,Equatorial Guinea,GQ,74.298624,151.426414
473,Elmer,Block,britney.ziemann@yahoo.com,18633404636,1945-03-18,male,http://ebert.biz,http://placeimg.com/640/480/people,5033 Destini Ville,Joy Ville,43585,Lake Chelseyside,66353-6666,Marshall Islands,MH,87.808422,13.91075
474,Zola,Haag,mossie.robel@sporer.com,13049354571,1957-07-03,female,http://stamm.com,http://placeimg.com/640/480/people,141 Hermann Centers,Stracke Gardens,882,O'Reillyberg,42929,Liberia,LR,57.432541,-137.90421
475,Ashton,Batz,stehr.kailyn@hotmail.com,19474795454,1943-11-04,male,http://nicolas.net,http://placeimg.com/640/480/people,2858 Barrett Crossing,Johnston Branch,1447,South Elliothaven,31182,Seychelles,SC,-57.622304,-52.050681
476,Angelita,Rutherford,ogleason@gmail.com,18458334159,1995-06-12,female,http://wyman.info,http://placeimg.com/640/480/people,81928 Frank Plaza Apt. 328,Hudson Greens,14067,North Kip,79222,Serbia,RS,-11.209485,-60.715492
477,Lazaro,Koepp,clare.macejkovic@gmail.com,17245831253,1979-08-14,male,http://haag.org,http://placeimg.com/640/480/people,46059 Gutmann Harbor Apt. 644,Rutherford Summit,92383,Port Alek,79585,Ukraine,UA,26.698346,130.900123
478,Aleen,Durgan,johnson.billie@yahoo.com,19167580985,2005-11-06,female,http://cummerata.com,http://placeimg.com/640/480/people,96162 Modesto Brooks Apt. 970,Otilia Drives,69665,Dinaview,32969,Iran,IR,-18.935429,114.836451
479,Alexandria,Schiller,sturcotte@gmail.com,17542609904,1985-06-04,female,http://kling.net,http://placeimg.com/640/480/people,246 Reinhold Forks,Cortez Plains,70345,East Lucio,67447,French Guiana,GF,73.321905,-8.185603
480,Pamela,Fisher,fziemann@gmail.com,14636887565,1938-03-20,female,http://lindgren.com,http://placeimg.com/640/480/people,241 Romaguera Street,Nelle Brooks,600,Dickifort,31165,India,IN,79.402485,-9.29346
481,Anderson,Kemmer,mccullough.molly@rice.com,12408305854,1951-10-05,male,http://miller.info,http://placeimg.com/640/480/people,912 Hintz Estate,Okuneva Greens,55318,Lake Charlenemouth,33164,Colombia,CO,-65.594692,51.928342
482,Jevon,Effertz,gutmann.delta@kuhn.info,16785492308,2026-02-15,male,http://friesen.com,http://placeimg.com/640/480/people,73318 Kunze Ports,Gottlieb Spurs,2566,Sanfordstad,82638,Bulgaria,BG,-76.67972,-24.212112
483,Chelsey,Grant,satterfield.leilani@lemke.com,15204807049,1984-11-28,male,http://bosco.info,http://placeimg.com/640/480/people,42706 Willms Common Suite 769,Jones Road,44233,East Onaview,78801,Netherlands,NL,48.100403,88.280776
484,Emmy,O'Conner,green60@yahoo.com,14072427908,2018-12-10,female,http://cartwright.com,http://placeimg.com/640/480/people,3619 Schaefer Divide Apt. 144,Leonardo Manors,95321,Lake Jordon,49170,Trinidad & Tobago,TT,3.453028,103.12197
485,Alden,Padberg,veronica.spencer@gmail.com,14802252424,2011-04-06,male,http://oconnell.com,http://placeimg.com/640/480/people,70435 Koch Rue Apt. 865,Rowe Route,2642,Lennyhaven,72352,Anguilla,AI,53.653427,-159.036454
486,Seth,Ebert,wanda33@johns.com,18599196666,1945-05-02,male,http://senger.net,http://placeimg.com/640/480/people,38203 Junior Ranch,Richard Road,6469,North Tyshawnfurt,82772,Tanzania,TZ,-26.640929,63.35966
487,Krista,Kunde,xheller@gmail.com,15746662745,1976-04-16,female,http://von.com,http://placeimg.com/640/480/people,466 VonRueden Fork Apt. 961,Swaniawski Canyon,902,North Lenoraborough,81713,Bermuda,BM,-85.424708,103.014046
488,Clemmie,O'Keefe,hblick@aufderhar.com,16403399543,1958-02-09,female,http://price.org,http://placeimg.com/640/480/people,155 Delta Prairie Apt. 608,Hamill Spur,95986,Port Louvenialand,99743,Thailand,TH,-47.190723,120.799386
489,Marcelle,Kunde,tyreek15@gmail.com,14782289002,1991-06-05,female,http://conn.org,http://placeimg.com/640/480/people,48273 Weber Grove,Greenholt Plaza,22787,Lake Josiahville,02606,Kuwait,KW,22.270458,6.687911
490,Ludie,Langosh,leuschke.carlotta@lynch.com,13865900201,1971-01-05,female,http://roob.info,http://placeimg.com/640/480/people,910 Pouros Prairie,Elvis Overpass,518,Cletamouth,79921,Guam,GU,77.126877,83.701283
491,Amara,Zemlak,rrobel@graham.com,12534155699,2004-04-11,female,http://williamson.com,http://placeimg.com/640/480/people,8368 Joanny Throughway,Hudson Crossroad,490,Baumbachchester,06783,Togo,TG,-28.894299,109.964762
492,Izaiah,Wehner,ihermann@yahoo.com,18208184952,2016-12-11,male,http://stark.info,http://placeimg.com/640/480/people,20581 Art Light,Hosea Island,787,Lake Chandlerberg,46997,Uruguay,UY,-52.866196,-0.951782
493,Lindsay,Ritchie,chance32@hotmail.com,18133976370,1956-04-13,female,http://roberts.com,http://placeimg.com/640/480/people,389 Modesto Shoals,Benton Mountain,28811,North Josiane,60777-2873,Somalia,SO,8.49603,147.649667
494,Dexter,Yost,thomas57@hotmail.com,19346856113,1997-01-18,male,http://dicki.com,http://placeimg.com/640/480/people,58225 Forest Mall Apt. 151,Bergnaum Field,302,Gulgowskichester,16047,Angola,AO,78.765602,117.213433
495,Monique,Green,fsauer@langworth.com,12349966957,1971-04-16,female,http://labadie.com,http://placeimg.com/640/480/people,99402 Grimes Brooks Suite 690,Vena Cove,4561,North Harry,12990,Ukraine,UA,3.446342,-108.58335
496,Lucinda,Fahey,ppacocha@huel.com,15404643108,2024-06-30,female,http://wiegand.com,http://placeimg.com/640/480/people,6942 Thiel Route Apt. 850,Cremin Streets,35980,Kristaport,22967,Turks & Caicos Islands,TC,-58.273864,-16.889142
497,Victoria,Raynor,chelsea10@gerlach.net,18457860978,1999-10-05,female,http://tremblay.com,http://placeimg.com/640/480/people,6134 Crona Burgs,Wiegand Burgs,7401,Vicenteport,09927,Lithuania,LT,31.569399,-36.379273
498,Nikita,Kutch,marjorie.von@hotmail.com,12239896003,1955-06-11,female,http://kris.biz,http://placeimg.com/640/480/people,51093 Beier Valleys Apt. 104,Ethel Turnpike,94970,Kundeburgh,93861-6883,Guatemala,GT,-19.195279,90.499815
499,Blanca,Morissette,sid.howell@hotmail.com,13235235640,1960-05-04,female,http://nienow.biz,http://placeimg.com/640/480/people,190 Koepp Plains,Jessica Corner,33265,Carolechester,77730-0945,India,IN,-41.543764,-111.102728
500,Baylee,Schowalter,hester.kautzer@gmail.com,14308197205,1961-12-26,male,http://koelpin.com,http://placeimg.com/640/480/people,486 Gusikowski Fords,Kutch Manors,6408,East Norwoodton,10905-6495,Yemen,YE,-28.171023,-1.093241
501,Matteo,Moore,stephon70@fahey.com,19069831841,2004-11-30,male,http://rogahn.org,http://placeimg.com/640/480/people,70400 Shanahan Ridges,Bernier Terrace,365,Margieport,79680-7347,Kiribati,KI,-45.822605,129.972642
502,Fred,Hill,icie11@hotmail.com,14234837851,1972-08-05,male,http://hessel.com,http://placeimg.com/640/480/people,439 Amy Landing Suite 363,Darron Shore,699,East Bianka,47622-3824,Chad,TD,-23.041943,60.350424
503,Athena,Pfannerstill,willy61@gmail.com,18438805079,1976-08-14,female,http://kassulke.com,http://placeimg.com/640/480/people,4360 Max Manors,Mayer Bypass,5563,South Elody,48729,Pakistan,PK,-45.157661,-159.796384
504,Ava,Zboncak,dickinson.duane@gmail.com,13855894592,2004-01-26,female,http://reichert.com,http://placeimg.com/640/480/people,6345 Owen Streets,Ressie Burgs,74825,East Amely,24447-1277,Congo - Brazzaville,CG,89.335527,130.49112
505,Sydney,Nader,kaylah.kautzer@gmail.com,18285892668,1942-09-08,male,http://hessel.net,http://placeimg.com/640/480/people,278 Edison Crest,Jackson Brooks,3489,Ernserhaven,59084-4755,Malta,MT,-65.705621,149.553108
506,Cleveland,Barton,christopher10@oconnell.org,16123731428,2008-07-24,male,http://schmidt.info,http://placeimg.com/640/480/people,805 Francisca Key,Walker Throughway,1857,Hermannchester,09676,Faroe Islands,FO,-58.952094,58.133516
507,Oliver,Raynor,schowalter.lorenz@gmail.com,13318921443,1948-10-20,male,http://von.biz,http://placeimg.com/640/480/people,663 Hailey Place Apt. 299,Gibson Mountains,161,Port Felipa,81942,St. Vincent & Grenadines,VC,-32.846211,-137.390877
508,Telly,Toy,ephraim89@yahoo.com,19405225783,1952-01-18,female,http://abernathy.com,http://placeimg.com/640/480/people,8728 Schuppe Lane Apt. 917,Parisian Ways,745,Maximushaven,83699-3628,Sri Lanka,LK,26.276008,-141.021984
509,Rylee,Rodriguez,mgutmann@yahoo.com,12405751759,1969-01-21,female,http://feeney.com,http://placeimg.com/640/480/people,3736 Jorge Shoals Suite 607,Anibal Motorway,567,East Lawsonmouth,84634-7255,Cape Verde,CV,-18.509474,59.991497
510,Pete,Hessel,phoebe46@gmail.com,16297357035,1952-01-15,male,http://will.com,http://placeimg.com/640/480/people,1271 Lind Shores Suite 052,Daron Neck,7481,West Mariannabury,92932-4154,Indonesia,ID,-36.585908,-120.48054
511,Lawson,Ullrich,anibal.krajcik@stroman.com,19474581087,2002-10-28,male,http://jast.org,http://placeimg.com/640/480/people,69876 Klein Road Suite 486,Alfredo Landing,8143,Lucianomouth,93497,Germany,DE,-8.528137,-9.283192
512,Kenyon,Quigley,irving.herzog@gottlieb.com,17815563818,1969-10-11,male,http://schulist.com,http://placeimg.com/640/480/people,714 Lesch Path,Ziemann Road,19969,West Gunnarton,46865-0201,Bolivia,BO,-3.366077,-168.82456
513,Roxane,Nader,sadie.murray@vandervort.com,16285144837,2009-09-30,female,http://beer.biz,http://placeimg.com/640/480/people,16568 Pollich Centers,Miller View,342,Ryderport,08973-4884,Solomon Islands,SB,-80.30338,142.455283
514,Adolphus,Klocko,ghand@hotmail.com,18209223377,2011-10-15,male,http://quitzon.org,http://placeimg.com/640/480/people,75312 Ashlynn Village Apt. 531,Zemlak Common,53779,Howellstad,47340,Bulgaria,BG,20.081052,-119.203743
515,Jedidiah,Satterfield,nya43@hotmail.com,14587691398,1938-01-06,male,http://harris.net,http://placeimg.com/640/480/people,6640 Clark Terrace Apt. 340,Gislason Brook,4696,Williamsonfort,39578-1977,North Korea,KP,-75.379415,-46.808754
516,Tyson,Schowalter,jan15@hotmail.com,15853102331,2006-04-05,male,http://ward.com,http://placeimg.com/640/480/people,77471 Reichert Plaza Suite 886,Cole Roads,5988,Olgastad,24293-6515,Belarus,BY,-71.412944,114.36107
517,William,Dickens,stephania78@hotmail.com,13309173169,2010-04-21,male,http://stokes.com,http://placeimg.com/640/480/people,43687 Toy Port Apt. 565,Leann Rapid,40054,Lake Kenton,57083,Cayman Islands,KY,-60.381677,-130.847095
518,Quentin,Hills,ebert.magdalena@yahoo.com,19143750349,2004-11-15,male,http://brekke.biz,http://placeimg.com/640/480/people,3053 Ferne Springs,Dereck Stream,7224,Manteside,27261,Libya,LY,55.907371,-55.266774
519,Jermain,White,jennifer61@hotmail.com,18088434958,2025-08-23,male,http://leannon.com,http://placeimg.com/640/480/people,659 Zachery Corner,Annamae Freeway,94691,Robelchester,93654-8423,Myanmar (Burma),MM,-69.397331,-114.73086
520,Pearl,Ritchie,adrain.collier@brakus.com,19703287703,1959-01-20,female,http://wuckert.com,http://placeimg.com/640/480/people,3372 Konopelski Route Suite 468,Goyette Meadow,5358,Port Ariellefurt,73810,Hong Kong SAR China,HK,-24.417617,111.728191
521,Keon,Goyette,jacobson.reese@hotmail.com,19317977042,1972-11-11,male,http://grady.com,http://placeimg.com/640/480/people,8229 Cassin Causeway,Reinger Tunnel,6071,Port Lunashire,29301,Barbados,BB,-21.521524,47.233653
522,Keagan,Lakin,ismael.kertzmann@russel.com,16518046216,2013-09-18,male,http://dietrich.com,http://placeimg.com/640/480/people,27157 Damian View,Weissnat Freeway,147,North Ted,67267-7230,Ukraine,UA,-18.58235,-35.958041
523,Darrell,Hermann,shanahan.brook@gmail.com,14152929422,1988-11-23,male,http://mosciski.biz,http://placeimg.com/640/480/people,193 Smitham Lake,Kristian Haven,16550,Weberville,52172-3351,British Virgin Islands,VG,-56.702572,-150.698855
524,Lawson,Gusikowski,carmelo.aufderhar@hyatt.com,15612098265,1989-09-23,male,http://wehner.net,http://placeimg.com/640/480/people,3354 Schroeder Ports Suite 297,Welch Motorway,940,North Destany,56213,Bahrain,BH,-66.23908,176.444263
525,Terry,Feil,giovani42@yahoo.com,16606556901,1940-03-28,male,http://harber.com,http://placeimg.com/640/480/people,6680 Borer Ways,Goldner Path,4789,Gerholdville,17497-8678,St. Kitts & Nevis,KN,37.374775,60.027212
526,Pierre,Dooley,cummerata.trevion@yahoo.com,16019647740,1988-10-29,male,http://williamson.com,http://placeimg.com/640/480/people,6931 Gottlieb Lodge Apt. 129,Sage Turnpike,23574,North Jeffrychester,61183-4130,Canada,CA,-24.960456,-6.658381
527,Reagan,Von,lkozey@hotmail.com,17348513497,1992-11-17,male,http://watsica.info,http://placeimg.com/640/480/people,87357 Gladyce Fields Suite 999,Adams Forge,78448,Kertzmannfort,13757-4421,Malawi,MW,-50.416137,151.44909
528,Manuel,Gibson,wyatt.moen@hartmann.com,12768729260,1998-03-18,male,http://runte.com,http://placeimg.com/640/480/people,87494 Will Fields,Aufderhar Harbors,933,Eloyfort,64666,Antigua & Barbuda,AG,18.056243,19.265542
529,Alexie,Ferry,abagail.lind@yahoo.com,19549544249,2022-05-10,male,http://kovacek.net,http://placeimg.com/640/480/people,55346 Labadie Stream,Berge Mountains,337,Braunberg,80719,St. Vincent & Grenadines,VC,18.374526,118.56356
530,Dell,Emard,imaggio@hackett.net,16078563153,1956-10-05,male,http://schumm.org,http://placeimg.com/640/480/people,73763 Wiegand Cliff Suite 073,Mante Skyway,4886,Lavernton,79192-2111,Curaçao,CW,-52.397863,150.381476
531,Alfred,Morissette,cole85@cartwright.biz,12192705085,1938-12-09,male,http://gleason.com,http://placeimg.com/640/480/people,37515 Grady Lights Apt. 338,Dare Corners,807,West Madie,06486,Vanuatu,VU,30.656372,72.883376
532,Tyson,Sawayn,west.rafaela@okuneva.com,18028575893,2007-08-09,male,http://grady.com,http://placeimg.com/640/480/people,5809 Borer Pine Apt. 357,Emard Spurs,92536,Port Kobyport,20566-4060,St. Barthélemy,BL,-68.418813,-128.037812
533,Briana,Crist,ofelia.schroeder@gmail.com,15403441824,1992-08-17,female,http://carter.com,http://placeimg.com/640/480/people,82019 Timmy Ferry Suite 525,Blick View,2680,North Mose,88448,Syria,SY,27.075995,-128.751594
534,Oleta,Kerluke,jacobi.felix@yahoo.com,12396978263,1955-06-26,female,http://swaniawski.com,http://placeimg.com/640/480/people,411 Nolan Squares,Judson River,4851,Narcisotown,65853,Philippines,PH,20.855831,146.083298
535,Lorenzo,Reichel,brendon.bashirian@ullrich.com,13867597745,1987-06-09,male,http://schaden.com,http://placeimg.com/640/480/people,214 McLaughlin Pass Apt. 671,Tad Point,12868,Luellaburgh,34704,Tajikistan,TJ,67.460647,161.143141
536,Jacky,Shields,arianna.gutkowski@yahoo.com,19403269159,1958-08-25,female,http://dietrich.biz,http://placeimg.com/640/480/people,5826 Sim Expressway,Orn Island,61426,Selinabury,24666,Namibia,NA,55.222107,55.858055
537,Philip,Ferry,bartell.scottie@monahan.com,17548148836,1953-04-02,male,http://reinger.org,http://placeimg.com/640/480/people,3272 Keara Plaza,Hyatt Causeway,67627,Gusikowskiside,88735,Singapore,SG,-18.215644,-4.09203
538,Brennan,Morar,nullrich@gmail.com,16578722264,1977-07-21,male,http://glover.com,http://placeimg.com/640/480/people,541 Kris Circles Apt. 047,Feest Spurs,1096,Durganmouth,08240,Martinique,MQ,-63.442667,-114.224765
539,Norris,Abshire,vgusikowski@schulist.org,16506537727,1949-11-11,male,http://wintheiser.com,http://placeimg.com/640/480/people,99588 Dicki Park Suite 539,Leslie Loaf,3150,Reneview,11495-7481,Seychelles,SC,-64.35046,104.107295
540,Mozelle,Rolfson,schiller.octavia@hotmail.com,16616817265,1950-12-30,female,http://price.biz,http://placeimg.com/640/480/people,1345 Aron Throughway Apt. 392,Cameron Junctions,99278,Schustershire,38150-9285,Montserrat,MS,-45.774042,-73.914631
541,Addison,Ortiz,sporer.jaren@yahoo.com,16296321724,1977-02-09,female,http://hegmann.org,http://placeimg.com/640/480/people,89725 Lauryn Vista Suite 355,Lemuel Isle,50272,Lake Faustinomouth,67622,Micronesia,FM,64.891317,130.161867
542,Alec,Mertz,schulist.marcellus@gmail.com,17024259349,1977-10-15,male,http://durgan.org,http://placeimg.com/640/480/people,3449 Dach Neck,Streich Circle,41581,Yostfort,67885-2655,Peru,PE,50.69103,-128.483988
543,Keira,Fahey,obie81@ebert.com,16604823945,1941-03-20,female,http://rodriguez.com,http://placeimg.com/640/480/people,543 Jakubowski Mews,Waldo Forge,5561,Myrtisborough,70516,Bermuda,BM,-5.529293,60.546165
544,Savannah,Cartwright,rudy34@mclaughlin.info,14455560225,1949-07-17,female,http://swaniawski.com,http://placeimg.com/640/480/people,59356 Conner Skyway,Erick Unions,19448,Cummerataborough,29059,Zambia,ZM,-35.040234,117.212792
545,Andreanne,Gulgowski,wferry@yahoo.com,16573708477,1951-02-14,female,http://pfeffer.com,http://placeimg.com/640/480/people,408 Josh Point,Pagac Lakes,983,Port Neva,12277,U.S. Virgin Islands,VI,-37.799244,-139.326231
546,Hilton,Deckow,schuppe.claudine@yahoo.com,17013402090,1994-05-03,male,http://rohan.com,http://placeimg.com/640/480/people,479 Ben Summit,Matilde Underpass,545,Kulasmouth,10555-7051,Peru,PE,44.164826,176.797383
547,Shanna,Welch,savanah.marvin@runte.com,19294576765,1954-06-13,female,http://grady.com,http://placeimg.com/640/480/people,1802 Ona Views Apt. 813,Kautzer Manors,115,Brennonfort,04920,Uganda,UG,74.023172,-36.774035
548,Winifred,Krajcik,ptorp@hotmail.com,19498177382,1977-12-03,female,http://schmitt.org,http://placeimg.com/640/480/people,6007 Predovic Wall,Yost Oval,46881,South Kaitlyn,72372,Malaysia,MY,49.233472,115.770562
549,Edd,Quigley,wilkinson.rosetta@yahoo.com,19528751391,2015-10-20,male,http://kertzmann.com,http://placeimg.com/640/480/people,417 Willms Lane,Rhea Rapids,3073,Bartonton,30410-4869,Tajikistan,TJ,-41.806911,53.577126
550,Aliza,Bartoletti,clara.legros@yahoo.com,18723228252,1994-09-06,female,http://bruen.biz,http://placeimg.com/640/480/people,556 Fahey Camp,Bailey Fields,12033,Dejuanshire,37905-5340,Libya,LY,-27.174671,82.858471
551,Brianne,Greenfelder,maryse24@gmail.com,16418900803,1946-01-10,female,http://jerde.com,http://placeimg.com/640/480/people,25856 Wolf Manors,Cleta Canyon,2673,Jacobsonside,53666,Bolivia,BO,49.295743,5.739957
552,Harvey,Rosenbaum,simone92@sporer.info,19363557366,1969-01-21,male,http://schaden.com,http://placeimg.com/640/480/people,85171 Koch Spur Suite 692,Virgie Roads,71658,Breitenbergbury,59553-8360,Benin,BJ,30.565704,-159.446146
553,Maynard,Predovic,verdie.torp@kohler.net,16518255034,1984-08-27,male,http://rosenbaum.com,http://placeimg.com/640/480/people,32636 Owen Club,Bailee Mews,758,Dooleybury,15208-4330,Christmas Island,CX,-74.334465,27.667201
554,Magdalen,Becker,lavern67@rohan.biz,19595066660,1947-05-09,female,http://schumm.com,http://placeimg.com/640/480/people,988 Kutch Plains Apt. 319,Stone Vista,70121,West Rhiannonburgh,41062,American Samoa,AS,-26.710238,-129.783807
555,Chester,Stokes,keagan38@jacobi.biz,13215281428,2001-02-21,male,http://swaniawski.org,http://placeimg.com/640/480/people,7884 Golden Causeway Apt. 064,Bayer Turnpike,170,New Erickstad,39360,Martinique,MQ,76.636658,-132.518267
556,Laverna,Lehner,thessel@huel.com,12482065676,1981-09-12,male,http://flatley.com,http://placeimg.com/640/480/people,5547 Noble Circles Apt. 322,Jaleel Landing,9769,Bernierburgh,70900-0631,Curaçao,CW,-73.816373,107.580047
557,Eldon,Hermiston,jacobson.keyon@gislason.com,19086097285,2024-10-01,male,http://ferry.org,http://placeimg.com/640/480/people,1679 Dach Parkways,Marcos Walks,39448,Stoltenbergborough,40535,Niger,NE,-16.0903,150.644412
558,Daphney,McCullough,alaina65@zieme.com,13475460284,2025-07-18,female,http://turcotte.com,http://placeimg.com/640/480/people,438 Asa Hills,Watsica Parks,8575,Delphaberg,05461-5678,Cocos (Keeling) Islands,CC,30.99498,-71.716151
559,Rico,Pfannerstill,abdul14@strosin.net,18158882174,1975-11-27,male,http://cormier.net,http://placeimg.com/640/480/people,3762 Calista Mountains,Kirlin Center,988,South Jamieside,32233,Indonesia,ID,80.47394,-42.507067
560,Zoie,Reinger,upurdy@simonis.com,13022259795,2003-11-14,female,http://gislason.com,http://placeimg.com/640/480/people,41213 Turner Tunnel Suite 756,Nicolette Common,6280,Alisonhaven,22261,Papua New Guinea,PG,-5.931929,-94.214643
561,Marilou,Beahan,kulas.cathrine@crooks.biz,18327791426,1955-08-23,female,http://keeling.com,http://placeimg.com/640/480/people,20236 Kuphal Shoals,McLaughlin Roads,284,East Treystad,99049-0866,Benin,BJ,-87.730923,20.249264
562,Axel,Ruecker,celia56@littel.com,18645827785,1949-10-17,male,http://beatty.com,http://placeimg.com/640/480/people,28525 Hegmann Lights Apt. 288,Keanu Camp,184,East Lorenzo,85900-0807,Tunisia,TN,-83.703156,56.41232
563,Jaydon,Raynor,lschuster@yahoo.com,15185886493,2022-12-14,male,http://feeney.com,http://placeimg.com/640/480/people,12462 Rory Streets,Lucio Route,539,Kertzmannhaven,08110-5241,Cambodia,KH,-54.794572,-52.348658
564,Neha,Murphy,nzulauf@luettgen.com,15517199338,1948-04-21,female,http://hermann.com,http://placeimg.com/640/480/people,4010 Berry Ville,Harber Cliff,23942,O'Keefechester,67447-9033,Malta,MT,85.744232,142.775461
565,Pat,Rolfson,lyost@jones.biz,12129309889,1973-01-07,female,http://macejkovic.com,http://placeimg.com/640/480/people,7191 Schoen Way,Gillian Groves,51893,Onieport,84742-0160,Latvia,LV,-80.122168,167.745687
566,Alexys,Funk,destiny39@yahoo.com,17623425036,2000-11-02,male,http://goodwin.net,http://placeimg.com/640/480/people,42159 Welch Plaza Suite 328,Kutch Via,38095,Berthafort,68388-4666,Mali,ML,-22.095118,-41.475409
567,Alexane,Rosenbaum,wiza.krystel@hotmail.com,19733461758,1941-01-29,female,http://keeling.com,http://placeimg.com/640/480/people,2604 Leda Rapid Apt. 896,Nona Lakes,130,Port Brycenberg,85396,Trinidad & Tobago,TT,69.072934,15.94546
568,Braxton,Pollich,obergstrom@torp.org,17477303355,2025-10-06,male,http://upton.com,http://placeimg.com/640/480/people,233 Arnoldo Ways,Bernice Shores,80559,Loganland,82755,North Macedonia,MK,52.873036,22.341119
569,Keshaun,Orn,gilbert.huels@yahoo.com,13465284850,1994-12-23,male,http://ullrich.com,http://placeimg.com/640/480/people,3781 Hand Drive Apt. 477,Delores Point,84157,Nitzscheburgh,77193-4367,Dominican Republic,DO,21.226443,3.961856
570,Herminio,Little,kuphal.deangelo@daugherty.com,17319653030,1964-08-31,male,http://connelly.com,http://placeimg.com/640/480/people,3650 Feeney Stream,Greyson Garden,20690,Venaburgh,16770,Puerto Rico,PR,44.102946,1.393341
571,Brett,Medhurst,rodger.ernser@reynolds.info,12017876544,1960-02-09,male,http://block.com,http://placeimg.com/640/480/people,539 D'Amore Mountains,Carroll Island,487,Grantville,88386-2130,Antigua & Barbuda,AG,-41.136653,-161.246585
572,Ernesto,Boyer,naomie.lueilwitz@gmail.com,12523082026,1988-04-10,male,http://kuhlman.com,http://placeimg.com/640/480/people,312 Asha Spur,Kirk Tunnel,73832,South Cierraside,09967-9036,Argentina,AR,-67.43993,-161.746126
573,Maiya,Veum,kylee.kuhlman@yahoo.com,14795386166,1959-10-01,female,http://lesch.com,http://placeimg.com/640/480/people,28050 Bins Locks,Tamia Course,585,West Jake,38738-2189,Uganda,UG,-45.481287,-101.432385
574,Lyric,Stokes,ike.lang@hotmail.com,12295986833,1940-08-02,male,http://prosacco.biz,http://placeimg.com/640/480/people,51816 Jimmie Brook Suite 270,Talon Lights,89737,Brakusport,12265,Slovenia,SI,-78.667317,119.40788
575,Brando,Willms,braun.carolyne@hotmail.com,14062402445,2011-11-01,male,http://flatley.info,http://placeimg.com/640/480/people,687 McDermott Mountain,McKenzie Spring,6273,Port Gregoria,03457,Kazakhstan,KZ,-44.213544,-40.159601
576,Isadore,Heaney,dion.swift@wunsch.org,16268985124,1975-04-03,male,http://bartell.info,http://placeimg.com/640/480/people,582 Lisandro Station Apt. 922,Reynolds Stravenue,4208,North Forestberg,20662-1684,French Guiana,GF,26.779461,-83.973233
577,Kory,Lynch,murphy.bria@king.net,17576135410,1970-01-02,male,http://stamm.com,http://placeimg.com/640/480/people,84352 Lilliana Place Suite 647,Myrtice Camp,528,Lake Lewisport,83131,Canada,CA,76.452632,-65.901569
578,Coralie,O'Connell,erling84@gmail.com,16895863400,1960-07-18,female,http://kemmer.net,http://placeimg.com/640/480/people,741 Hill Estate Apt. 161,Crist Stream,784,Lake Rethabury,59533-6263,Caribbean Netherlands,BQ,-62.810296,170.512023
579,Hulda,Medhurst,casandra.murphy@schmitt.biz,12697420084,2002-08-07,female,http://vandervort.net,http://placeimg.com/640/480/people,3433 Ryder Park Suite 617,Spinka Trail,77502,Aufderharside,98952-0172,Bermuda,BM,2.143666,72.229558
580,Dortha,Keebler,jett.pfannerstill@yahoo.com,15705889572,1963-04-22,female,http://miller.com,http://placeimg.com/640/480/people,615 Elza Drive,Brook Street,4144,Willmstown,02429-5819,Mozambique,MZ,66.433024,99.445976
581,Hazel,Hackett,qgutmann@yahoo.com,14846607094,2023-02-22,male,http://tillman.com,http://placeimg.com/640/480/people,113 Bernita Lake Suite 276,Monahan Plains,48767,Russelchester,02726-7762,Finland,FI,68.850174,97.448793
582,Madison,Hauck,melba.carroll@yahoo.com,19165963125,1987-06-25,male,http://weimann.biz,http://placeimg.com/640/480/people,986 Chaz Well Apt. 934,Auer Gateway,2374,Rogelioview,50056,Cuba,CU,1.424517,-5.579214
583,Malvina,Kuhlman,madeline.wehner@hotmail.com,18062160935,1950-05-25,female,http://swift.net,http://placeimg.com/640/480/people,8708 Hortense Junctions,Dicki Coves,695,Bretfort,39990,Armenia,AM,-68.105383,79.722154
584,Alexane,Kub,georgiana.mraz@yahoo.com,14259346631,1977-08-01,female,http://glover.com,http://placeimg.com/640/480/people,764 Elda Summit,Friedrich Route,61140,New Kacie,00021,Mali,ML,-37.261488,-158.566273
585,Erica,Kuhn,hermiston.zachery@becker.com,13322003278,2002-02-07,female,http://terry.org,http://placeimg.com/640/480/people,5051 Brekke Hill Apt. 329,Muller Run,70757,Port Keara,76428-0666,Syria,SY,18.996714,-109.208199
586,Marina,Legros,kziemann@hotmail.com,19785703479,1975-07-10,female,http://lakin.com,http://placeimg.com/640/480/people,7008 Williamson Manor Apt. 640,Gerlach Vista,50366,East Tyrell,01231-9875,Australia,AU,23.100086,-104.25587
587,Antonia,Kulas,fanny.turner@gmail.com,19802586020,1990-08-14,female,http://boyer.com,http://placeimg.com/640/480/people,4162 Ferne Centers Suite 316,Lesch Heights,4848,Port Damonborough,20333-2498,Austria,AT,78.814565,-9.497104
588,Alvena,Goldner,mertz.sherman@yahoo.com,13513905401,1944-01-02,female,http://maggio.com,http://placeimg.com/640/480/people,568 Kertzmann Islands Suite 004,Bailee Mall,3745,New Guyfurt,61164-8154,Congo - Brazzaville,CG,-4.029222,151.58188
589,Colleen,Hamill,leffler.seamus@hotmail.com,18083671238,1961-03-08,female,http://kihn.com,http://placeimg.com/640/480/people,54362 Lillian Plaza,Garrison Trace,53460,Borerfort,41918,Nigeria,NG,79.276739,74.499971
590,Leda,Tromp,fay.zane@hammes.com,15109281760,1996-08-15,female,http://kuhic.org,http://placeimg.com/640/480/people,65836 Hyatt Estate,Maudie Wall,7974,Noemiburgh,78811,Timor-Leste,TL,87.961705,-45.414184
591,Cullen,Torphy,xgoodwin@yahoo.com,14047403340,1945-08-23,male,http://jacobson.info,http://placeimg.com/640/480/people,530 Botsford Drives,Abernathy Walk,77801,Lake Ashleechester,30903-8393,Kuwait,KW,57.656847,177.958199
592,Ulices,Cummings,kuvalis.reinhold@willms.biz,15136367569,1952-02-23,male,http://hodkiewicz.org,http://placeimg.com/640/480/people,141 Ian Passage,Douglas Parkways,373,South Elda,67451,Marshall Islands,MH,78.103015,65.901852
593,Cassandra,Bins,fbeahan@jerde.com,18585223924,1966-12-22,female,http://schneider.net,http://placeimg.com/640/480/people,51166 Keebler Trafficway,Wiegand Prairie,35192,Jodieside,24731-4012,New Caledonia,NC,17.422253,-130.093757
594,Freddy,Feeney,vcrona@morissette.com,17544901202,2019-07-10,male,http://hayes.info,http://placeimg.com/640/480/people,526 Jo Throughway Apt. 832,Talon Rapid,15688,Kayleighland,48185-0447,Montenegro,ME,42.172721,137.424313
595,Daisha,Mante,richard.parker@gmail.com,18385132682,2013-11-02,female,http://ruecker.com,http://placeimg.com/640/480/people,8747 Lorna Road Apt. 674,Randi Square,97420,Collinsborough,72984,New Caledonia,NC,-25.211913,76.803327
596,Lenna,Towne,dach.aaron@yahoo.com,17709949528,2005-07-25,female,http://eichmann.com,http://placeimg.com/640/480/people,22782 McKenzie Park Suite 663,Evans Brooks,943,Lake Consueloberg,72788,Turks & Caicos Islands,TC,51.018691,-97.049826
597,Izabella,Stanton,mlehner@kling.com,15858725996,2025-07-14,female,http://little.com,http://placeimg.com/640/480/people,66715 Hauck Plaza,Ryann Dam,731,West Jordanburgh,41428,Eritrea,ER,79.805628,108.512965
598,Shawna,Rice,tdavis@yahoo.com,16129726987,1994-05-13,female,http://gutmann.biz,http://placeimg.com/640/480/people,11671 Werner Locks Suite 180,Hane Mission,7319,West Sibyl,82949-7462,Vietnam,VN,-57.605641,-139.823771
599,Tressa,Feeney,cesar97@hotmail.com,13302102058,1937-07-27,female,http://walter.org,http://placeimg.com/640/480/people,9023 Altenwerth Oval Apt. 245,Hortense Expressway,908,Alvertaport,67679-7757,Andorra,AD,-28.142489,130.538611
600,Maximus,Cassin,lindgren.dashawn@yahoo.com,14109534956,2017-09-10,male,http://kassulke.biz,http://placeimg.com/640/480/people,28165 Farrell Roads Suite 329,Ariane Plain,9351,Angelicastad,67446-5352,Curaçao,CW,50.823884,-149.130283
601,Nella,Mosciski,verda.ledner@hotmail.com,17757662682,1974-10-25,female,http://jacobs.com,http://placeimg.com/640/480/people,397 Waino River Suite 321,Bartell Wall,19344,North Savannaville,82474,Turkmenistan,TM,-34.924397,109.134859
602,Leonel,Auer,kennedy.labadie@yahoo.com,13618509673,1990-10-08,male,http://vandervort.com,http://placeimg.com/640/480/people,6081 Krista Mountains Suite 249,Murray Gateway,61774,Bethanyberg,27499-6108,Congo - Kinshasa,CD,-60.833528,-23.786107
603,Emil,Heaney,zechariah.jones@prosacco.net,12206314729,1996-10-18,male,http://baumbach.net,http://placeimg.com/640/480/people,87179 Liliana Unions,D'angelo Plains,73140,North Amberville,86297,Wallis & Futuna,WF,-74.557985,-72.236191
604,Art,Kohler,stehr.estrella@hotmail.com,14409278667,1972-02-05,male,http://kuhlman.com,http://placeimg.com/640/480/people,5225 Kay Trail Apt. 421,Abraham Ports,28188,Mossieside,38885,Taiwan,TW,-50.267296,-164.015184
605,Soledad,Batz,brendan.lesch@hotmail.com,18603164835,1968-01-20,male,http://glover.com,http://placeimg.com/640/480/people,12907 Andreanne Drive,Brianne Shoal,920,New Raleighland,43347,Cameroon,CM,78.406897,21.212469
606,Friedrich,Hickle,dare.kyler@gmail.com,15404492948,1947-05-22,male,http://gorczany.biz,http://placeimg.com/640/480/people,4736 Murphy Square,Green Branch,51732,Brandtton,51686,Lesotho,LS,-49.125673,172.772478
607,Elisa,Howe,leif87@heller.org,17347500409,1951-02-23,female,http://wisozk.info,http://placeimg.com/640/480/people,9564 Gina Station,Altenwerth Plains,3533,Lake Ford,85847-8403,South Sudan,SS,-0.21197,-144.11316
608,Kiera,Medhurst,tania76@hotmail.com,15413820261,1941-12-09,female,http://lang.com,http://placeimg.com/640/480/people,990 Santino Wells Suite 364,Fadel Pine,4033,Beatricemouth,22598,Lithuania,LT,22.660518,33.999812
609,Enid,Emmerich,brando.lueilwitz@watsica.biz,13462834782,1951-12-11,male,http://schroeder.com,http://placeimg.com/640/480/people,109 Bins Roads,Carey Tunnel,70213,Emmaleeside,45023,Dominica,DM,-77.465777,-125.14128
610,Marcia,Gleichner,xstanton@rath.com,17317519670,1967-08-12,female,http://bernhard.net,http://placeimg.com/640/480/people,653 Tommie Spring,Steuber Summit,1592,Port Kyleigh,37656,Togo,TG,-81.618517,138.649969
611,Sylvester,Kiehn,zschuster@gutkowski.com,13173921419,1984-12-02,male,http://schaefer.com,http://placeimg.com/640/480/people,54842 Lesch Viaduct,Legros Port,267,West Abigayle,02393-7521,Costa Rica,CR,-40.942663,-38.552213
612,Joanny,Mitchell,pkozey@mueller.com,16513314101,2011-12-31,female,http://predovic.info,http://placeimg.com/640/480/people,259 Kling Burg Suite 600,Gulgowski Rest,808,New Orland,13606-1305,Peru,PE,36.885937,-170.206394
613,Esmeralda,Swift,lionel60@kling.com,13463323859,1953-10-30,female,http://gleason.com,http://placeimg.com/640/480/people,207 Bennett Brook,Orn Route,580,South Deja,35309,Congo - Brazzaville,CG,16.755201,-151.1827
614,Maureen,Rogahn,vella.daugherty@pfeffer.org,12106974109,1971-12-05,female,http://hagenes.com,http://placeimg.com/640/480/people,311 Schoen Mews,Randall Ranch,9527,Celestinochester,36741,Cocos (Keeling) Islands,CC,58.696686,159.240652
615,Nelda,Heaney,ydooley@yahoo.com,17263431340,1987-06-13,female,http://hand.com,http://placeimg.com/640/480/people,9361 Pfannerstill Shoals,Talon Islands,52097,North Ila,24044-3143,Mauritius,MU,16.020068,-107.6712
616,Monserrat,Funk,vladimir99@hotmail.com,18648683835,2020-06-06,male,http://roob.info,http://placeimg.com/640/480/people,11194 Lysanne Track Apt. 778,Amelie Lane,3492,West Alexaneshire,66186,Grenada,GD,-14.304753,-72.411509
617,London,Schulist,obailey@skiles.com,13377700882,2004-08-25,male,http://nolan.com,http://placeimg.com/640/480/people,53470 Barry Lock,Greenholt Heights,5799,West Anabel,68642,Hungary,HU,-9.819898,-13.984925
618,Roel,Gislason,elva.hammes@hotmail.com,16892515210,2025-06-20,male,http://brakus.com,http://placeimg.com/640/480/people,9980 Edward Forges,Gladyce Square,369,Kilbackchester,31957,Indonesia,ID,-42.629988,121.12919
619,Joesph,Russel,okeefe.dell@schmitt.biz,14756231296,1978-12-29,male,http://prohaska.biz,http://placeimg.com/640/480/people,2020 Yadira Manor,Jackeline Parkway,9401,Port Eleanoraville,83880,Iraq,IQ,18.008849,135.991695
620,Serenity,Batz,ullrich.greta@mclaughlin.info,12722928742,1947-02-06,female,http://thompson.com,http://placeimg.com/640/480/people,98852 Wiza Vista,Stroman Fork,4355,East Bill,53959-0951,Mauritania,MR,-71.162429,27.443435
621,Layne,Effertz,durgan.dusty@jerde.net,13368499353,1938-11-26,male,http://reinger.com,http://placeimg.com/640/480/people,87882 Ziemann View Suite 177,Damaris Mews,6188,North Miaport,17461,Germany,DE,54.329635,-142.652848
622,Kurt,Krajcik,hermann.daphne@yahoo.com,17374489077,2014-04-20,male,http://roob.com,http://placeimg.com/640/480/people,64882 Mose Parks,Nova Oval,4763,Braunmouth,34630-4849,Zimbabwe,ZW,44.886128,106.406387
623,Joshuah,Stehr,blaze.bailey@hotmail.com,13464827507,1942-01-23,male,http://bahringer.com,http://placeimg.com/640/480/people,493 Adams Way Apt. 622,Brandon Stream,4190,Port Jaydatown,98839-6970,France,FR,70.692631,150.450142
624,Christian,Prohaska,gerhold.johanna@kemmer.org,15753583521,1956-12-24,male,http://huels.com,http://placeimg.com/640/480/people,55079 Emmerich Estate,Smith Points,43713,Schinnerton,06814-1047,Cocos (Keeling) Islands,CC,42.999553,-70.685502
625,Shane,Bayer,gloria53@hotmail.com,15182121839,1971-04-20,male,http://schmidt.com,http://placeimg.com/640/480/people,764 Trent Rue,Franecki Prairie,89915,Lake Rosalinda,71593-0384,Slovenia,SI,-15.570041,-24.000447
626,Cassie,Rempel,dwight.ziemann@tremblay.com,18458563304,2007-03-03,female,http://pacocha.com,http://placeimg.com/640/480/people,79212 Ziemann Points,Pagac Cliff,3427,West Colbyville,39899,Hong Kong SAR China,HK,-31.766787,-139.19615
627,Breana,Legros,weber.shanel@hotmail.com,17028633169,1979-04-20,female,http://rath.com,http://placeimg.com/640/480/people,2962 Rashad Landing Suite 483,Schoen Walks,13782,New Rickeyland,07692,American Samoa,AS,-28.323504,125.556296
628,Melany,Harber,daisha.hermiston@grant.com,18508910818,1965-01-31,male,http://wiza.com,http://placeimg.com/640/480/people,82868 Kathlyn Stream Apt. 925,Rippin Island,21837,Wolffhaven,29220,Bosnia & Herzegovina,BA,-51.8849,-76.840425
629,Karli,Koss,itzel.conn@barrows.com,19863199360,2017-04-23,female,http://yundt.info,http://placeimg.com/640/480/people,703 Blanda Road Suite 271,Hermiston Trail,734,West Jarod,99846,Macao SAR China,MO,40.171882,-169.305752
630,Percy,Ledner,zulauf.donnie@yahoo.com,16073613624,1983-01-05,male,http://mcdermott.org,http://placeimg.com/640/480/people,44545 Jaclyn Meadows,Moore Flats,4897,Rutherfordborough,77896-6789,Italy,IT,-42.33523,78.040655
631,Antonio,Grant,berge.allie@hotmail.com,16505408968,1962-03-29,male,http://leuschke.net,http://placeimg.com/640/480/people,43347 Arielle Summit Apt. 618,Goyette Mountains,4667,West Brandon,04132-0879,Chile,CL,-40.033488,4.618131
632,Terrill,Cassin,schumm.dorian@hotmail.com,15315935096,2011-05-19,male,http://stoltenberg.com,http://placeimg.com/640/480/people,6493 Crist Courts Suite 250,Botsford Motorway,8768,Erashire,29443-1735,Botswana,BW,-26.577007,128.990713
633,Alysa,Toy,llakin@hotmail.com,13327544702,2012-11-02,female,http://metz.com,http://placeimg.com/640/480/people,586 Donavon Points,Leffler Shoals,42642,Wilsonshire,24628,French Guiana,GF,50.366056,26.33432
634,Katelin,Quigley,rdeckow@gmail.com,15126456031,1982-08-11,female,http://hickle.com,http://placeimg.com/640/480/people,69003 Hessel Brooks,Demetrius Glens,766,Rodriguezport,60090,Papua New Guinea,PG,-23.587809,-174.428006
635,Linnea,Hermann,sporer.tiana@hotmail.com,13396509261,1996-11-08,female,http://schaden.com,http://placeimg.com/640/480/people,1502 Linwood Village,West Landing,4458,Patfort,01639-8736,Finland,FI,0.851203,14.826574
636,Ayla,Connelly,werner84@mosciski.com,13864186946,1988-10-20,female,http://mcdermott.net,http://placeimg.com/640/480/people,9393 Darrell Road,Thompson Drive,6943,East Fannyfurt,17449-7254,Lithuania,LT,-52.178927,77.275163
637,Zoie,Murphy,eula.bechtelar@gmail.com,14708577346,1984-02-25,female,http://hegmann.com,http://placeimg.com/640/480/people,693 Fleta Trace,Torrey Key,92779,North Adah,57408-5243,Estonia,EE,8.642039,134.5107
638,Ansel,Weimann,jazmyn.gusikowski@ernser.com,14233232271,2021-09-12,male,http://wilkinson.com,http://placeimg.com/640/480/people,85426 Mafalda Street Suite 155,Dayne Parks,79897,Halvorsonland,61817,Haiti,HT,-21.60657,-27.101316
639,Clement,Lindgren,hackett.esther@hotmail.com,15092546240,2007-05-16,male,http://ledner.com,http://placeimg.com/640/480/people,98910 Kyra Heights,Goldner Union,8794,Port Cassidyburgh,12691,St. Kitts & Nevis,KN,33.363181,105.781069
640,Theron,Swift,zemlak.nat@yahoo.com,17189858683,1936-06-28,male,http://hammes.com,http://placeimg.com/640/480/people,6964 Koelpin Plains Apt. 714,Thea Tunnel,382,Aidenbury,25180,Tokelau,TK,-39.297861,-57.114298
641,Merle,Dickens,kristy.haag@gmail.com,18438097021,1968-04-01,male,http://grant.com,http://placeimg.com/640/480/people,1711 Lemke Alley,Dorthy Estate,2204,Port Ginaport,10672,Hungary,HU,78.260711,-6.42759
642,Loma,Bergstrom,daphne58@gmail.com,13515074580,2023-10-22,female,http://lindgren.com,http://placeimg.com/640/480/people,4171 Friesen Oval Suite 538,Milo Summit,37249,Hesselshire,65227,Taiwan,TW,-72.165897,116.298521
643,Dejah,Dooley,makayla.pouros@ohara.com,13417474612,1951-12-21,female,http://altenwerth.com,http://placeimg.com/640/480/people,792 Braun Branch Suite 161,Jerrod Branch,337,Coreneside,56663-9694,Guatemala,GT,-52.626795,106.272688
644,Shaun,Bernier,anastasia.stanton@hotmail.com,14123538340,1975-10-29,male,http://mertz.com,http://placeimg.com/640/480/people,978 Effertz Rest Suite 836,Rusty Pines,22812,New Allenchester,24164,St. Martin,MF,-59.206202,71.445387
645,Frederic,Tromp,rocky05@wisozk.com,13479629749,1980-02-19,male,http://abernathy.info,http://placeimg.com/640/480/people,4053 Bechtelar Extensions,Funk Union,827,South Bonitastad,16909-2935,Comoros,KM,-88.642015,-165.368054
646,Ludwig,Mosciski,ykoepp@gmail.com,19372879881,2010-11-27,male,http://johns.info,http://placeimg.com/640/480/people,16681 Bergnaum Shoals Suite 229,Berta Brook,893,New Gerardobury,65737-3681,Macao SAR China,MO,65.894634,124.300959
647,Brad,Moen,issac81@altenwerth.net,13348731159,1998-03-02,male,http://schaden.com,http://placeimg.com/640/480/people,6039 Tillman Lake Suite 779,Maximillian Walks,194,Alextown,19309,British Indian Ocean Territory,IO,56.081328,-99.237049
648,Donny,Jacobson,steuber.murl@hotmail.com,16894267802,1967-10-24,male,http://howell.com,http://placeimg.com/640/480/people,682 Mckenna Inlet Apt. 986,Heidenreich Corner,144,Port Shea,51140-9931,Timor-Leste,TL,16.308759,-151.078863
649,Erik,Mraz,esmitham@romaguera.com,14404437973,2006-01-18,male,http://kuphal.com,http://placeimg.com/640/480/people,37838 Audreanne Radial Apt. 346,Ismael Flats,3743,West Sim,16650-4496,Liberia,LR,64.054226,-166.743637
650,Jared,Dicki,paucek.evangeline@nicolas.info,18202221333,2019-10-10,male,http://zemlak.biz,http://placeimg.com/640/480/people,410 Roob Divide,Green Terrace,5483,South Janiya,66765,U.S. Outlying Islands,UM,-39.822472,68.911495
651,Lue,Tillman,marguerite.pacocha@yahoo.com,16194460960,2014-07-23,female,http://corwin.com,http://placeimg.com/640/480/people,670 Kulas Corners,Demario Trafficway,99896,Dickinsonview,33804-6899,Lesotho,LS,9.050667,-6.853436
652,Frederik,Blick,marcelle.jacobs@hotmail.com,14323084885,1997-08-09,male,http://mcdermott.com,http://placeimg.com/640/480/people,2985 Durgan Oval Apt. 565,Lulu Vista,16139,Wymanville,06415-5627,North Korea,KP,49.729027,-126.69203
653,Barton,Pacocha,bianka.wisoky@smith.net,14409541126,2022-06-08,male,http://kautzer.org,http://placeimg.com/640/480/people,933 Jesus Light Suite 714,Runolfsson Alley,3036,Hellerfort,16974,Singapore,SG,-81.279881,-48.653678
654,Finn,Funk,bnikolaus@mann.com,15404266355,1966-09-26,male,http://osinski.com,http://placeimg.com/640/480/people,227 Lester Streets,Barney Corners,57175,West Bret,91033-3333,Senegal,SN,0.831101,-0.171354
655,Elton,Yundt,lockman.waldo@torphy.com,15318624936,2025-03-07,male,http://mueller.info,http://placeimg.com/640/480/people,14536 Gregorio Burg Apt. 015,Ruby Stravenue,8584,Anabellefort,14867-2121,Guyana,GY,6.803777,29.326765
656,Aurelia,Abernathy,hchristiansen@towne.com,12726552060,1992-02-04,female,http://senger.net,http://placeimg.com/640/480/people,995 Shaun Knolls Suite 535,Keeley Lights,35712,Hauckshire,09275-1323,Grenada,GD,33.641167,118.049532
657,Vaughn,Doyle,dangelo68@gmail.com,13189435755,2000-12-28,male,http://boehm.com,http://placeimg.com/640/480/people,130 Nickolas Pike Apt. 711,Barton Port,113,New Emorytown,46081,Chile,CL,-63.633035,74.710387
658,Casey,Ryan,zella.senger@gmail.com,17703929254,1953-09-28,male,http://torphy.biz,http://placeimg.com/640/480/people,990 Quigley Causeway,Simonis Field,669,Satterfieldton,86353-4297,France,FR,18.13344,117.360007
659,Mozelle,Cartwright,vraynor@hotmail.com,17318160109,1952-08-16,female,http://nicolas.com,http://placeimg.com/640/480/people,3235 O'Reilly Fields Apt. 870,Ryan Knoll,967,Consueloland,23311,Georgia,GE,84.449164,41.071828
660,Carlos,Buckridge,lulu.ledner@yahoo.com,16026772482,1995-01-08,male,http://bahringer.net,http://placeimg.com/640/480/people,96515 Ottis Key,Keegan Plaza,17234,West Luisa,95313,St. Lucia,LC,-89.491008,71.255442
661,Felipa,Nienow,marjolaine.gutkowski@yahoo.com,14708147490,1969-03-09,female,http://hirthe.com,http://placeimg.com/640/480/people,71127 Armstrong Meadows Suite 095,Moen Land,4939,South Halieburgh,99311-2603,French Southern Territories,TF,6.870679,97.914859
662,Rosalyn,Mosciski,seamus.hirthe@gmail.com,18624121782,1997-11-11,female,http://rolfson.com,http://placeimg.com/640/480/people,15660 Rigoberto Cape Apt. 413,Moriah Roads,922,Sauershire,10734-0942,Martinique,MQ,-69.208405,-98.799304
663,Gaston,Wilderman,jaime23@hotmail.com,16419464764,1948-10-05,male,http://veum.org,http://placeimg.com/640/480/people,6821 Zelda Spur Apt. 387,Irwin Lock,71276,West Clevelandbury,85221-6504,Puerto Rico,PR,-79.072419,-17.172364
664,Libbie,Wiza,rstreich@stanton.com,14586723655,1990-09-08,female,http://king.biz,http://placeimg.com/640/480/people,657 Lueilwitz Manor Apt. 874,Muhammad Parkways,451,New Talon,53653,Congo - Brazzaville,CG,-79.524371,-62.577224
665,Daija,Mraz,pouros.graciela@schmidt.com,14583696626,1958-11-30,female,http://lakin.net,http://placeimg.com/640/480/people,6288 Sidney Common Apt. 924,Larson Manors,1553,Lake Leonora,05792,Curaçao,CW,20.765901,-26.131203
666,Garfield,Walter,gretchen.schuppe@gmail.com,19492013780,2010-05-22,male,http://bernier.com,http://placeimg.com/640/480/people,7733 Bechtelar Green,McGlynn Spur,842,Schimmelberg,92257,Romania,RO,-49.19174,25.073265
667,Faustino,Will,williamson.cary@gmail.com,15855293851,2020-08-17,male,http://torphy.net,http://placeimg.com/640/480/people,670 Ramon Common,Golden Skyway,633,Dickensport,34366-8499,Andorra,AD,-59.354491,141.478936
668,Fanny,Ebert,handerson@gmail.com,12015607571,1953-01-18,female,http://rice.com,http://placeimg.com/640/480/people,982 Clyde Avenue Apt. 271,Angie Loop,242,Schaeferbury,64377-2705,Seychelles,SC,58.96643,170.00721
669,Jaeden,Eichmann,trantow.hunter@gmail.com,19376281994,1983-05-09,male,http://legros.com,http://placeimg.com/640/480/people,45386 Bashirian Courts,Margaretta Views,38980,South Kyla,22544-2647,Thailand,TH,20.674188,-52.845206
670,Yasmeen,Mraz,blair57@prohaska.com,19723653703,1952-06-19,female,http://marks.biz,http://placeimg.com/640/480/people,235 Leonie Vista Suite 681,Lola Stravenue,61181,West Elisa,01666-0270,Philippines,PH,15.650101,124.855028
671,Kamron,Homenick,hjohnston@moore.com,12702721655,1984-01-26,male,http://wilkinson.com,http://placeimg.com/640/480/people,4937 Tomasa Springs Suite 078,Kris Trafficway,58783,North Federicomouth,13337,Tokelau,TK,35.425142,41.841117
672,Ezra,Greenholt,schowalter.jennings@yahoo.com,17325223301,2008-03-26,male,http://ledner.com,http://placeimg.com/640/480/people,898 Brekke Locks Apt. 858,Klein Park,28092,Brownton,15653,Sint Maarten,SX,57.115459,47.198773
673,Brandon,Brakus,uchristiansen@hotmail.com,12035405858,1939-06-10,male,http://huels.biz,http://placeimg.com/640/480/people,757 Roslyn Brooks,Leo Way,17158,North Karleymouth,27700,Timor-Leste,TL,86.490727,137.471077
674,Cathrine,Gusikowski,kertzmann.richie@kreiger.com,12055045932,1949-04-11,female,http://purdy.com,http://placeimg.com/640/480/people,1247 Turner Keys Apt. 511,Fay Port,9349,Lake Fernetown,75099-2433,Falkland Islands,FK,27.374502,141.650667
675,Anabel,Romaguera,lueilwitz.johan@mertz.com,14635487952,2008-03-16,female,http://marquardt.biz,http://placeimg.com/640/480/people,717 Wunsch Mills Suite 309,Orrin Row,6498,Burleyland,03132,Algeria,DZ,-39.385337,17.420723
676,Rory,Toy,ibartoletti@hotmail.com,17083146509,1973-01-04,male,http://kilback.com,http://placeimg.com/640/480/people,865 Mueller Hills Suite 823,Tess Falls,373,Koelpintown,85976-2900,South Korea,KR,65.404192,105.221319
677,Dora,Mohr,kkreiger@yahoo.com,14347668536,2017-12-31,female,http://predovic.com,http://placeimg.com/640/480/people,38133 Sanford Island,Pouros Junctions,5271,Hudsonfurt,30275-3484,Afghanistan,AF,-57.274796,-125.132805
678,Earnest,Altenwerth,ykemmer@hotmail.com,15415347784,2003-08-27,male,http://stroman.com,http://placeimg.com/640/480/people,721 Caden Center Apt. 507,Mercedes Lodge,168,Maggiestad,71574-4514,British Virgin Islands,VG,-66.997734,3.222485
679,Russel,Lebsack,dibbert.rachelle@moore.com,18304877848,1973-05-12,male,http://simonis.biz,http://placeimg.com/640/480/people,1693 Conn Lakes,Lisa Court,47038,Wymanstad,78390-0480,Laos,LA,6.261676,177.461843
680,Germaine,Tromp,jennyfer24@gmail.com,14452344953,2009-06-27,female,http://bechtelar.net,http://placeimg.com/640/480/people,7577 Windler Shore,Doyle Prairie,4203,Annamarieburgh,37513-0961,Indonesia,ID,-45.888914,18.048801
681,Sanford,Gorczany,cmurray@yahoo.com,13343852775,1998-01-25,male,http://mohr.com,http://placeimg.com/640/480/people,93999 Junior Center Apt. 186,Bednar Land,9212,Millsport,86975-7990,Russia,RU,21.686053,-148.430718
682,Anibal,Gusikowski,adolfo97@anderson.com,13363785733,2023-10-20,male,http://terry.com,http://placeimg.com/640/480/people,50453 Kerluke Views Apt. 317,Earnestine Mills,9797,Candidoview,37802,Liberia,LR,-44.582373,59.173422
683,Deanna,Feil,dwelch@hotmail.com,12208241133,1991-08-26,female,http://heathcote.org,http://placeimg.com/640/480/people,64332 Isom Camp,Torp Forge,255,West Deanna,11653,Réunion,RE,-36.593437,117.008485
684,Jean,Howell,nmosciski@gmail.com,13603421105,1942-04-13,male,http://howe.com,http://placeimg.com/640/480/people,908 Chadd Landing,Marshall Lights,62854,Considineville,75432-0417,Turks & Caicos Islands,TC,-84.81447,0.987546
685,Anabel,Rippin,leslie88@yahoo.com,16896144613,1956-11-25,female,http://anderson.info,http://placeimg.com/640/480/people,8673 Balistreri Canyon Apt. 919,Dietrich Corner,9656,Evelineland,71172,St. Pierre & Miquelon,PM,-43.37525,126.114866
686,Geo,Schuster,nicolas.alysson@walter.com,14804189748,1947-08-10,male,http://okeefe.info,http://placeimg.com/640/480/people,341 Burnice Wall,Gorczany Summit,531,Katlynland,44271,Paraguay,PY,41.56767,-87.926769
687,Janae,Hane,madilyn.wolf@hotmail.com,14245876571,2002-03-12,female,http://davis.com,http://placeimg.com/640/480/people,5452 Hansen Common,Crona Common,279,Gulgowskiborough,15679-1466,Japan,JP,36.199908,163.152717
688,Sydni,Hackett,feil.esperanza@shanahan.com,13204426276,1967-06-29,female,http://koepp.com,http://placeimg.com/640/480/people,514 Cortez Land,Vandervort Isle,94173,East Hilda,92586,Lithuania,LT,-11.144466,173.052604
689,Alf,Russel,tara.bayer@purdy.com,12036212941,2010-02-08,male,http://heller.net,http://placeimg.com/640/480/people,575 Friesen Islands Suite 788,Stokes Stravenue,922,Swiftton,54776-5203,Uruguay,UY,-14.294619,-121.92568
690,Lynn,Bahringer,mosciski.iliana@auer.org,18308772460,1941-02-12,female,http://mcclure.com,http://placeimg.com/640/480/people,799 Hyatt Landing Apt. 498,Lesch Dam,2642,West Quinten,63504,Sri Lanka,LK,-82.489314,-99.40837
691,Durward,Ratke,macy87@brown.com,16574072315,1982-01-06,male,http://durgan.com,http://placeimg.com/640/480/people,8277 Clementina Shoals,Ortiz Parkways,9543,East Korbinview,29103-9742,Ghana,GH,-74.683691,58.837555
692,Donato,Huels,uzieme@gmail.com,19567409567,1972-11-25,male,http://grady.com,http://placeimg.com/640/480/people,830 Bonita Tunnel Suite 264,Jermey Rapid,1352,North Alexandrinemouth,54979,St. Pierre & Miquelon,PM,-83.698119,-122.831386
693,Felton,Morissette,ashley.schinner@gmail.com,17256302423,1944-10-25,male,http://towne.com,http://placeimg.com/640/480/people,577 Toni Fords,Amaya Street,931,Diannaton,21713-8300,Finland,FI,74.623884,117.165767
694,Cooper,Rohan,fisher.napoleon@treutel.com,12153927976,1996-04-22,male,http://reynolds.com,http://placeimg.com/640/480/people,40983 Russ Roads Apt. 964,Monahan Expressway,419,North Zoey,68258-4602,Jersey,JE,-32.018594,166.514663
695,Luisa,Padberg,laisha.kshlerin@hotmail.com,12172339590,1952-02-12,female,http://green.com,http://placeimg.com/640/480/people,81624 Amelie Way,Walton Drives,660,Haleystad,50187-4414,Mozambique,MZ,-23.326829,-63.865865
696,John,Heaney,felipa52@gmail.com,16153814630,1965-05-04,male,http://reynolds.net,http://placeimg.com/640/480/people,37395 Millie Club,Roger Summit,11216,Port Elsie,00246,Costa Rica,CR,57.782345,101.191996
697,Imelda,White,brant.bode@abernathy.biz,13208727424,1976-11-21,female,http://koch.com,http://placeimg.com/640/480/people,282 Alycia Freeway,Goldner Throughway,650,Brennaville,15665,Malta,MT,-51.60031,-178.152507
698,Lucinda,Price,kathlyn61@dickinson.com,16808489785,1985-03-30,female,http://fritsch.com,http://placeimg.com/640/480/people,3707 Abshire Center Apt. 035,Hackett Estates,1267,Alenaport,97674-4980,South Georgia & South Sandwich Islands,GS,-89.845762,-12.085391
699,Pansy,Beahan,lind.carli@yahoo.com,13346693852,1989-07-22,female,http://jacobs.net,http://placeimg.com/640/480/people,95402 Brekke Parks,Maurice Forks,32219,Schmelerland,77463-6913,Lebanon,LB,51.579889,63.456205
700,Aaron,Renner,uhowe@yahoo.com,17088066704,1999-08-19,male,http://schamberger.com,http://placeimg.com/640/480/people,3840 Tessie Mall,Cremin Estate,155,Lake Santosberg,22461,French Guiana,GF,87.95306,-62.783402
701,Gino,Powlowski,jaskolski.murl@yahoo.com,19164856344,1962-06-03,male,http://fadel.com,http://placeimg.com/640/480/people,906 Hills Branch,Altenwerth Forge,162,West Keshawn,40072-8267,United States,US,62.642333,-83.777828
702,Rhett,Koepp,gsipes@hotmail.com,15519364362,1980-11-28,male,http://zieme.info,http://placeimg.com/640/480/people,108 Bahringer Trace Suite 331,Marina Roads,35788,Port Eribertohaven,89796-3192,Jersey,JE,-67.001724,-28.974442
703,Dangelo,Fritsch,kraig57@hotmail.com,15393577735,1992-03-07,male,http://dubuque.com,http://placeimg.com/640/480/people,468 Cary Lodge,Stark Estates,268,Yosthaven,14277,Denmark,DK,-88.035557,-129.693572
704,Kaelyn,Nolan,morris.reinger@funk.com,16576255750,2024-09-08,female,http://trantow.biz,http://placeimg.com/640/480/people,3150 Trace Burg Apt. 358,Ward Forge,82752,Port Rhianna,24790-7108,U.S. Virgin Islands,VI,0.023254,74.286183
705,Johnpaul,Wisoky,schaden.cassie@johnston.com,12318530647,1983-03-26,male,http://hilpert.info,http://placeimg.com/640/480/people,970 Ferne Pike Apt. 770,Maci Extensions,989,South Whitneyport,66880-7559,Brunei,BN,87.687562,-173.511892
706,Norene,Anderson,tarmstrong@yahoo.com,15513712408,1974-11-01,female,http://reinger.com,http://placeimg.com/640/480/people,470 Kirlin Locks,Von Corner,75751,New Sandytown,66953-8646,United Arab Emirates,AE,13.562265,172.778498
707,Tanya,Murphy,jerod.davis@oconner.org,18027020779,2013-07-03,female,http://dibbert.com,http://placeimg.com/640/480/people,542 Bailey Club Suite 093,Stiedemann Mission,16591,Sigridbury,73449,Andorra,AD,-10.359888,167.744136
708,Justice,Roberts,hayes.demetris@gmail.com,12057100253,1951-05-09,male,http://crona.com,http://placeimg.com/640/480/people,944 Hermiston Ridge Apt. 599,Paula Ramp,9319,West Billie,94763-3283,Northern Mariana Islands,MP,33.453959,122.643584
709,Electa,Heller,agnes.klein@corwin.info,13148000760,2025-03-14,female,http://green.info,http://placeimg.com/640/480/people,92408 Kelly Passage Suite 708,Beier Brooks,3802,West Hosea,41428,French Southern Territories,TF,81.880302,-49.091068
710,Matt,Swaniawski,crooks.rey@hotmail.com,16619857754,1973-03-07,male,http://stehr.info,http://placeimg.com/640/480/people,175 Kristina Flat Apt. 792,Valentin Pines,16332,Reillybury,30559-4815,Antigua & Barbuda,AG,12.897646,-18.887415
711,Vince,Harvey,feest.mylene@beatty.com,14809945614,1992-02-16,male,http://hand.com,http://placeimg.com/640/480/people,721 Wisozk Lights,Edward Bypass,2433,Deckowberg,35757-0431,Kiribati,KI,8.619313,92.11968
712,Flo,Gutmann,nsimonis@wehner.info,14177419501,1979-08-07,female,http://huels.org,http://placeimg.com/640/480/people,3735 Zita Parkway Suite 927,Gregoria Orchard,573,Parisianberg,39668,North Macedonia,MK,26.503091,104.440883
713,Adell,Schoen,hill.henriette@yahoo.com,19154713020,1971-08-11,female,http://bartell.com,http://placeimg.com/640/480/people,6647 Cartwright Trail Suite 117,Koch Branch,696,Strosinmouth,96223,Montserrat,MS,-15.588066,55.685817
714,Eldridge,Hermann,myra.bruen@hotmail.com,18785613781,1952-03-11,female,http://murphy.net,http://placeimg.com/640/480/people,1164 Johnston Road Suite 535,Abbott Well,5265,New Sasha,08562,Barbados,BB,-36.831954,14.679809
715,Ova,Osinski,ykilback@gmail.com,13204102519,2016-03-11,female,http://kuvalis.com,http://placeimg.com/640/480/people,2866 Bayer Mountain Suite 196,Weber Meadows,722,New Ilahaven,24075-6407,Lesotho,LS,-79.062586,69.502188
716,Camden,D'Amore,romaguera.seth@gmail.com,13027850355,1963-01-06,male,http://baumbach.biz,http://placeimg.com/640/480/people,57751 Michele Springs Apt. 706,Kasandra Harbor,541,Brekkeberg,73312,Laos,LA,-30.305831,115.640327
717,Katheryn,Hansen,parker.derrick@erdman.info,19547124524,1992-03-10,female,http://lynch.com,http://placeimg.com/640/480/people,2453 Marianna Knoll,Ewell Pass,851,New Cadebury,82654,Guinea,GN,48.048583,-70.980735
718,Ted,Koepp,shields.jany@will.com,15187774001,1970-09-15,male,http://stoltenberg.biz,http://placeimg.com/640/480/people,449 Kirlin Parkways,Kertzmann Points,988,East Dereck,73787-9114,Haiti,HT,34.011339,-57.831536
719,Caitlyn,Gulgowski,okeefe.cassidy@hotmail.com,13258790470,1948-04-19,female,http://douglas.com,http://placeimg.com/640/480/people,9734 Viva Course,Rice Squares,56283,North Gwendolynmouth,57008-8102,Sweden,SE,-51.901408,110.228928
720,Armani,Ledner,stoltenberg.jaquelin@renner.com,18705645705,2018-11-26,male,http://wilkinson.com,http://placeimg.com/640/480/people,9426 Bernier Cliffs,Larson Trace,64927,Hudsonborough,75510-2364,Equatorial Guinea,GQ,-19.422288,46.235781
721,Jarrod,Blanda,kgulgowski@gusikowski.net,16402055055,1971-08-29,male,http://yost.com,http://placeimg.com/640/480/people,792 Gulgowski Hill,Loy Road,234,East Antone,19890,Marshall Islands,MH,62.944095,-118.638477
722,Ubaldo,Wolff,heidenreich.chaya@graham.org,12349951714,1965-10-31,male,http://gerhold.com,http://placeimg.com/640/480/people,6021 Llewellyn Ridge Apt. 441,Lonnie River,6577,Boylefurt,99973,United States,US,11.68098,118.791936
723,Coralie,Schaden,cletus.schinner@hotmail.com,18659809385,1975-08-24,female,http://kertzmann.biz,http://placeimg.com/640/480/people,6756 Wava Junctions Suite 360,Willard Street,7165,North Freda,02625,Jersey,JE,-20.733993,-31.144869
724,Jazmyn,Harris,harrison86@hotmail.com,13613122223,1968-09-12,female,http://feeney.com,http://placeimg.com/640/480/people,403 Amya Pass,Barrows Port,8773,Fayfurt,16798,St. Barthélemy,BL,62.671366,-174.91833
725,Larry,Heaney,marilou84@yahoo.com,17692556992,1937-06-27,male,http://anderson.com,http://placeimg.com/640/480/people,996 Elvera Meadows,Camille Plains,7180,Lake Enolafort,31942,Fiji,FJ,27.609756,-163.126394
726,Moses,Ullrich,yklein@hotmail.com,19498058701,2004-04-06,male,http://harvey.com,http://placeimg.com/640/480/people,429 Bernita Fords,Royce Extension,961,Johnstonview,91793-3950,Jordan,JO,-37.447329,-45.812529
727,Bernardo,Kautzer,lourdes49@hotmail.com,13462525506,2014-12-18,male,http://ullrich.com,http://placeimg.com/640/480/people,47775 Violette Harbor Apt. 596,Yasmeen Garden,670,Clarissafurt,98160-1262,Sint Maarten,SX,-61.538297,34.935548
728,Ida,Pouros,fcremin@braun.com,15597909858,1991-12-11,female,http://damore.info,http://placeimg.com/640/480/people,791 Armand Parkway,Martin Mountains,852,Port Daleville,42758,Tajikistan,TJ,-60.183068,-0.088112
729,Margot,VonRueden,rempel.tomasa@bernhard.org,18709254387,1991-02-25,female,http://champlin.com,http://placeimg.com/640/480/people,1561 Kiehn Lane,Lebsack Mission,76160,Audreanneton,63831,Ukraine,UA,57.123892,24.909131
730,Margaretta,Bartoletti,kevon53@yahoo.com,18648833403,1990-02-14,female,http://wisoky.com,http://placeimg.com/640/480/people,8475 Boehm Unions Suite 234,Eriberto Brook,629,Anissafort,78770,South Georgia & South Sandwich Islands,GS,-31.553822,-154.766362
731,Lavada,Stark,kayli78@wilderman.net,13519476131,2022-01-02,female,http://keebler.com,http://placeimg.com/640/480/people,57915 Charles Crescent Suite 559,Mitchell Park,84911,Beattyburgh,85667-6890,Uganda,UG,7.281126,-48.621378
732,Verla,Bradtke,lisa76@yahoo.com,14636832618,2022-01-24,female,http://wyman.com,http://placeimg.com/640/480/people,3099 Ernser Parkway,O'Keefe Meadows,5666,North Sonnyberg,43480-3203,Slovakia,SK,82.649931,-10.121938
733,Daija,Lockman,vbahringer@damore.net,14695395066,2020-01-10,female,http://hansen.com,http://placeimg.com/640/480/people,198 Gottlieb Lodge Suite 522,Donny Wall,790,Kossfort,94322-3513,Mayotte,YT,-89.676791,-7.379396
734,Bobby,Volkman,koelpin.reba@dickens.com,13022462482,1974-09-07,male,http://champlin.com,http://placeimg.com/640/480/people,74131 Kamron Forge,Laurie Walk,2639,New Nedrahaven,13412-0794,United States,US,-85.761659,-71.14563
735,Jazlyn,Lang,wolson@hotmail.com,13466784709,2002-01-13,female,http://rohan.net,http://placeimg.com/640/480/people,1015 Kathlyn Manors,Rasheed Burgs,503,Pascalechester,85843,Fiji,FJ,36.975687,-43.892364
736,Javonte,Jerde,twitting@spencer.com,17324719818,1974-03-17,male,http://quitzon.com,http://placeimg.com/640/480/people,7094 Flatley Islands,Krajcik Street,299,New German,60415-0752,Micronesia,FM,-68.032782,-55.974115
737,Mary,Gleason,uquigley@keeling.info,16315838216,2022-07-25,female,http://bailey.com,http://placeimg.com/640/480/people,968 Elvis Curve,Jackeline Mall,28331,Charlieview,15478-3650,Cyprus,CY,-66.718757,74.212695
738,Heber,Berge,lakin.justen@feest.com,15617396904,1969-01-20,male,http://wolff.org,http://placeimg.com/640/480/people,87413 Dallas Tunnel Apt. 238,Tromp Lock,830,Annamarieview,65000-1176,Equatorial Guinea,GQ,19.432271,178.696065
739,Patricia,Kutch,jglover@hotmail.com,17087601355,2004-03-29,female,http://auer.com,http://placeimg.com/640/480/people,1649 Robin Mews,Matilda Cape,925,Port Friedrich,80939-3953,Svalbard & Jan Mayen,SJ,64.075928,-108.303667
740,Kenya,Thiel,hilpert.jamil@bruen.com,17326226125,1954-07-16,female,http://hane.com,http://placeimg.com/640/480/people,471 Jasper Prairie Suite 400,Gwen Rest,7198,Pearlstad,62717,Dominica,DM,-48.682918,58.245381
741,Kirstin,Ruecker,vlueilwitz@gmail.com,17818544691,2009-03-07,female,http://wilderman.biz,http://placeimg.com/640/480/people,67780 Darien Cliff Suite 075,Charles Rapids,13657,Port Rowlandville,67010,Cuba,CU,18.554022,-91.253187
742,Benny,Schulist,barney09@yahoo.com,18606056465,1966-06-23,male,http://prohaska.com,http://placeimg.com/640/480/people,19659 Eliza Station Suite 378,Watsica Harbor,43055,North Enid,66466,Vanuatu,VU,-65.803523,105.866129
743,Amely,Schimmel,francisca.heaney@hotmail.com,15023294311,1984-04-19,female,http://torp.com,http://placeimg.com/640/480/people,86965 Feeney Well Suite 690,Hermiston Park,50129,Zionside,11061,Sudan,SD,-44.25108,161.526467
744,Tatyana,Kub,cward@yahoo.com,18726393578,1999-05-23,female,http://cummerata.com,http://placeimg.com/640/480/people,46299 Jacquelyn Extension Apt. 495,Mann Stravenue,56444,New Ramonburgh,38078,Jamaica,JM,86.027097,130.168158
745,Susan,Bashirian,melyna.torp@king.biz,17478025066,1944-09-06,female,http://howell.com,http://placeimg.com/640/480/people,31558 Magali Rue Apt. 558,Rempel Circle,8221,West Morton,26778-5460,Turkmenistan,TM,-0.093372,60.240478
746,Ansel,O'Kon,jerrold47@gmail.com,19478227197,2019-10-21,male,http://gislason.biz,http://placeimg.com/640/480/people,663 Stone Bypass,Jace Island,170,Manteton,24560-5092,Timor-Leste,TL,-23.487684,48.478029
747,Margarette,Considine,wlarson@ziemann.com,18127610684,2001-05-26,female,http://hudson.net,http://placeimg.com/640/480/people,36432 Timmothy Drives Suite 781,Delia Motorway,4318,Lake Frida,31422,Peru,PE,69.550531,-94.53639
748,Neil,Altenwerth,ayden.dicki@cartwright.org,14844996561,1984-06-06,male,http://mohr.biz,http://placeimg.com/640/480/people,5043 Quigley Trail,Johnston Lakes,4407,Port Huldamouth,23851,Belgium,BE,7.179369,-123.744579
749,Retta,Morar,bfeil@hotmail.com,16096543488,2022-03-25,female,http://mitchell.com,http://placeimg.com/640/480/people,3636 Pouros Pines,Block Bypass,189,Waelchichester,12266,Sierra Leone,SL,62.586041,14.696326
750,Kianna,Swaniawski,brent52@hotmail.com,13047304764,1998-04-12,female,http://lesch.com,http://placeimg.com/640/480/people,191 Donny Knolls Apt. 732,Kiehn Loaf,51030,Considinemouth,77991,Suriname,SR,7.06004,159.052362
751,Alyce,Krajcik,sfunk@gmail.com,12523642490,1946-03-01,female,http://labadie.com,http://placeimg.com/640/480/people,476 Heidenreich Circle Apt. 697,Kristin Throughway,703,South Richmond,26741-4069,Puerto Rico,PR,-21.232416,-171.079128
752,Nat,Batz,grady.rice@dibbert.com,16784051904,1953-07-21,male,http://howe.info,http://placeimg.com/640/480/people,74109 Bashirian Brook,Meta Causeway,44100,Kathrynefort,19953,Comoros,KM,74.345759,-28.309605
753,Bernhard,Keeling,era.goyette@trantow.com,16895430341,2012-10-28,male,http://gulgowski.com,http://placeimg.com/640/480/people,28260 Jerad Drive,Zemlak Fields,38800,East Karleyborough,63423,Macao SAR China,MO,-13.34935,147.230891
754,Jarvis,Rath,burley44@jaskolski.com,12033703255,1970-03-17,male,http://langworth.com,http://placeimg.com/640/480/people,299 Ebert Squares,Jast Trafficway,203,New Peyton,50571,Venezuela,VE,45.604396,80.352843
755,Wallace,Cremin,kutch.jade@davis.biz,16318540457,1986-05-07,male,http://smith.com,http://placeimg.com/640/480/people,496 Phoebe Pine Suite 717,Moen Knoll,947,East Garnett,76202,Latvia,LV,24.30545,-141.806253
756,Audreanne,Emard,rgutmann@yahoo.com,13516712293,2001-05-12,female,http://berge.com,http://placeimg.com/640/480/people,85148 Okuneva Plaza,Ramon Route,245,New Rick,03512-5447,Nigeria,NG,-40.763144,-68.351813
757,Daryl,Huel,gerhold.lia@reichel.com,18502467594,1996-10-08,male,http://hoppe.info,http://placeimg.com/640/480/people,16149 Wiegand Vista Suite 750,Betty Ways,26406,Marleytown,00434,South Korea,KR,89.374445,-83.530118
758,Wendell,McGlynn,roxane.herzog@yahoo.com,16155449326,1985-10-31,male,http://metz.biz,http://placeimg.com/640/480/people,968 Johnathan Curve Apt. 057,Danielle Loop,60172,Funkchester,99954,Northern Mariana Islands,MP,36.000344,130.480467
759,Hiram,Steuber,moriah.sipes@wehner.com,17243846863,2014-01-13,male,http://kautzer.com,http://placeimg.com/640/480/people,42965 Gorczany Bridge,Torphy Camp,9236,Sandratown,52657,Equatorial Guinea,GQ,6.514956,-40.967681
760,Forrest,Pfeffer,frankie.collins@hotmail.com,19546936468,2015-07-01,male,http://bahringer.com,http://placeimg.com/640/480/people,86808 Francisca Spurs,Hane Glen,32217,West Rasheed,78680,Bermuda,BM,-12.975016,153.63363
761,Justine,Reilly,pcole@ziemann.info,17702183916,2013-08-18,female,http://medhurst.org,http://placeimg.com/640/480/people,70568 Rodrick Lake Apt. 596,Jacobson Villages,3812,East Adeline,72961,Botswana,BW,58.074899,27.658454
762,Blair,Morar,jacobson.jody@douglas.com,13024478881,2026-01-25,male,http://conroy.org,http://placeimg.com/640/480/people,340 Schowalter Parkway,Baron Course,108,Ankundingmouth,65109-3859,Tonga,TO,-20.472368,32.383757
763,Carroll,Barrows,ugibson@schinner.info,16012352145,1957-04-24,male,http://steuber.biz,http://placeimg.com/640/480/people,85499 Patrick Dam,Andres Ridge,13808,North Ruth,61805,Iran,IR,-80.618611,-90.009047
764,Jean,Carroll,maggio.delilah@lind.com,18053451636,1974-11-27,male,http://mann.com,http://placeimg.com/640/480/people,432 Cassandra Via,America Road,27812,O'Connerville,33896-8587,Guinea,GN,59.147618,9.649386
765,Natalia,Ondricka,zprosacco@hotmail.com,17379363656,2023-03-09,female,http://langworth.com,http://placeimg.com/640/480/people,550 Laurence Branch,Mayer Path,123,Bashirianbury,19381-0207,Norway,NO,69.020404,173.825671
766,Samanta,Purdy,zoila.schmitt@gmail.com,19786539288,1971-04-24,female,http://kunze.info,http://placeimg.com/640/480/people,1354 Icie Haven,Hartmann Grove,429,Yundtbury,74708-0275,Tonga,TO,81.966907,-78.729052
767,Gust,Abshire,bruen.martin@hotmail.com,12173276943,2015-11-23,male,http://wisozk.com,http://placeimg.com/640/480/people,332 Tad Track,Shania Mountain,12975,Adrienneburgh,20295-1776,Taiwan,TW,-11.521332,-91.815427
768,Taya,Medhurst,anabelle06@schmidt.com,12314228029,1938-07-30,female,http://ryan.org,http://placeimg.com/640/480/people,12691 Cleve Light Suite 164,Louisa Haven,328,New Lera,37677-6450,Caribbean Netherlands,BQ,-52.755174,-15.574099
769,Ellen,Kiehn,darren72@gmail.com,14699912797,1951-01-31,female,http://tillman.com,http://placeimg.com/640/480/people,34010 Piper Light,Michale Forks,287,Port Johnniemouth,32537-3276,Latvia,LV,0.69448,-9.239697
770,Tyrel,Wolf,joan69@medhurst.biz,13073152334,1964-06-17,male,http://heathcote.com,http://placeimg.com/640/480/people,65753 Mitchell Roads Suite 091,Feil Hill,6106,New Sierramouth,46470,Djibouti,DJ,-25.074925,106.941683
771,May,Jast,roger40@dicki.com,17433220786,2011-02-19,female,http://dietrich.com,http://placeimg.com/640/480/people,60538 Casper Lodge Suite 995,Dayana Junctions,830,West Rodolfoport,63766,Azerbaijan,AZ,78.522582,-155.520218
772,Carley,Nikolaus,elta.reichel@wunsch.info,14704709176,1956-01-21,female,http://wuckert.com,http://placeimg.com/640/480/people,88105 Corwin Gateway Apt. 198,Alayna Wall,830,Port Chelseatown,73618,Seychelles,SC,74.468118,-52.090155
773,Magdalen,O'Reilly,amely09@yahoo.com,12624681217,1975-03-06,female,http://mayert.org,http://placeimg.com/640/480/people,700 Viola Freeway,Bradtke Shores,7326,West Eldridge,54316-9596,Vanuatu,VU,63.472029,73.257376
774,Thora,Rau,rohan.tierra@gmail.com,14236999885,2021-05-16,female,http://gusikowski.info,http://placeimg.com/640/480/people,3497 Frami Causeway,Goyette Isle,800,Lake Grayce,91591,Djibouti,DJ,-52.676338,16.091989
775,Cortez,Volkman,reid.hansen@robel.com,19095977748,2011-08-24,male,http://abernathy.com,http://placeimg.com/640/480/people,69476 Hahn Corners Suite 078,Jaron Island,69643,West Yoshikoland,67205,Bosnia & Herzegovina,BA,0.240234,81.519512
776,Kip,Will,zrutherford@yahoo.com,18639200467,1987-10-05,male,http://streich.org,http://placeimg.com/640/480/people,61881 Hickle Key Suite 493,Eichmann Valley,14021,Lake Meda,39586,Eswatini,SZ,16.618394,-91.755629
777,Una,Leuschke,mkreiger@thiel.com,18146972048,1940-07-28,female,http://corwin.com,http://placeimg.com/640/480/people,51534 Bauch Mill Apt. 149,Mertz Land,5383,Nicolasbury,75140-4140,Tokelau,TK,33.77772,120.963001
778,Carol,Rohan,cole.howell@yahoo.com,14436616653,1982-05-01,male,http://luettgen.net,http://placeimg.com/640/480/people,68036 Arvel Canyon Suite 679,Tressie Wall,664,Maxieshire,29707-5741,Dominican Republic,DO,31.781159,106.793843
779,Sigmund,Ernser,cbecker@hotmail.com,17632991059,1942-05-25,male,http://wisoky.biz,http://placeimg.com/640/480/people,92421 Lucius Fork Suite 129,Lia Courts,44850,North Agustina,00097,British Indian Ocean Territory,IO,-86.039323,86.049043
780,Danial,Zulauf,zturner@wehner.org,19714246412,2017-04-07,male,http://pacocha.info,http://placeimg.com/640/480/people,12141 Spinka Drives,Marvin Avenue,239,Petrastad,18360-1159,Malaysia,MY,84.809486,179.581451
781,Cielo,Ziemann,qstehr@deckow.com,12704864939,1985-09-29,male,http://krajcik.net,http://placeimg.com/640/480/people,143 Deshaun Estates Suite 358,Gabriel Trail,3146,South Gracieland,91277-1684,Bahrain,BH,-65.358071,145.834953
782,Rickie,Hills,gschinner@mcclure.com,17868098561,1970-07-24,male,http://grimes.net,http://placeimg.com/640/480/people,25888 Christa Lodge Suite 919,Waters Cove,201,Hadleyland,71711,São Tomé & Príncipe,ST,-81.823515,-26.826619
783,Stacey,Torp,vallie17@johns.com,19419026432,1940-06-17,female,http://bernhard.com,http://placeimg.com/640/480/people,980 Lou Corners Suite 452,Fay Manor,57556,East Beatricemouth,21648-3222,Guatemala,GT,19.073063,-167.138791
784,Damian,Bailey,rae86@denesik.com,19408065921,2018-06-15,male,http://schmeler.com,http://placeimg.com/640/480/people,603 Murray Creek Suite 967,Parker Row,8121,Bogisichville,47802,São Tomé & Príncipe,ST,14.796848,-59.967399
785,Christian,Fay,prohaska.patricia@yahoo.com,13365569535,1955-07-27,male,http://pagac.com,http://placeimg.com/640/480/people,63302 Dashawn Loaf Apt. 727,Wolf Station,8975,Runolfssonshire,88925,Laos,LA,-70.645009,-106.860329
786,Wilfred,Altenwerth,xsanford@hotmail.com,16574199475,1941-01-28,male,http://bednar.com,http://placeimg.com/640/480/people,669 Trey Extension Suite 425,Isabell Ridges,8490,Spencerchester,40523,Northern Mariana Islands,MP,-72.789083,83.652542
787,Eric,Lynch,elisabeth.grady@yahoo.com,15185715955,1970-11-13,male,http://ryan.com,http://placeimg.com/640/480/people,4290 Brycen Key,Burley Greens,460,Daynafurt,67460-8907,Indonesia,ID,-54.64005,-10.816341
788,Archibald,Collier,maybelle03@hotmail.com,13522109840,1982-08-05,male,http://shields.com,http://placeimg.com/640/480/people,22344 Beryl Creek Apt. 217,Annie Point,286,West Luraland,21100-8093,Philippines,PH,43.235396,41.992066
789,John,Osinski,kautzer.bonita@mcglynn.com,18782359946,1943-11-26,male,http://marquardt.com,http://placeimg.com/640/480/people,225 Jedidiah Pine,Spencer Fall,7639,South Evie,80099-2544,Nigeria,NG,-16.405556,-91.083804
790,Willa,Macejkovic,makayla11@gmail.com,16515529221,1967-10-20,female,http://cole.com,http://placeimg.com/640/480/people,5721 Jakob Street Apt. 465,Bayer View,8045,New Sebastianfort,56261,Ireland,IE,52.169265,-149.877699
791,Nakia,Wilderman,darion41@yahoo.com,16623080953,2020-01-15,female,http://adams.com,http://placeimg.com/640/480/people,8915 Legros Keys Suite 400,Schumm Ford,2358,Salvatorefort,06897-9101,Slovenia,SI,-49.191875,10.722366
792,Ophelia,King,gust.mitchell@spinka.com,12518925387,1948-02-18,female,http://jones.org,http://placeimg.com/640/480/people,6249 Pfeffer Manor,Kreiger Manor,1996,Schulistport,71454,Pakistan,PK,-32.519926,-134.349273
793,Maribel,Trantow,eddie53@gmail.com,13033023634,1939-02-03,female,http://feeney.org,http://placeimg.com/640/480/people,17591 Frami Manors Suite 280,Robyn Ways,401,Port Milford,46581,Cayman Islands,KY,73.665418,45.816129
794,Bennett,Johnston,palma.bode@tremblay.com,14309634338,1941-03-30,male,http://hettinger.com,http://placeimg.com/640/480/people,1336 Libby Spurs Apt. 917,Harber Keys,76131,Joestad,16516-0875,Antarctica,AQ,84.547409,-112.596002
795,Rudolph,Kovacek,rklocko@gmail.com,12167050531,1961-09-16,male,http://rutherford.com,http://placeimg.com/640/480/people,23005 Kozey Divide,Jedediah Canyon,24610,Doraport,31348-7843,Togo,TG,8.371622,-16.509685
796,Myra,Funk,jack.stamm@anderson.net,19517422273,1955-02-06,female,http://block.com,http://placeimg.com/640/480/people,83655 Ratke Light,Lula Stream,3919,Lake Estastad,54794,Norfolk Island,NF,-48.420655,18.084782
797,Kirk,Barton,mozelle.reinger@hotmail.com,15209513907,1979-08-04,male,http://mueller.biz,http://placeimg.com/640/480/people,15265 Jacques Overpass Apt. 683,Leffler Manor,4992,North Emmy,77867-0853,Saudi Arabia,SA,27.611091,-59.961756
798,Wilfredo,Upton,heaney.grace@kling.com,14698351961,1975-11-27,male,http://runte.net,http://placeimg.com/640/480/people,682 Lyla Villages,Kris Knolls,437,O'Haratown,83934-7694,Cayman Islands,KY,55.727647,145.623767
799,Zita,Lind,dillan16@gmail.com,14234870226,2013-02-25,female,http://rosenbaum.com,http://placeimg.com/640/480/people,1365 Dudley Trafficway,Braden Light,88085,Kautzerview,40598,Czechia,CZ,-11.509597,-75.622546
800,Rhiannon,Veum,creola.dare@yahoo.com,19496142768,1980-03-08,male,http://corkery.org,http://placeimg.com/640/480/people,8997 Braun Groves Apt. 776,Joanny Plain,5933,Schambergerbury,32802-6425,Djibouti,DJ,84.527064,145.622958
801,Leone,Halvorson,mward@gmail.com,12283517807,1977-02-03,male,http://jones.com,http://placeimg.com/640/480/people,3240 Swaniawski Circles Apt. 191,Anastasia Pike,6704,East Sigrid,78804-7347,Åland Islands,AX,-15.176176,-168.933843
802,Stephon,Hauck,kautzer.ramon@nicolas.com,16804093293,2010-07-07,male,http://towne.com,http://placeimg.com/640/480/people,9395 Kamron Crescent Apt. 166,Sandra Isle,344,North Filiberto,76589-9446,Nigeria,NG,-54.912425,-4.688006
803,Taya,Hahn,xhowe@yahoo.com,18389275498,1963-09-06,female,http://pouros.com,http://placeimg.com/640/480/people,894 Alana Lake Suite 607,Theresa Route,873,Christianbury,53615-5307,Slovenia,SI,-10.475957,-179.454078
804,Imani,Carroll,darron65@marvin.com,19192393237,2020-10-02,male,http://schoen.net,http://placeimg.com/640/480/people,326 Everardo Flat,Friesen Courts,398,Zoilashire,13760,U.S. Virgin Islands,VI,-31.047926,-10.12475
805,Daniella,Hackett,savanna63@fadel.com,16579775533,2011-06-10,female,http://kihn.com,http://placeimg.com/640/480/people,339 Erika Island,Al Canyon,8235,Susanton,50149,Burundi,BI,85.971018,-34.498372
806,Wilburn,Reynolds,guy.stehr@predovic.info,16784706000,2003-09-28,male,http://berge.biz,http://placeimg.com/640/480/people,66585 Cole Pike,Shany Islands,17624,North Tesston,93301-7103,Romania,RO,-48.731225,-122.98933
807,Stanley,Altenwerth,kody10@murray.com,15408625699,1998-06-21,male,http://buckridge.com,http://placeimg.com/640/480/people,16024 Kay Roads Apt. 933,Pouros Pike,916,Dibbertshire,79761,Ghana,GH,-27.625082,97.019606
808,Allan,Keeling,leffler.elouise@barton.net,14788222436,1997-07-03,male,http://fay.net,http://placeimg.com/640/480/people,248 Annabelle Causeway Apt. 878,Nicolas Knolls,66909,Macistad,75249-5367,Hungary,HU,84.509831,-163.220028
809,Jarret,Robel,spfannerstill@cole.com,16579712658,1989-09-19,male,http://rutherford.com,http://placeimg.com/640/480/people,4641 Denesik Lane Apt. 433,Krystina Viaduct,257,Port Helena,37410-7047,Japan,JP,-83.124207,162.916128
810,Vernie,Zieme,labshire@gmail.com,12626096596,1953-02-23,female,http://heaney.com,http://placeimg.com/640/480/people,38964 Hammes Vista,Grimes Road,97861,South Ivorymouth,28056-0743,Bhutan,BT,-15.434917,-139.385441
811,Oceane,Dickens,joaquin08@daugherty.org,18325034871,1954-12-17,female,http://lemke.com,http://placeimg.com/640/480/people,825 Becker Ports,Johnathon Alley,1952,North Abbyberg,13259,Canada,CA,3.105774,134.586305
812,Delores,DuBuque,elinore.klocko@greenfelder.org,18057730895,1954-11-25,female,http://heaney.com,http://placeimg.com/640/480/people,796 Hermiston Coves,Hill Forest,9721,East Kaylahville,25743-5717,Armenia,AM,70.809259,151.926697
813,Benedict,Muller,owehner@ritchie.com,16094026244,1951-02-16,male,http://terry.info,http://placeimg.com/640/480/people,4943 Langworth Crest,Asha Mission,631,Port Fordhaven,51206-1446,St. Martin,MF,21.30578,-177.911786
814,Hans,Shields,tmuller@yahoo.com,19259467465,1969-03-16,male,http://crona.com,http://placeimg.com/640/480/people,942 Emma Cliff Suite 950,Heller Views,51167,Kreigerview,03321,Cape Verde,CV,50.833452,50.618027
815,Zachariah,Frami,pauline.towne@bartoletti.com,13417187132,1968-07-10,male,http://hand.biz,http://placeimg.com/640/480/people,406 Rutherford Park,Clifton Lane,50127,North Monique,89732-0560,Micronesia,FM,33.61188,145.137353
816,Waino,Jerde,julio.bailey@reichel.org,16303292521,2005-11-19,male,http://mitchell.com,http://placeimg.com/640/480/people,52200 Eloy Divide Apt. 090,Kirlin Lakes,84595,Ortizport,89726-6416,Isle of Man,IM,49.492771,-29.036689
817,Loraine,Spencer,drosenbaum@volkman.com,13516071012,1954-07-03,female,http://klocko.com,http://placeimg.com/640/480/people,884 Jany Parks,Schimmel Alley,483,West Stephenfort,95376,Malawi,MW,-70.443036,85.765083
818,Hailee,Gutmann,uheathcote@gulgowski.info,12138353031,2014-10-04,female,http://kunze.com,http://placeimg.com/640/480/people,17595 Constance Creek Apt. 061,Tromp Mission,8053,Alycialand,71558-5614,Afghanistan,AF,-43.229145,-40.457774
819,Vida,Rath,umclaughlin@ritchie.biz,17155867298,1969-12-28,female,http://satterfield.org,http://placeimg.com/640/480/people,951 Joan Turnpike,Nathan Bypass,8437,East Wilfridburgh,30123-4133,Somalia,SO,78.357654,-4.471908
820,Evelyn,Aufderhar,wturcotte@reichel.net,19892493850,1981-01-25,female,http://vonrueden.info,http://placeimg.com/640/480/people,3261 Tad Route,Lynch Square,30353,Johannastad,11479-4780,Solomon Islands,SB,7.725637,-17.54047
821,Edison,Nicolas,cornell.feest@satterfield.net,18502176541,1993-11-29,male,http://kling.com,http://placeimg.com/640/480/people,7830 Sierra River,Hyatt Pass,566,Jeffville,24308,Malta,MT,73.050424,-4.467864
822,Adela,Bartell,marilyne15@hotmail.com,16515642844,1943-04-27,female,http://durgan.com,http://placeimg.com/640/480/people,644 Rhianna Islands Apt. 592,Rocio Spurs,5021,Danikaport,31739,St. Helena,SH,76.976533,-50.461854
823,Lavinia,DuBuque,zokuneva@kerluke.com,17857932776,1961-04-29,female,http://padberg.com,http://placeimg.com/640/480/people,81891 Rory Plains Suite 310,Powlowski Underpass,1328,Itzelshire,08640-9952,Algeria,DZ,68.735809,-88.482761
824,Lloyd,Halvorson,arturo.bednar@yahoo.com,13187166373,1946-03-04,male,http://jerde.com,http://placeimg.com/640/480/people,608 Kira Burgs,Ledner Manors,9899,Juanitafurt,60545,Cape Verde,CV,-42.334373,30.896436
825,Herminia,Champlin,harley.cormier@yahoo.com,14784705855,1984-07-23,female,http://lesch.com,http://placeimg.com/640/480/people,2768 Carroll Way Suite 817,Hammes Burg,8875,East Anastasia,35362-0858,Vanuatu,VU,-4.452437,-38.901391
826,Augustine,Wiza,echristiansen@berge.com,19714697225,1959-05-15,female,http://luettgen.biz,http://placeimg.com/640/480/people,6648 Waldo Manor Suite 509,Chadd Skyway,8565,Mosciskiton,54554-6534,Timor-Leste,TL,-68.295828,-9.47839
827,Fidel,Ferry,rkerluke@gmail.com,17549447397,1956-09-02,male,http://kulas.com,http://placeimg.com/640/480/people,759 Wintheiser Plains,Curtis Parkways,43246,Kennedyview,55284,Slovenia,SI,-67.606582,134.248333
828,Katelin,Bruen,koch.mylene@renner.com,13192032248,1971-04-11,female,http://langosh.org,http://placeimg.com/640/480/people,920 Lauriane Wells Suite 924,Morar Wells,8334,South Eastershire,97935,Gabon,GA,77.204992,-114.509363
829,Alexie,Runolfsson,aschoen@hotmail.com,19704376900,2009-10-31,male,http://becker.com,http://placeimg.com/640/480/people,614 Amina Creek,Miller Drive,5543,North Orinport,69443-8467,Kiribati,KI,-19.502994,-167.841239
830,Adonis,Pollich,annamae42@gmail.com,13518002783,1960-08-20,male,http://lynch.com,http://placeimg.com/640/480/people,44608 Fisher Ridge,Glover Brooks,955,Merlbury,33729-2391,Lesotho,LS,15.476158,-90.855398
831,Bernie,Collins,rhea23@yahoo.com,13166851707,2023-12-01,male,http://reynolds.biz,http://placeimg.com/640/480/people,8095 Kristopher Common Suite 056,Hill Summit,7221,Sterlingshire,42700,St. Vincent & Grenadines,VC,-65.473557,132.347061
832,Nelle,Trantow,katherine.hill@franecki.com,16502286967,2014-09-21,female,http://hammes.com,http://placeimg.com/640/480/people,541 Hintz Locks,Schimmel Landing,45578,Loyceton,23321,Peru,PE,-55.885868,63.098275
833,Laverna,White,skylar90@hotmail.com,13466109602,1940-03-10,male,http://huels.net,http://placeimg.com/640/480/people,22915 Moen Manors Apt. 267,Stroman Shoal,252,Lake Delmerbury,85958,Solomon Islands,SB,-76.131326,36.868303
834,Conrad,Cole,bud30@gmail.com,12698589435,2001-06-25,male,http://labadie.com,http://placeimg.com/640/480/people,17606 Kara Loaf,Christelle Street,625,Schadenchester,21775-0326,Marshall Islands,MH,-64.241447,123.974105
835,Christopher,Nicolas,bstroman@gleason.com,17123882600,1961-07-12,male,http://aufderhar.com,http://placeimg.com/640/480/people,38247 Boyer Ranch Apt. 525,Flossie Mill,19071,Wardshire,53455,Austria,AT,-38.018682,44.646271
836,Adelbert,Fadel,emoore@corkery.com,12724159866,2004-10-09,male,http://morar.com,http://placeimg.com/640/480/people,7226 Pierre Mount,Kiley Keys,88727,East Diana,60190-5151,Cyprus,CY,-51.197815,49.129652
837,Rodger,Bradtke,lparker@mclaughlin.com,12528379067,1960-12-03,male,http://sauer.info,http://placeimg.com/640/480/people,5463 Halvorson Haven,Olson Skyway,3935,Muellerburgh,75455,Rwanda,RW,-70.407587,90.743529
838,Thora,Leannon,fkrajcik@gmail.com,15412164367,1964-11-09,female,http://kub.com,http://placeimg.com/640/480/people,9155 Malika Island,Otha Spurs,44526,North Zoilaview,67467,Cameroon,CM,-44.858198,-151.500295
839,Johathan,Wunsch,egutmann@zemlak.com,15023186951,1965-11-23,male,http://keebler.net,http://placeimg.com/640/480/people,41228 Nikki Grove Suite 139,Gladys Underpass,8819,Hermanview,35552,India,IN,-53.937571,-100.850796
840,Reymundo,Leannon,rossie38@mcglynn.org,12812059882,1946-04-01,male,http://hane.net,http://placeimg.com/640/480/people,63502 Garnett Ford,Upton Bridge,8486,Kuphalbury,34656,British Indian Ocean Territory,IO,-66.525686,-7.896245
841,Cali,Walker,qernser@koepp.biz,15397685657,2006-06-21,female,http://kuhn.com,http://placeimg.com/640/480/people,6859 McDermott Harbor Suite 398,Torp Mountains,1988,Lake Rachellemouth,92017-1439,Kazakhstan,KZ,22.616657,-120.91813
842,Tyrel,Bogisich,luettgen.haylee@yahoo.com,16828743268,2020-10-07,male,http://stiedemann.biz,http://placeimg.com/640/480/people,4172 Brakus Unions Suite 474,Giovanna Hollow,4624,Trantowbury,65636,Haiti,HT,60.995834,37.727919
843,Lexus,Trantow,lavon10@donnelly.com,14124432280,2019-06-13,male,http://schumm.com,http://placeimg.com/640/480/people,1972 Davis Flats Suite 162,Neva Mission,968,Mylenestad,83478,Eritrea,ER,-51.144977,105.524029
844,Adrianna,Wisoky,ozella.waters@hotmail.com,18086753796,1937-11-02,female,http://gulgowski.com,http://placeimg.com/640/480/people,664 Ortiz Dam Suite 101,Adela Walk,88493,South Julianne,79618,Japan,JP,21.592416,128.170776
845,Twila,Rowe,zleannon@gmail.com,17857541603,1999-06-01,female,http://fritsch.com,http://placeimg.com/640/480/people,811 Annabelle Hill Suite 163,Ezequiel Knoll,7939,Cassinside,19512,São Tomé & Príncipe,ST,54.947365,-134.13069
846,Kaycee,Runolfsson,edibbert@schmidt.com,14842398535,1951-10-10,female,http://lehner.com,http://placeimg.com/640/480/people,86269 Guido Hill Apt. 771,Westley Canyon,949,Harmonybury,51760,Barbados,BB,26.604158,154.988761
847,Theresa,Renner,fgutkowski@walker.org,18568191472,2006-10-20,female,http://larson.com,http://placeimg.com/640/480/people,16779 Stan Walks,Johnston Glen,46155,New Elenorabury,69589-9064,Bangladesh,BD,-28.643961,130.098772
848,Jerrell,Crona,travon.cremin@yahoo.com,16298782137,2011-12-11,male,http://blanda.info,http://placeimg.com/640/480/people,82508 Wanda Summit Apt. 166,Jast Mills,991,Wiegandmouth,63753,Namibia,NA,42.15056,44.82838
849,Jakob,King,nina24@hotmail.com,15513628269,2017-11-18,male,http://lesch.org,http://placeimg.com/640/480/people,4354 Glenda Creek Suite 192,Collins Plains,311,South Reedville,37392,Saudi Arabia,SA,-85.805901,-124.525583
850,Ken,O'Hara,yfritsch@gmail.com,18283128680,1951-04-27,male,http://corwin.org,http://placeimg.com/640/480/people,46638 Hintz Island Apt. 489,Schmitt Villages,834,East Santina,61448,Azerbaijan,AZ,18.318544,121.407265
851,Ricardo,Sipes,faustino.funk@yahoo.com,15864615616,2003-09-07,male,http://barrows.com,http://placeimg.com/640/480/people,70449 O'Connell Greens Apt. 260,Domenic Wells,70907,Lake Lisettefort,04293,Bosnia & Herzegovina,BA,24.631242,143.477329
852,Diana,Weimann,ybaumbach@hotmail.com,18703543408,2006-12-14,female,http://conn.com,http://placeimg.com/640/480/people,17155 Pollich Valleys,Russel Summit,84736,Cruickshankville,05744,Bosnia & Herzegovina,BA,9.380994,175.276869
853,Carleton,Hintz,lucious.beahan@yahoo.com,18329918056,1942-03-24,male,http://prohaska.com,http://placeimg.com/640/480/people,88148 Renee Inlet Suite 632,Issac Bypass,357,New Adeleview,85157-2740,Norway,NO,-21.556692,-79.685867
854,Issac,Cormier,dovie40@oberbrunner.com,17209818657,1988-12-18,male,http://terry.com,http://placeimg.com/640/480/people,7741 Thompson Ferry Apt. 898,Miles Lake,90619,Bernhardville,48857,Cambodia,KH,2.514613,-58.607284
855,Everett,Oberbrunner,shirley.yost@cremin.com,16106276933,1944-12-23,male,http://murazik.org,http://placeimg.com/640/480/people,5809 Kihn Terrace Suite 501,Judah Flats,37590,Aaronstad,35598-4553,Grenada,GD,34.093926,169.552638
856,Jayda,Nikolaus,padberg.scarlett@crona.com,15175758646,1991-06-10,female,http://grady.net,http://placeimg.com/640/480/people,14027 Queen Wells,Tate Square,477,Hahnfort,69199-7451,Qatar,QA,86.433746,-135.033076
857,Leila,Glover,kiel72@vonrueden.com,19305709987,2012-12-20,female,http://dibbert.org,http://placeimg.com/640/480/people,37704 Junior Circle Suite 118,Kassulke Bypass,733,Strackestad,09968-3356,St. Pierre & Miquelon,PM,-17.428806,-122.412989
858,Edwardo,Wunsch,lauryn.nolan@hotmail.com,18383070445,1989-05-25,male,http://hackett.biz,http://placeimg.com/640/480/people,4540 Pierce River,Lexus Crest,17180,Heaneyview,14213-7986,Curaçao,CW,-4.694667,-69.441834
859,Raheem,Thompson,spencer.haag@kshlerin.com,19515793010,1956-10-19,male,http://runolfsson.com,http://placeimg.com/640/480/people,83468 Herzog Viaduct,Ethyl Views,601,Rafaelaton,24592-2227,Cuba,CU,-8.817014,78.105343
860,Savion,Bechtelar,pedro36@hotmail.com,16672524484,2017-05-07,male,http://hansen.org,http://placeimg.com/640/480/people,5622 Bogisich Orchard Suite 657,Stracke Turnpike,918,Lake Todport,18721-8955,Guadeloupe,GP,-48.317882,97.219935
861,Gregoria,Streich,tjerde@yundt.info,14452319962,1969-01-30,female,http://hodkiewicz.net,http://placeimg.com/640/480/people,36033 Aylin Branch,Catalina Lakes,555,Gloverville,89256,Sudan,SD,25.640342,163.58578
862,Chris,Bahringer,zaria11@gmail.com,15748800361,2024-12-10,male,http://bahringer.com,http://placeimg.com/640/480/people,46241 Kozey Ports,Dagmar Trail,35338,Strackeberg,97025,Central African Republic,CF,-8.350578,-113.828524
863,Jewell,Towne,zoie06@gmail.com,12066214826,2017-03-02,female,http://schulist.com,http://placeimg.com/640/480/people,3727 Lucile Court Apt. 132,Christina Radial,57569,Lake Janisborough,94857-4817,Montserrat,MS,85.298322,-13.55584
864,Scottie,Connelly,paul.sipes@jacobs.com,15755452809,1949-12-17,male,http://mcglynn.com,http://placeimg.com/640/480/people,118 Lesch Vista,Williamson Crescent,852,North Martine,04883,Dominican Republic,DO,-76.279215,-128.656355
865,Mariane,Murazik,ustehr@yahoo.com,19297045269,2007-08-20,female,http://schiller.com,http://placeimg.com/640/480/people,45844 Erwin Mission Apt. 769,Nikki Inlet,5211,South Carlottaville,30425-6845,Malaysia,MY,-79.550519,-149.73622
866,Fabiola,O'Kon,vbailey@gmail.com,15416170396,1939-01-16,female,http://schimmel.com,http://placeimg.com/640/480/people,13196 Anita Lodge,Parisian Tunnel,49774,Yosthaven,82101,Germany,DE,79.740921,-14.604115
867,Marley,Kuvalis,shammes@hotmail.com,13857020914,1953-11-14,male,http://leffler.com,http://placeimg.com/640/480/people,489 Berge Meadow Suite 703,Pink Rapids,98259,Streichchester,99376-4945,Panama,PA,-60.262019,-173.058792
868,Jana,Stamm,qgreenfelder@yahoo.com,13218173250,1955-12-31,female,http://skiles.com,http://placeimg.com/640/480/people,68019 Morissette Plains,Destinee Village,16117,Vandervortmouth,69670-1334,Dominican Republic,DO,-33.602114,-27.404911
869,Chad,Ratke,tullrich@johnson.com,16609999054,1985-12-03,male,http://kling.info,http://placeimg.com/640/480/people,63531 Johnpaul Island,Sanford Corners,4551,Lake Neilmouth,99969,Grenada,GD,69.758229,139.354497
870,Alexandro,Bode,runolfsson.helene@yahoo.com,16149775663,1955-07-26,male,http://schumm.net,http://placeimg.com/640/480/people,623 Dayne Hill,Issac Drive,24640,Lake Tatyana,44941,Belize,BZ,-29.825431,20.513802
871,Jazlyn,Hartmann,windler.eda@gmail.com,18166327045,2017-12-04,female,http://kutch.com,http://placeimg.com/640/480/people,5044 Sipes Corner Suite 233,Moen Path,4338,New Nellaview,12157,Venezuela,VE,-65.981319,-34.50122
872,Fred,Donnelly,hayes.deja@leffler.com,12518323975,2012-02-19,male,http://dare.com,http://placeimg.com/640/480/people,232 Susanna Flats Apt. 018,Nakia Ridges,3824,Schulistville,85917-0135,Australia,AU,-79.888352,35.329869
873,Zane,Collier,nadia31@yundt.com,15719216207,1940-09-18,male,http://leannon.com,http://placeimg.com/640/480/people,67768 Isabell Mall Apt. 149,Gabriella Center,9659,Lake Winston,77691-3219,Puerto Rico,PR,15.336195,-3.257503
874,Kasey,Von,koss.werner@baumbach.biz,16368356631,1955-02-23,female,http://hansen.com,http://placeimg.com/640/480/people,171 Ortiz Prairie Suite 482,Emely Land,2853,West Candicefort,36509-9160,Liechtenstein,LI,44.760865,103.851665
875,Brice,Orn,vschulist@yahoo.com,16829571154,2020-06-27,male,http://nader.org,http://placeimg.com/640/480/people,41880 Kristy Plains Apt. 963,Schuster Port,2223,North Mathildeton,04192-3447,Senegal,SN,-42.702857,-102.204876
876,Barton,Hagenes,lonzo.williamson@mayer.biz,14016603899,2024-06-27,male,http://west.com,http://placeimg.com/640/480/people,79415 Doyle Fall,Larissa Lock,29878,Sawaynland,48960-1450,Nigeria,NG,-23.674937,25.849747
877,Georgianna,Ernser,vernie.keeling@volkman.info,12523532003,2010-10-06,female,http://hermiston.com,http://placeimg.com/640/480/people,7424 Hershel Ports,Makenna Pike,2707,McClureview,39852-8510,Australia,AU,-16.60823,94.354346
878,Christa,Herzog,luigi.hartmann@durgan.org,19205670348,2001-08-27,female,http://harvey.com,http://placeimg.com/640/480/people,14917 Kiehn Center Apt. 236,Muller Bridge,7121,Margarettebury,41684-1841,Bermuda,BM,76.274919,101.929272
879,Conrad,Schaefer,guido47@buckridge.com,14637001204,2003-01-08,male,http://kilback.biz,http://placeimg.com/640/480/people,119 Sporer Ridges Apt. 605,Spencer Port,997,Adamshaven,53779,Réunion,RE,72.695601,-4.742231
880,Marc,Kassulke,cole.dino@tremblay.net,18306596488,1976-03-26,male,http://gutkowski.com,http://placeimg.com/640/480/people,8343 Lakin Mountains Apt. 326,Gusikowski Dam,64451,Agnesville,42034,Mauritania,MR,-21.184221,18.03842
881,Maia,Vandervort,eva62@feeney.com,17623953815,1985-07-08,female,http://beatty.com,http://placeimg.com/640/480/people,8002 Wolff Terrace Suite 257,Gottlieb Turnpike,407,Elveraburgh,08882,Tunisia,TN,-20.774632,-99.732878
882,Marquise,Marvin,evans77@runte.com,16894571839,2002-10-15,female,http://bartoletti.org,http://placeimg.com/640/480/people,400 Janae Garden,Wunsch Lodge,8626,Johnsville,31404-5858,Türkiye,TR,-83.134697,11.388925
883,Keyshawn,Hammes,gracie.johnson@emmerich.com,16697222980,1998-07-21,male,http://schowalter.net,http://placeimg.com/640/480/people,403 Alvis Circle Suite 214,Dickinson Station,393,West Columbusfurt,71897,Guyana,GY,48.530953,139.363922
884,Ernie,Rogahn,itreutel@hotmail.com,19528440449,1942-07-28,male,http://conroy.com,http://placeimg.com/640/480/people,894 Tianna Wall Suite 875,Jermain Garden,901,East Russelburgh,47077,Guatemala,GT,-58.4082,-90.933131
885,Merlin,Pacocha,roob.gideon@olson.org,17744510488,1951-03-13,male,http://huel.biz,http://placeimg.com/640/480/people,2224 Daisy Centers Suite 827,Janae Canyon,84123,Port June,74855-0440,Sudan,SD,-79.417987,-87.048212
886,Donnell,Schamberger,lupe88@hotmail.com,14802792708,2004-02-15,male,http://renner.com,http://placeimg.com/640/480/people,34610 Little Port Apt. 164,Hintz Stravenue,6733,Veumburgh,40048,New Caledonia,NC,38.549793,111.033036
887,Robin,Stiedemann,rhea.mcglynn@gmail.com,18484457110,1989-07-22,male,http://vonrueden.com,http://placeimg.com/640/480/people,522 Otis Path,Kenton Loop,638,Altenwerthmouth,82945-5570,Poland,PL,35.653024,-100.811873
888,Orie,Green,altenwerth.jeffery@ferry.com,12604960883,1972-08-16,female,http://nader.com,http://placeimg.com/640/480/people,7357 Kendrick Port Suite 039,Alanna Heights,8181,New Shanon,17526-1669,Montenegro,ME,33.21384,119.942931
889,Karlee,Nikolaus,altenwerth.immanuel@hotmail.com,13254270161,2000-02-07,female,http://koss.org,http://placeimg.com/640/480/people,7724 Javon Square Apt. 206,Lindgren Ford,2400,Port Mosheland,12551,Ecuador,EC,68.0392,87.363254
890,Jonatan,Blanda,vandervort.bradley@klein.info,15596902098,1968-11-24,male,http://dubuque.info,http://placeimg.com/640/480/people,7739 Erdman Spring Suite 893,Lola Ports,119,Heidenreichshire,59674-5588,Côte d’Ivoire,CI,30.68431,-160.147541
891,Lorena,Eichmann,dhackett@yahoo.com,17478412367,1990-12-31,female,http://durgan.info,http://placeimg.com/640/480/people,91020 Shea Wall Suite 349,Maegan Pines,5422,Haskellstad,83282,Cambodia,KH,28.123972,106.491145
892,Alena,Oberbrunner,nkoepp@gmail.com,19079297000,1998-11-21,female,http://abbott.info,http://placeimg.com/640/480/people,29766 Lelah Ferry,Ankunding Highway,49580,Kirlinside,32357,Bahrain,BH,59.82828,-171.153689
893,Toby,Stiedemann,schamberger.janice@morar.biz,15866036108,1967-10-28,male,http://damore.info,http://placeimg.com/640/480/people,97482 Wilburn Locks,Ike Lakes,97263,Port Othaburgh,75916-1882,Guinea,GN,-34.640367,-37.038491
894,Ariane,Ondricka,karolann54@hills.com,12283263628,1940-03-15,female,http://boehm.com,http://placeimg.com/640/480/people,1711 Lehner Walks,Schuppe Forge,169,Lake Bobbiebury,56696-0481,New Zealand,NZ,68.23306,-75.895006
895,Daniela,Roberts,hane.alford@schneider.org,17576450542,2018-11-26,female,http://walter.com,http://placeimg.com/640/480/people,679 Kieran Freeway Apt. 736,Lemke Street,4939,Bogisichfort,68893,Cocos (Keeling) Islands,CC,-83.791477,-84.16245
896,Destany,Dickinson,lura00@sauer.com,16062415781,1951-01-14,female,http://huels.net,http://placeimg.com/640/480/people,208 Sigrid Row,Kozey Lodge,3153,Natashaton,29842-9956,New Caledonia,NC,50.708195,-28.449713
897,Anne,Goyette,reinger.esther@gmail.com,18204710966,1982-02-20,female,http://romaguera.com,http://placeimg.com/640/480/people,4353 Bosco Extensions Apt. 635,Streich Oval,87388,Obieberg,55345,Afghanistan,AF,-69.331901,-66.203078
898,Leta,Kuhn,ebechtelar@yahoo.com,17024386361,2020-11-08,female,http://ohara.biz,http://placeimg.com/640/480/people,3209 Willow Bridge,Layla Highway,1099,Schmelermouth,85176,Canada,CA,82.249668,-5.0388
899,Chyna,Bashirian,pdoyle@gmail.com,13205177694,1954-04-05,female,http://schultz.info,http://placeimg.com/640/480/people,934 Dicki Cape Apt. 694,Susana Flat,43337,New Dave,68522-7521,Hong Kong SAR China,HK,-52.677223,40.01571
900,Rick,Barton,bianka21@gmail.com,14244903145,2012-04-06,male,http://rempel.net,http://placeimg.com/640/480/people,97623 Considine Squares Suite 726,Conn Harbor,65530,Thadtown,83156-0465,France,FR,26.195423,73.662882
901,Madyson,McLaughlin,clinton69@ondricka.com,14348251348,2000-09-19,male,http://denesik.org,http://placeimg.com/640/480/people,66941 Kreiger Throughway,West Inlet,5205,Reillybury,41347-8625,St. Pierre & Miquelon,PM,-41.137567,-59.629535
902,Dane,Kuvalis,schimmel.jonathon@hotmail.com,17248654780,1952-01-05,male,http://grant.com,http://placeimg.com/640/480/people,24638 Witting Causeway,Ophelia Squares,2448,South Zane,63582-5258,Netherlands,NL,52.114152,102.745003
903,Shayne,Larkin,xokeefe@wintheiser.com,17819777391,1945-04-02,male,http://hane.com,http://placeimg.com/640/480/people,973 Heidenreich Hill,Johnston Village,1303,Hahnport,91038-8462,Mongolia,MN,-41.898764,155.027612
904,Korbin,Beatty,fadel.alberto@medhurst.com,16575536595,1986-08-05,male,http://wunsch.com,http://placeimg.com/640/480/people,69898 Schaefer Burg,Zemlak Forges,78686,New Kareem,27181-3295,China,CN,-41.863762,-115.948522
905,Ismael,Borer,skeeling@yahoo.com,18547544942,1978-07-08,male,http://ritchie.com,http://placeimg.com/640/480/people,7181 Emilio Square Apt. 783,Althea Plain,909,East Benniefurt,65096-9167,Colombia,CO,88.753517,12.340931
906,Priscilla,Lowe,zander.barrows@yahoo.com,13189831084,2018-10-02,female,http://casper.com,http://placeimg.com/640/480/people,4319 Bartoletti Park,Barton Mews,8103,Lake Deronchester,84777,Greece,GR,38.288959,-36.13108
907,Maddison,Waelchi,tboyle@abernathy.com,15635826873,1983-12-25,female,http://simonis.com,http://placeimg.com/640/480/people,6629 Beier Isle Apt. 039,Carter Cove,90839,Gutmannstad,87237-5824,Cameroon,CM,61.869536,-61.177035
908,Derek,Schimmel,thora.buckridge@hermiston.com,14354104022,1940-01-13,male,http://ernser.org,http://placeimg.com/640/480/people,7692 Cedrick Greens,Fay Hill,22988,Port Cadebury,81448-5349,Tokelau,TK,-43.396543,-44.047429
909,Jakayla,Okuneva,nedra.sauer@kuhic.org,15305662965,1960-02-25,female,http://ebert.info,http://placeimg.com/640/480/people,701 Jacobs Route Apt. 488,Vivienne Fort,97429,Bahringerville,08735-2893,Svalbard & Jan Mayen,SJ,-9.421849,125.555772
910,Hunter,Jast,kuhlman.carley@crona.com,13256431887,2023-12-10,male,http://stamm.com,http://placeimg.com/640/480/people,9627 Melvin Mount Suite 291,Predovic Divide,677,Roobstad,07627-4758,Lebanon,LB,-76.106356,87.42864
911,Makenzie,Abshire,robbie.wisoky@white.com,16806090603,2001-01-16,female,http://kihn.biz,http://placeimg.com/640/480/people,79062 Magnus Plains,Ralph Field,2833,New Marlon,99691-3212,Mayotte,YT,51.319204,107.803814
912,Ethel,Rippin,eva.frami@davis.com,16297874573,2004-10-23,male,http://lesch.com,http://placeimg.com/640/480/people,26737 Johnnie Forest Suite 854,Vladimir Hill,597,Roslynmouth,51003-3133,North Korea,KP,-13.402156,121.168632
913,Delphia,Monahan,okoepp@koch.org,14583140864,1950-07-07,female,http://hamill.com,http://placeimg.com/640/480/people,9264 Caden Turnpike Suite 590,Jenkins Harbor,170,New Eddie,27444-8221,Cocos (Keeling) Islands,CC,1.342374,54.786254
914,Lottie,Fadel,kenyon68@hotmail.com,18632775139,2025-10-30,female,http://satterfield.net,http://placeimg.com/640/480/people,3413 Hill Pine Apt. 421,Rowe Club,59063,East Alaynaview,11616,Guinea-Bissau,GW,50.232099,-82.525852
915,Luis,Williamson,diego.raynor@gmail.com,15312405378,1954-06-27,male,http://weissnat.com,http://placeimg.com/640/480/people,796 Emard Alley,Larson Junctions,62323,East Collinville,23219,Liberia,LR,-88.069756,-162.07684
916,Sammie,Hilpert,estevan34@hotmail.com,12813812525,1939-06-12,male,http://lebsack.com,http://placeimg.com/640/480/people,31835 Terence Turnpike Suite 805,Ronny Locks,2212,Purdyland,70970-2976,Mongolia,MN,22.979962,171.515912
917,Anne,Okuneva,upton.cathryn@gmail.com,15164494808,1939-06-27,female,http://bailey.info,http://placeimg.com/640/480/people,1073 Leuschke Point,Tillman Neck,675,Granvillestad,32060-0794,Andorra,AD,-23.353285,15.55303
918,Abraham,Champlin,darryl28@yahoo.com,15406608022,1982-03-30,male,http://simonis.biz,http://placeimg.com/640/480/people,91729 Faustino Mill,Goldner Oval,445,Scottyhaven,65931-7495,Mozambique,MZ,59.408655,-53.094345
919,Dedric,Mante,lnitzsche@nitzsche.com,16516657187,1970-04-27,male,http://volkman.com,http://placeimg.com/640/480/people,5287 Gaetano Cliff,Spencer Via,46142,Diannaport,66026,Pitcairn Islands,PN,-55.428147,78.791756
920,Geovanni,Marquardt,brandon55@kuhlman.com,12562503475,1998-07-04,male,http://harber.com,http://placeimg.com/640/480/people,687 Bosco Pine Suite 711,Angus Lodge,89329,Schillerbury,58134-8129,Tunisia,TN,36.411032,-99.11924
921,Reid,Kessler,kenyatta.kuhn@rosenbaum.com,19285638015,2006-02-25,male,http://marvin.info,http://placeimg.com/640/480/people,1433 Kiehn Row Apt. 577,Lilla Ridge,34987,West Hirammouth,16580,New Caledonia,NC,23.253463,-146.598235
922,Brody,Wolf,vkulas@larkin.net,19869291849,1962-01-19,male,http://beier.info,http://placeimg.com/640/480/people,3535 Frederik Meadow,Dicki Way,17937,Lake Monty,51879,Congo - Brazzaville,CG,5.434303,132.537436
923,Novella,Stoltenberg,leuschke.jadyn@hotmail.com,17698622750,2013-03-24,female,http://collins.net,http://placeimg.com/640/480/people,1606 King Roads Apt. 183,Orin Falls,27607,New Lurastad,96337-7813,Norfolk Island,NF,-89.780008,-82.263341
924,Reina,Tromp,abshire.eileen@hotmail.com,14406095384,2012-07-30,female,http://yost.com,http://placeimg.com/640/480/people,1296 Tromp Rue,Leffler Squares,19544,Pollichmouth,08520-8746,Guam,GU,-50.970234,13.867351
925,Kamren,Williamson,ines65@yahoo.com,16789413398,1977-01-07,male,http://cremin.com,http://placeimg.com/640/480/people,957 Yasmin Drives Suite 666,Tyrell Mews,519,New Liaberg,16592,Cambodia,KH,-37.070634,169.505877
926,Raheem,Koelpin,reichel.sid@ortiz.org,12679708748,2022-06-27,male,http://strosin.com,http://placeimg.com/640/480/people,83875 Adams Fords,Agustin Loaf,124,East Ocie,97012-9922,Micronesia,FM,-33.053449,36.670229
927,Marina,Hirthe,sheridan.jones@bechtelar.net,17542835600,2022-09-14,female,http://spencer.biz,http://placeimg.com/640/480/people,347 Micah Tunnel,Hudson Overpass,74162,Watersland,32300,New Zealand,NZ,39.053893,-134.580194
928,Hettie,Gutmann,oconnell.madilyn@gmail.com,15395427241,1977-10-27,female,http://runolfsdottir.com,http://placeimg.com/640/480/people,846 Brock Locks,Terry Pine,6376,D'Amoremouth,95308-0389,Falkland Islands,FK,-38.600651,-155.073374
929,Ewald,Lesch,emmet29@hotmail.com,12398674997,2014-02-23,male,http://hoeger.com,http://placeimg.com/640/480/people,98170 Elisha Burgs Apt. 043,Brant Extension,22415,New Alphonsoside,51224,Pakistan,PK,76.716156,63.449355
930,Willow,Ankunding,waelchi.gia@greenfelder.com,12769246238,1996-10-24,female,http://kertzmann.org,http://placeimg.com/640/480/people,7459 Herzog Circle,Jenkins Plains,776,West Camryn,12897,Guinea-Bissau,GW,69.067778,74.13667
931,David,Ortiz,harmony62@will.com,14085035318,1947-02-08,male,http://littel.com,http://placeimg.com/640/480/people,981 Cordell Mount Apt. 393,Cruickshank Trail,1794,West Mozelltown,30214-1692,Bhutan,BT,-30.182272,98.318172
932,Gennaro,Stokes,wanda66@yahoo.com,13518136594,1941-05-21,male,http://schinner.com,http://placeimg.com/640/480/people,651 Wunsch Isle,Liza Vista,197,Dashawnshire,00723,Wallis & Futuna,WF,61.535565,-76.600095
933,Berniece,Durgan,wisozk.beatrice@rodriguez.org,12486497607,1998-05-29,female,http://stehr.info,http://placeimg.com/640/480/people,667 Tromp Squares,Grady Inlet,435,South Lenore,82264-3015,Saudi Arabia,SA,-44.189918,-48.480406
934,Shakira,Littel,fay.barrows@kunze.com,16129315451,1957-03-23,female,http://barrows.com,http://placeimg.com/640/480/people,81410 Volkman Forges,Connelly Plains,3518,Gutkowskibury,54174-5680,Canada,CA,49.911213,7.910906
935,Celia,Huel,eryn.treutel@gmail.com,19496003712,2019-04-24,female,http://green.com,http://placeimg.com/640/480/people,88620 Parisian Course,Sonny Drives,53101,West Tyrese,19835-7917,French Southern Territories,TF,-84.655824,-155.578635
936,Aidan,Reichel,boehm.helen@gmail.com,13048091901,2003-04-22,male,http://haley.com,http://placeimg.com/640/480/people,307 Maximilian Street,Cicero Square,3680,Ulisesberg,40070-2957,Panama,PA,15.234007,-54.822439
937,Javonte,Simonis,ohane@rempel.com,18286294684,2022-05-05,male,http://funk.com,http://placeimg.com/640/480/people,671 Rosenbaum Plains,Clemens Junctions,195,Alejandrinmouth,15031,Ecuador,EC,-51.988241,36.44114
938,Darien,Hoeger,constantin.watsica@yahoo.com,17082994577,1941-02-06,male,http://ziemann.com,http://placeimg.com/640/480/people,5281 Wilhelmine Mountains,Suzanne Turnpike,8147,East Audreyton,33852,Cayman Islands,KY,-68.154483,-149.144424
939,Sid,Rice,satterfield.mikel@gmail.com,18486839862,1965-02-13,male,http://grady.org,http://placeimg.com/640/480/people,5305 Renner Orchard Suite 785,Malachi Mountains,3920,Rauport,18637-4259,Equatorial Guinea,GQ,-37.400012,39.66312
940,Flo,Powlowski,karolann.nikolaus@halvorson.biz,14044714994,1976-11-08,female,http://kreiger.com,http://placeimg.com/640/480/people,4469 Quinten Village Apt. 794,Lowe Cape,998,South Neal,64062-2069,Estonia,EE,78.237063,-162.201923
941,Anne,Wintheiser,clay70@yahoo.com,12676027224,1993-01-02,female,http://durgan.info,http://placeimg.com/640/480/people,782 Mraz Road Apt. 656,Herman Walks,7604,Runtefort,98650-4066,Zambia,ZM,41.833728,76.288673
942,Eugenia,Rippin,torp.earnest@hotmail.com,16819791364,1963-09-21,female,http://kuhic.org,http://placeimg.com/640/480/people,8857 Torp Ford Suite 154,Mosciski Crossroad,584,Lake Tommieland,28241,Cayman Islands,KY,-86.068513,-106.599224
943,Megane,Botsford,ferry.gianni@mcclure.com,16678166146,2001-09-20,female,http://breitenberg.biz,http://placeimg.com/640/480/people,4421 Cathryn Ridges Apt. 104,Emma Avenue,9895,Lindgrenfurt,81682-0216,United Arab Emirates,AE,74.593245,-126.087503
944,Ramiro,Anderson,scarroll@hotmail.com,12247131872,1955-08-05,male,http://sporer.com,http://placeimg.com/640/480/people,5092 Wintheiser Square,Zackery Mall,69480,New Isabellberg,26728,Serbia,RS,-60.793578,17.001375
945,Halie,Romaguera,lstamm@greenfelder.com,13852906138,1966-09-24,female,http://welch.net,http://placeimg.com/640/480/people,8811 Manley Circle Apt. 628,Fay Springs,8911,Gloverton,65655,Romania,RO,-89.408573,-158.761617
946,Ruthie,Thiel,loraine.douglas@haley.com,16095664157,2006-08-14,female,http://hirthe.com,http://placeimg.com/640/480/people,11805 Marianna Walks,Rempel Street,994,Jarenchester,64457-0396,Estonia,EE,-79.342756,-119.502719
947,Laron,West,orn.julia@muller.info,18456072861,1969-06-13,male,http://nikolaus.com,http://placeimg.com/640/480/people,9130 Romaguera Highway,Jade Junction,8330,Kamrenfort,90774-9671,Argentina,AR,47.100988,123.214776
948,Karianne,Runte,stefanie.mills@gmail.com,12202926768,1953-12-02,female,http://kuhic.com,http://placeimg.com/640/480/people,5142 Toy Ports,Electa Center,420,Neomaland,15404,Burkina Faso,BF,-14.761089,61.452004
949,Hellen,Lowe,auer.carmel@fadel.com,14587275148,2014-06-09,female,http://bernhard.biz,http://placeimg.com/640/480/people,414 Grady Spring Suite 396,Broderick Courts,48094,New Karlborough,23493,Ecuador,EC,12.579988,75.527794
950,Cordelia,Moen,sam.keeling@mosciski.net,12392520256,1974-05-10,male,http://farrell.net,http://placeimg.com/640/480/people,4052 Tromp Fort Apt. 311,Maria Pines,8289,Rylanshire,96737-1719,Honduras,HN,43.393095,2.051067
951,Jaquelin,Kulas,rschumm@yahoo.com,19719217298,1994-12-22,female,http://deckow.com,http://placeimg.com/640/480/people,8256 Eusebio Fort,Mante Overpass,5882,Kuhnstad,58223,Comoros,KM,-62.221494,-22.367011
952,Alfonso,Daniel,hudson.oswald@durgan.com,15734652476,1989-12-13,male,http://crooks.com,http://placeimg.com/640/480/people,81526 Wilkinson Tunnel Suite 402,Runolfsdottir Plaza,73795,Trevionhaven,88694,Indonesia,ID,-29.75729,-96.70224
953,Therese,Fritsch,brianne67@crona.org,18709865907,1996-11-04,female,http://mraz.biz,http://placeimg.com/640/480/people,2916 Johns Meadows Apt. 841,Mante Summit,3655,Boganside,64843,Trinidad & Tobago,TT,-68.348209,-43.882338
954,Mckenzie,Wintheiser,ahmad.keeling@gmail.com,13395176206,1967-11-08,male,http://kuphal.com,http://placeimg.com/640/480/people,6597 Rosemarie Crescent,Legros Point,533,Jazmynemouth,00350,Bangladesh,BD,35.916103,158.099165
955,Easter,Beer,pedro01@gmail.com,18136474659,1950-09-24,male,http://stanton.com,http://placeimg.com/640/480/people,42882 Lavina Plains,Giovanni Lake,8384,Lake Gracie,75242,Liechtenstein,LI,12.559249,118.196293
956,Enrico,Grady,zturner@hotmail.com,12057231883,2025-01-30,male,http://schiller.net,http://placeimg.com/640/480/people,30381 Abbott Mount,Hayley Loaf,252,West Kiara,70140,Ukraine,UA,-55.688685,139.666053
957,Vincenza,Collins,lavern.sanford@ortiz.com,13529986017,2004-10-21,female,http://konopelski.com,http://placeimg.com/640/480/people,789 Jacinthe Gardens Apt. 901,Morgan Tunnel,31543,Nolanfurt,80995,Czechia,CZ,-60.334164,102.811201
958,Breanna,Rippin,asporer@botsford.com,13859343289,2021-04-16,female,http://paucek.com,http://placeimg.com/640/480/people,6878 Nichole Square,Ida Lights,32521,South Juston,92047-4126,Isle of Man,IM,19.270605,-102.110471
959,Monserrat,Metz,stracke.emmanuelle@hotmail.com,16196782342,1952-01-04,male,http://feil.com,http://placeimg.com/640/480/people,55293 Edgar Knolls,Altenwerth Streets,3729,New Americochester,73326-4059,Burundi,BI,-59.463459,98.287468
960,Hiram,Reynolds,king71@lind.biz,15642555539,1937-09-11,male,http://crona.com,http://placeimg.com/640/480/people,308 Borer Wells,Fritz Extensions,309,North Enriqueland,35269-8459,Réunion,RE,83.319429,134.739606
961,Alanna,Maggio,iparker@leuschke.net,12342544970,2018-01-10,female,http://okon.com,http://placeimg.com/640/480/people,686 Stanton Bridge,Sawayn Cliff,548,Sophiamouth,77621,Czechia,CZ,-24.483224,-148.425027
962,Herminio,Okuneva,sleuschke@russel.com,14692712812,2001-07-13,male,http://von.com,http://placeimg.com/640/480/people,8786 Turner Course,Lora Landing,691,Abrahamfurt,46989-0274,Kiribati,KI,-27.864249,92.760176
963,Hettie,Schmitt,rickey.mckenzie@hotmail.com,17436397821,1975-09-24,female,http://hansen.com,http://placeimg.com/640/480/people,901 Emard Fort,Johnston Throughway,7818,West Bobbieville,84690-3683,Niue,NU,-73.840008,157.105553
964,Isabel,Stehr,ckerluke@hotmail.com,14583400308,1943-12-20,female,http://oberbrunner.net,http://placeimg.com/640/480/people,4826 Winston Junctions,O'Conner Prairie,376,South Annamarie,99301,Mexico,MX,40.962445,149.562444
965,Dessie,Wunsch,reinger.ernestine@gmail.com,17023738463,1963-07-22,female,http://ryan.org,http://placeimg.com/640/480/people,86170 Kemmer Street,Elissa Ridge,798,Champlinfurt,20218,St. Barthélemy,BL,-14.989893,-126.201742
966,Casper,Hammes,ghodkiewicz@yahoo.com,17627373019,1960-10-14,male,http://sipes.com,http://placeimg.com/640/480/people,9335 Bartoletti Rue Suite 296,Fabian Prairie,53416,Lake Jeanneview,33452-9528,Zambia,ZM,-50.056645,40.108237
967,Gina,Mueller,lia.lakin@hotmail.com,14589710399,1973-04-13,female,http://lind.com,http://placeimg.com/640/480/people,71145 Easton Viaduct Apt. 560,Gerard Throughway,42065,Dannyville,28714-1989,Namibia,NA,74.418503,135.500198
968,Amparo,Quigley,glen.berge@hotmail.com,12626124139,1957-10-31,male,http://wintheiser.info,http://placeimg.com/640/480/people,25547 Schulist Estate Apt. 544,Celestine Burg,15554,Thompsonport,11778-5014,Ireland,IE,82.977372,-84.512738
969,Wilhelm,Kris,king.jerrell@hotmail.com,12623348203,1980-11-20,male,http://tillman.info,http://placeimg.com/640/480/people,47874 Metz Village Suite 996,Bechtelar Harbor,998,South Floyd,33018-8438,French Guiana,GF,76.797501,-105.057303
970,Price,Harber,adelia35@gmail.com,19717693920,1980-11-27,male,http://langosh.com,http://placeimg.com/640/480/people,514 Swaniawski View,Bauch Locks,889,Delmerhaven,48518,Nauru,NR,-29.263661,35.428676
971,Jevon,Collins,arvel70@walter.com,13869135516,1996-06-06,male,http://graham.com,http://placeimg.com/640/480/people,26748 Camron Ridge Suite 645,Lourdes Mill,8616,South Brenna,67753-8650,Georgia,GE,-66.38171,-128.99288
972,Sincere,Harber,reinger.fredy@huel.com,17606769969,2002-08-12,female,http://frami.com,http://placeimg.com/640/480/people,840 Isabel Field,Eldon Course,42419,Thoratown,12799-2336,Dominica,DM,-7.718093,178.411829
973,Braeden,Harris,jonas14@yahoo.com,17574101705,2022-10-18,male,http://ullrich.com,http://placeimg.com/640/480/people,8505 Marcus Ways,Kaleigh Turnpike,8027,Bechtelarview,79020-0412,Vietnam,VN,3.17056,31.891675
974,Madison,Cassin,henderson11@kovacek.com,13392717908,2021-11-07,male,http://weissnat.net,http://placeimg.com/640/480/people,3503 Lorna Path Apt. 352,Keshaun Route,8738,New General,04666-8771,Oman,OM,50.871541,-92.591328
975,Schuyler,Block,bradly39@gmail.com,13179742443,2002-03-28,male,http://rau.com,http://placeimg.com/640/480/people,45839 Anne Garden,Roberts Causeway,5275,Tierraberg,10479-6991,Netherlands,NL,-89.518474,121.945402
976,Katrina,Schoen,krunolfsdottir@mccullough.com,15719586400,1966-07-02,female,http://dare.info,http://placeimg.com/640/480/people,40118 Cary Light,Jeremie Inlet,80558,North Adellamouth,58872-9209,Martinique,MQ,-56.314237,46.795877
977,Amara,Wilderman,afunk@olson.com,17069818186,1944-10-05,female,http://johnston.com,http://placeimg.com/640/480/people,4582 Larissa Drive,Lonie Junctions,61503,Deronfurt,89217,South Georgia & South Sandwich Islands,GS,-82.36066,-108.754099
978,Ciara,Cartwright,charley.okuneva@hermann.com,17855184092,1998-07-23,female,http://larson.biz,http://placeimg.com/640/480/people,7100 Ephraim Harbors Suite 967,Telly Burg,6008,Mertzhaven,76551,Jersey,JE,-41.145458,161.441988
979,Genoveva,Koelpin,jaydon51@gmail.com,12076283554,1984-07-20,female,http://ondricka.info,http://placeimg.com/640/480/people,82036 Hammes Mount Suite 285,Friesen Corner,61815,East Gardner,14976-0616,St. Kitts & Nevis,KN,-14.25368,154.836364
980,Edd,Schroeder,hipolito13@hotmail.com,16317054268,1984-05-29,male,http://stoltenberg.com,http://placeimg.com/640/480/people,64227 Haley Rapids Apt. 695,Hudson Tunnel,95474,East Brentburgh,38890-9064,Ethiopia,ET,81.379745,16.225032
981,Dasia,Murray,rcrona@yahoo.com,14193746534,1953-10-27,female,http://strosin.com,http://placeimg.com/640/480/people,1700 Upton Bypass,Jayson Place,205,New Pollyberg,60682,Malta,MT,-67.137984,-80.035609
982,Suzanne,Considine,olen03@emmerich.com,17859474563,1949-09-29,female,http://mueller.org,http://placeimg.com/640/480/people,376 Afton Mountain Suite 235,Keith Green,52970,West Jules,67412-0954,Lesotho,LS,-5.181212,-159.043488
983,Andreane,Brown,stamm.lavon@graham.biz,19528088091,2018-12-12,female,http://morissette.com,http://placeimg.com/640/480/people,2563 Calista Port,Murray Mountain,8418,Port Evans,74517,Taiwan,TW,46.40921,112.153995
984,Mertie,O'Hara,marlee34@hotmail.com,16806782377,2025-09-17,female,http://mosciski.com,http://placeimg.com/640/480/people,319 Chanel Stravenue Suite 039,Gutkowski Avenue,746,Georgetteport,83392,North Macedonia,MK,21.791003,-128.03335
985,Laury,Langosh,doyle.abigayle@price.biz,13027218271,1979-10-04,female,http://schmitt.com,http://placeimg.com/640/480/people,909 Kuvalis Club Suite 290,Brando Parks,974,West Gregg,76421,Cuba,CU,77.160409,-37.261378
986,Desiree,Mayer,hkilback@gmail.com,18308619485,1955-05-03,female,http://beahan.net,http://placeimg.com/640/480/people,50277 Dewayne Mission,Schulist Vista,8015,West Nicoleville,56315,South Georgia & South Sandwich Islands,GS,56.177928,-46.203272
987,Beth,Mann,rosalind14@considine.biz,14634547104,1987-12-11,female,http://mcclure.com,http://placeimg.com/640/480/people,711 Hane Inlet,Harry Freeway,9439,New Herminafort,33771-8681,Sudan,SD,61.418819,-135.627756
988,Filiberto,Hickle,ypurdy@yahoo.com,19377795771,1993-11-14,male,http://sporer.biz,http://placeimg.com/640/480/people,14177 Sylvia Street Suite 186,Kuhn Corner,3244,Lake Troy,21509-6840,Netherlands,NL,-42.38628,101.716753
989,Hollis,Prohaska,devin.altenwerth@nolan.com,13806605350,1992-04-07,male,http://rau.com,http://placeimg.com/640/480/people,550 Maegan Street,Annabell Mountain,40010,South Juliusfort,53560,United Arab Emirates,AE,27.809948,-87.126429
990,Jacinto,Cole,wauer@hotmail.com,13162215528,1946-10-26,male,http://mertz.com,http://placeimg.com/640/480/people,526 Kautzer Harbor,Al Locks,5759,West Maximilianton,18797,St. Helena,SH,-8.822486,-130.26674
991,Uriel,Bruen,smitham.osborne@weissnat.com,13808029118,1951-10-02,male,http://jacobs.com,http://placeimg.com/640/480/people,886 Nikolaus Extensions,Chadrick Falls,3732,West Jedidiah,07997-2048,Israel,IL,36.222526,124.557275
992,Amara,Murazik,zrogahn@gmail.com,12678346734,1943-02-05,female,http://hartmann.com,http://placeimg.com/640/480/people,11869 Sabina Tunnel Apt. 957,Tromp Key,444,Batzbury,61668-9052,Denmark,DK,23.493861,139.834515
993,Shanie,Pfannerstill,arvid57@gmail.com,12186950655,2023-10-06,female,http://hammes.org,http://placeimg.com/640/480/people,258 Kohler Meadows,Myrna Mount,992,Ambermouth,57272,Ukraine,UA,-29.363818,92.824501
994,Macy,O'Hara,hackett.gracie@hauck.com,17343999489,1964-08-30,female,http://beier.net,http://placeimg.com/640/480/people,104 Elisha Route,Torp Lights,40346,South Susie,04271-4441,Nigeria,NG,-35.197494,-141.247995
995,Ladarius,Weber,blanca.emmerich@crooks.info,17857488436,2022-06-04,male,http://wunsch.com,http://placeimg.com/640/480/people,46096 Lockman Branch,Hamill Harbor,8097,North Dortha,87013,St. Martin,MF,-76.751062,-71.401179
996,Orval,Ruecker,aspencer@beier.org,12313650940,2012-05-02,male,http://luettgen.com,http://placeimg.com/640/480/people,693 Rippin Spur Apt. 081,Brice Pines,323,Leannonborough,91681-0348,Zimbabwe,ZW,26.654406,-87.270773
997,Oleta,Klein,reanna.padberg@reilly.org,17815455523,2019-03-03,female,http://schoen.org,http://placeimg.com/640/480/people,67653 Douglas Light Suite 405,Hyatt Valleys,162,Lynchshire,13753-2217,Vanuatu,VU,-3.720596,-162.077167
998,Fanny,Littel,reinger.shayne@smith.com,16264495924,1963-07-07,female,http://anderson.info,http://placeimg.com/640/480/people,70172 Alivia Ferry Apt. 272,Purdy Mountains,6560,O'Connellmouth,80962-4706,Fiji,FJ,-76.50151,7.169289
999,Mathew,O'Connell,batz.caitlyn@gmail.com,18789554574,2006-07-14,male,http://stoltenberg.com,http://placeimg.com/640/480/people,5439 Steve Rue Suite 218,Stiedemann Plains,3152,South Irvingfort,95737,St. Martin,MF,-55.914251,173.637609
1000,Vern,Wisoky,xkoss@hotmail.com,15596422912,1948-02-05,male,http://corkery.com,http://placeimg.com/640/480/people,41751 Towne Manor,Smitham Fall,49708,Fabiolabury,22499,Türkiye,TR,-33.335357,48.761737
